"species","utah","urban"
1,843.764407748037,1
1,891.097820174171,1
1,788.570254313828,1
1,857.670123354012,1
1,1039.75954508163,0
1,1131.03108246287,0
1,883.957003454895,1
1,1080.06682841324,0
1,816.211824488024,1
1,846.639205879986,1
1,872.967956458519,1
1,867.87734504729,1
1,824.029052419581,1
1,1069.97002957592,0
1,821.266230252825,1
1,905.630755688832,1
1,865.96727551172,1
1,1059.3331314881,0
1,827.891696454311,1
1,799.66520860123,1
1,1074.32771217656,0
1,875.627994192892,1
1,1035.01383839421,0
1,1016.05162125619,0
1,1086.77949066241,0
1,1036.66185839152,0
1,791.692308700595,1
1,1020.72483124424,0
1,807.44436206572,1
1,818.330450158336,1
1,833.160586323441,1
1,789.453810350038,1
1,1061.98011863286,0
1,842.516379816729,1
1,820.238469800377,1
1,1088.226424259,0
1,895.910337473777,1
1,909.054671744351,1
1,834.35495039986,1
1,827.157564800884,1
1,830.885701664489,1
1,902.150668310228,1
1,1120.2151900871,0
1,1024.78090545345,0
1,995.378211812705,0
1,1029.68679258141,0
1,1072.97942633665,0
1,817.462797584265,1
1,1059.58828700528,0
1,813.880666197515,1
1,817.677865741435,1
1,1109.30802196904,0
1,1012.55901955516,0
1,798.650001602615,1
1,1062.40733254706,0
1,855.361602184766,1
1,1090.01119525902,0
1,1078.73426296433,0
1,821.440103072954,1
1,890.497152354943,1
1,1056.6519169778,0
1,792.79093422963,1
1,1078.08915309894,0
1,811.669026430055,1
1,837.255331932995,1
1,1023.25983538953,0
1,1064.43434739634,0
1,860.471944799273,1
1,1042.15994032693,0
1,1025.91326195996,0
1,1083.46838765145,0
1,996.070541024494,0
1,841.729347585594,1
1,878.325826929698,1
1,819.510773428149,1
1,1075.91292696511,0
1,1033.78021814957,0
1,1036.10138741403,0
1,1043.29883310288,0
1,815.593215836675,1
1,1000.71357223292,0
1,823.41704038004,1
1,1051.19374973259,0
1,1008.16618059464,0
1,828.998520744397,1
1,813.445888666864,1
1,848.560860652156,1
1,1023.95129148252,0
1,849.840055451013,1
1,885.99906798403,1
1,1059.60179613097,0
1,1069.89487813968,0
1,1023.66090601595,0
1,1024.19236574232,0
1,798.209557188124,1
1,803.630087439583,1
1,848.299346030239,1
1,860.595466620297,1
1,846.094113160701,1
1,837.532883710464,1
1,1077.06325724514,0
1,875.962016702856,1
1,838.040213966813,1
1,1046.74638921187,0
1,886.60487439256,1
1,894.470559049388,1
1,1035.66526594318,0
1,822.450242415329,1
1,1039.43924920936,0
1,806.569043094008,1
1,831.734012995088,1
1,1056.10428478408,0
1,863.136609918293,1
1,793.084441794054,1
1,1016.33559530918,0
1,1030.2691721265,0
1,1063.98592607491,0
1,1059.71125408688,0
1,1011.85570892286,0
1,833.099584904666,1
1,797.962294093661,1
1,1095.37620122416,0
1,814.276251916595,1
1,1002.63606018484,0
1,1038.74750729878,0
1,1006.02072710503,0
1,848.860823556886,1
1,1020.87195077753,0
1,837.445944157051,1
1,847.777387185524,1
1,859.327338939579,1
1,843.001296423006,1
1,847.53341832447,1
1,1032.89967024613,0
1,810.645833375309,1
1,1053.84488116701,0
1,852.887184787556,1
1,814.248211208306,1
1,1015.97499385816,0
1,834.411432171224,1
1,1036.64854646569,0
1,848.216620150807,1
1,1058.473460311,0
1,860.513197820744,1
1,1071.79971936579,0
1,774.295110639729,1
1,855.059104132132,1
1,1017.84241186301,0
1,1091.25893758114,0
1,839.274757371774,1
1,876.388910139993,1
1,813.057305554381,1
1,1051.31513127203,0
1,1026.35822775801,0
1,1031.5920533506,0
1,1029.51396297558,0
1,850.543689313125,1
1,825.89478406345,1
1,1091.51569442202,0
1,1043.46233493652,0
1,779.091655998544,1
1,1014.42251964401,0
1,1001.04491669192,0
1,1021.6077246399,0
1,878.331000482584,1
1,1015.38188222105,0
1,1082.86702238696,0
1,1046.69781819592,0
1,1067.65874087611,0
1,873.325409161009,1
1,827.551315219992,1
1,875.300858948286,1
1,811.452390305031,1
1,851.085764424091,1
1,1068.36347561988,0
1,1039.99138363604,0
1,850.908779980245,1
1,793.233574656931,1
1,1008.06995555688,0
1,856.116107663074,1
1,843.143370202364,1
1,850.905631384354,1
1,833.042075824255,1
1,818.756660874957,1
1,842.806863233984,1
1,1029.81808427824,0
1,1079.70844575116,0
1,1064.72242519295,0
1,833.846680621133,1
1,826.91425824879,1
1,1074.36173361941,0
1,1045.20394893901,0
1,824.431308524001,1
1,980.461039378459,0
1,1027.66121818546,0
1,1033.53086761762,0
1,825.201758023434,1
1,1016.02426607012,0
1,809.78131341085,1
1,1055.25425092086,0
2,1123.24491571472,0
2,907.531615552649,1
2,1057.34110191459,0
2,1142.00645051025,0
2,1008.13161051231,1
2,1078.48671200914,0
2,1087.82830226471,0
2,1082.61927325422,0
2,963.781940329908,1
2,1136.43472818556,0
2,1100.68084223145,0
2,1064.34729912354,0
2,985.176312902453,1
2,1095.91834491616,0
2,977.887099306042,1
2,952.168972063822,1
2,1111.79351882238,0
2,1084.97582714425,0
2,1124.89201532753,0
2,934.608675110629,1
2,1071.0948390296,0
2,948.600469637952,1
2,1006.86764413959,1
2,1032.99953919769,0
2,1088.47919195352,0
2,979.578486741319,1
2,982.090925579781,1
2,1102.90197476395,0
2,920.616435265445,1
2,975.702652074908,1
2,956.320333081919,1
2,1080.52646653515,0
2,969.731733387043,1
2,991.420890439604,1
2,1094.05325400352,0
2,963.847865701396,1
2,935.883522780107,1
2,943.646430565951,1
2,1068.65899468647,0
2,988.575799037068,1
2,1106.19323600301,0
2,967.614857193058,1
2,893.44697013475,1
2,1137.57779321735,0
2,1032.38905702966,0
2,901.328629652773,1
2,985.051219621141,1
2,1117.1442208409,0
2,1133.76445298929,0
2,1132.92303508759,0
2,1055.94934408967,0
2,1072.32001237732,0
2,1114.45247348687,0
2,1115.64912594961,0
2,949.061835998886,1
2,1079.03889958131,0
2,1060.75889267423,0
2,930.62852688779,1
2,930.629517081272,1
2,999.461475710616,1
2,960.454126281615,1
2,1111.21460207772,0
2,1091.32840599116,0
2,1061.50256827129,0
2,1070.04652478253,0
2,910.087163011569,1
2,1129.950910764,0
2,1083.23754668983,0
2,919.940125278877,1
2,995.270121995554,1
2,962.845116208558,1
2,960.510539069823,1
2,921.379112942217,1
2,971.590809883555,1
2,963.649691539204,1
2,888.283771066415,1
2,1123.23647139971,0
2,882.140869901042,1
2,953.40124440905,1
2,1107.58975369534,0
2,1090.48367012099,0
2,948.680931204594,1
2,997.927829676241,1
2,1019.13685103425,0
2,1117.42576607796,0
2,1135.79626381135,0
2,942.338949585245,1
2,1043.64553557871,0
2,954.182324362226,1
2,960.35600067251,1
2,1070.52446046708,0
2,1095.40182558898,0
2,997.679465411455,1
2,955.552299037,1
2,1061.51891165026,0
2,950.598331309001,1
2,985.824701288531,1
2,1105.53148725176,0
2,961.823500711516,1
2,927.148129709652,1
2,947.307366736849,1
2,1119.47137216569,0
2,934.715439360031,1
2,955.400502647513,1
2,914.894824515121,1
2,1082.91894156925,0
2,954.389633279156,1
2,943.019670874962,1
2,888.296930878234,1
2,966.345743060628,1
2,953.64435083997,1
2,1092.47803448573,0
2,932.530366747187,1
2,943.299897770858,1
2,934.899466259162,1
2,988.470450649054,1
2,1108.99536052206,0
2,970.362217387301,1
2,1118.3335782041,0
2,1089.01242398511,0
2,963.454419799842,1
2,940.873809500213,1
2,1086.76232444444,0
2,978.583872074304,1
2,1118.67942623378,0
2,908.667966493148,1
2,975.366143065919,1
2,926.095172143533,1
2,958.362385296664,1
2,936.205368686403,1
2,1106.56972547777,0
2,947.598086390547,1
2,1111.44142140556,0
2,1047.9476471138,0
2,973.346939546029,1
2,907.236431190393,1
2,1078.57156280103,0
2,1089.37369432227,0
2,924.387717699125,1
2,963.476176630744,1
2,925.504955998698,1
2,907.368870105672,1
2,957.444526877607,1
2,936.00011083047,1
2,1119.89268901988,0
2,984.614094179774,1
2,1078.01417570211,0
2,977.38019641484,1
2,1082.38004942559,0
2,882.587159151628,1
2,917.115151954045,1
2,987.153671828755,1
2,931.456936506043,1
2,1097.59307954801,0
2,1136.49588643774,0
2,908.095881963763,1
2,906.258982999078,1
2,1100.53392543679,0
2,1019.72734717807,0
2,999.835652847567,1
2,916.699047253528,1
2,1096.68283294657,0
2,1013.49106461543,0
2,1087.74361866374,0
2,990.883973828605,1
2,920.530071942557,1
2,1093.43357048754,0
2,958.39959090321,1
2,1149.55000599206,0
2,1069.34535916392,0
2,1086.88724071766,0
2,958.267958985846,1
2,1016.39410785337,1
2,1064.95430791164,0
2,973.260625939621,1
2,1127.41467599606,0
2,1109.4419619444,0
2,962.699571492412,1
2,951.97379684384,1
2,948.139887329323,1
2,1048.01137509197,0
2,983.616361751402,1
2,1156.24940234148,0
2,963.537948440905,1
2,906.683099751047,1
2,897.285281914071,1
2,1099.4445154689,0
2,913.108453245024,1
2,908.079182056144,1
2,1116.49951866808,0
2,1044.50237787323,0
2,1088.16538231359,0
2,933.743170432784,1
2,917.969202011167,1
2,943.133035585239,1
2,1109.30399372323,0
2,926.935594636267,1
2,945.244751354036,1
2,997.098886481868,1
2,1011.08429917767,1
3,1148.77516099671,0
3,1178.00777383368,0
3,984.33038914084,1
3,1284.33977358925,0
3,943.748824214088,1
3,1188.43637600576,0
3,1229.38507773465,0
3,1008.00082149356,1
3,1176.14633733619,0
3,1217.17766904697,0
3,1233.55514373344,0
3,1288.56046847613,0
3,988.718194062709,1
3,1188.73657118429,0
3,1003.84521521264,1
3,1239.70881467283,0
3,965.949837466539,1
3,959.3987106399,1
3,988.785264670859,1
3,932.59535254555,1
3,961.191757610555,1
3,1242.79678952468,0
3,1003.18807557395,1
3,1224.41439095344,0
3,1192.3184714704,0
3,1240.29811700865,0
3,1186.62211988765,0
3,1182.05371574875,0
3,941.551157349107,1
3,1243.46840425586,0
3,1237.47325714442,0
3,1213.27604761921,0
3,911.342553199885,1
3,952.583779199672,1
3,1207.32898142304,0
3,1234.15722785298,0
3,930.287044838004,1
3,911.272342989228,1
3,1186.62394810925,0
3,1264.92743331955,0
3,936.287942722501,1
3,950.81859735455,1
3,948.147008831532,1
3,1212.56810457707,0
3,1196.14360885603,0
3,975.647963075916,1
3,952.478002964293,1
3,1237.83009412802,0
3,982.91208858659,1
3,949.324040024873,1
3,1284.49987804094,0
3,1198.22389374579,0
3,985.368026134495,1
3,968.675390121184,1
3,935.542037104075,1
3,909.976072410467,1
3,1230.74188713886,0
3,1227.46144676198,0
3,1004.98181628735,1
3,996.258653563894,1
3,1177.67860788864,0
3,1210.07931298714,0
3,1014.8654170199,1
3,1025.69979998226,1
3,1188.93337014256,0
3,979.801613824689,1
3,1012.00916716026,1
3,953.197608539819,1
3,989.089881955081,1
3,1009.03600143339,1
3,953.997581463899,1
3,974.175462232529,1
3,977.458184339954,1
3,976.873889060228,1
3,1259.21604585813,0
3,968.107657471258,1
3,1243.05496901917,0
3,1030.09022067983,1
3,966.126379717405,1
3,1178.92846651203,0
3,948.9627262188,1
3,1210.69500583519,0
3,968.190884709879,1
3,1012.64618350696,1
3,959.205367232942,1
3,1216.89818061796,0
3,1301.0058391085,0
3,1227.46915766567,0
3,982.41232429526,1
3,1216.23208420894,0
3,1251.62872169866,0
3,981.829304663962,1
3,1198.56877653541,0
3,978.062744472459,1
3,991.813880053895,1
3,999.618821842352,1
3,961.373183085856,1
3,942.144190317731,1
3,987.246879602563,1
3,1010.75890677581,1
3,1239.44282979993,0
3,1232.79233852993,0
3,934.846922343072,1
3,1044.40239988182,1
3,940.352110870267,1
3,1170.91201887363,0
3,1254.03972551093,0
3,982.630476698857,1
3,1228.51050116355,0
3,1191.02508976404,0
3,1272.82352011852,0
3,973.308981659,1
3,1230.93027720903,0
3,945.231628589863,1
3,1194.57711526754,0
3,950.391659237613,1
3,960.247120348361,1
3,963.459997947535,1
3,909.361331144927,1
3,1200.04831627676,0
3,1242.15173513507,0
3,967.703793628589,1
3,1190.40671279564,0
3,1243.64336895103,0
3,1227.72283014868,0
3,985.239124350523,1
3,1178.51316510572,0
3,961.803390578097,1
3,954.033388088878,1
3,901.493239071125,1
3,966.61045609382,1
3,1232.62338196046,0
3,1212.88422505186,0
3,950.539387320252,1
3,1278.38733251227,0
3,942.731046382028,1
3,997.577687984364,1
3,957.322403998286,1
3,1294.28816623834,0
3,998.921109518548,1
3,982.285449221604,1
3,975.351442771912,1
3,1253.82377315312,0
3,943.250507833303,1
3,1217.16959079305,0
3,1287.62438508084,0
3,1206.19270707097,0
3,956.561252684899,1
3,1193.63599771894,0
3,988.812886534296,1
3,1034.70577434673,1
3,1204.26369879175,0
3,1187.62636605362,0
3,917.939953997903,1
3,1221.1142822395,0
3,1227.52043248853,0
3,996.13217070398,1
3,977.504035767471,1
3,1227.18414879196,0
3,1230.5324812153,0
3,1168.31248165593,0
3,985.31074012766,1
3,1181.59637895288,0
3,1240.57484408388,0
3,1002.72501546993,1
3,1226.35871188017,0
3,1008.60971609174,1
3,1052.32700740673,1
3,926.939076813096,1
3,914.170471556855,1
3,1213.72960571351,0
3,974.717407003993,1
3,969.868329852746,1
3,996.452363088356,1
3,969.598127019593,1
3,1003.34562303776,1
3,1184.87974362124,0
3,1187.39267344814,0
3,1240.18477631109,0
3,1209.853289679,0
3,928.484554675645,1
3,1174.7585187253,0
3,1249.70465660995,0
3,1285.52743518887,0
3,1177.75576815883,0
3,1213.47013069841,0
3,1211.93827422624,0
3,951.443699985888,1
3,931.476812033192,1
3,1200.78074662342,0
3,1022.06679319096,1
3,962.87939542921,1
3,978.985083824623,1
3,990.436971756263,1
3,982.379174868931,1
3,1233.95561558014,0
3,1248.79448324306,0
3,1203.57610664702,0
3,1206.8089420332,0
3,1230.07318303986,0
4,1079.94588352616,1
4,1064.93035494419,1
4,1164.02335938593,0
4,1092.25647588189,1
4,1096.80802847031,1
4,1179.86435566229,0
4,1031.34287189223,1
4,1216.40557098301,0
4,1144.52833843188,1
4,1241.81389037183,0
4,1100.27524975099,1
4,1052.57551435837,1
4,1190.12997828357,0
4,1271.00222719964,0
4,1075.23137120482,1
4,1081.04503899615,1
4,1256.28798242692,0
4,1033.39571688826,1
4,1240.1290424506,0
4,1242.00283431593,0
4,1071.23824436846,1
4,1083.94300056175,1
4,1040.98449680442,1
4,1210.19994721208,0
4,1070.60748620957,1
4,1120.64211281803,1
4,1223.21926508483,0
4,1233.13544927985,0
4,1094.60351653117,1
4,1083.36990696316,1
4,1252.97802302076,0
4,1212.21167257393,0
4,1292.96708083192,0
4,1294.91891258355,0
4,1092.78170497969,1
4,1229.50645416473,0
4,1086.64961698127,1
4,1080.94635432949,1
4,1201.3805662033,0
4,1253.77205866969,0
4,1096.84903444554,1
4,1199.31276445295,0
4,1090.95422581885,1
4,1186.27287761439,0
4,1093.48820958963,1
4,1241.79858145598,0
4,1084.08363637276,1
4,1079.244157312,1
4,1071.28555635203,1
4,1214.95372532694,0
4,1221.47218948749,0
4,1204.32924309316,0
4,1245.39440197796,0
4,1095.04921935185,1
4,1033.04446539848,1
4,1198.68759994998,0
4,1120.54495051201,1
4,1082.8399014904,1
4,1064.62214233173,1
4,1088.49634325633,1
4,1066.14311138948,1
4,1169.4633033271,0
4,1210.39862247867,0
4,1050.42531954333,1
4,1029.67005209242,1
4,1078.32058102913,1
4,1077.10983472329,1
4,1217.93114784275,0
4,1230.4379902878,0
4,1281.62206433618,0
4,1126.35405427553,1
4,1040.28245310739,1
4,1106.19964283052,1
4,1068.54912055873,1
4,1124.89477400642,1
4,1246.4839142319,0
4,1073.42858917833,1
4,1160.74707609158,0
4,1076.97721628069,1
4,1090.67682311833,1
4,1076.87444954847,1
4,1227.29043408167,0
4,1174.4156407882,0
4,1227.2708875104,0
4,1114.3382010928,1
4,1181.23813822039,0
4,1230.1319974063,0
4,1219.04261940914,0
4,1167.33297221513,0
4,1044.0216136696,1
4,1032.78859893178,1
4,1066.41250426031,1
4,1099.87964033751,1
4,1191.67497702272,0
4,1241.75000929867,0
4,1109.92785427802,1
4,1229.55751355162,0
4,1070.08777576027,1
4,1205.17254717432,0
4,1156.4762457803,0
4,1219.71978119148,0
4,1243.73422593507,0
4,1105.62121217051,1
4,1029.29497974112,1
4,1223.37671552992,0
4,1194.41432318123,0
4,1230.50801641423,0
4,1098.39887120569,1
4,1229.22947396842,0
4,1068.27768890736,1
4,1058.1691498544,1
4,1226.60997750461,0
4,1036.64728031328,1
4,1189.39892669814,0
4,1079.76902019528,1
4,1187.15170978508,0
4,1238.16060323058,0
4,1110.67572384091,1
4,1191.58084075181,0
4,1076.71216160922,1
4,1075.25836395471,1
4,1214.52006914968,0
4,1204.48671423793,0
4,1040.85350268029,1
4,1123.91509272386,1
4,1238.38629846033,0
4,1109.83382324203,1
4,1116.05741505432,1
4,1296.20624478182,0
4,1222.5821163488,0
4,1010.6063401562,1
4,1191.55844911531,0
4,1240.42990223763,0
4,1237.63901374201,0
4,1179.37192265062,0
4,1097.69802210501,1
4,1082.98172615528,1
4,1064.48858717076,1
4,1051.11693762735,1
4,1219.75768210754,0
4,1026.81014892366,1
4,1232.68488544977,0
4,1107.16462396013,1
4,1242.61762385794,0
4,1083.98227064701,1
4,1063.05404979476,1
4,1159.31433700322,0
4,1091.19467618416,1
4,1127.39176018668,0
4,1051.41133396064,1
4,1093.24154211726,1
4,1210.63293217099,0
4,1046.68069310893,1
4,1039.58384548133,1
4,1086.16766536971,1
4,1080.23215261507,1
4,1132.95804556435,1
4,1087.28879043642,1
4,1241.03591278563,0
4,1234.36729509723,0
4,1058.5188148823,1
4,1163.91950069734,0
4,1236.30990588713,0
4,1251.44545645409,0
4,1105.32848676704,1
4,1222.87871555058,0
4,1050.1675458681,1
4,1199.35598810909,0
4,1059.32220137086,1
4,1106.3538902627,1
4,1242.42930061523,0
4,1224.62123957125,0
4,1160.35219342762,1
4,1157.59280997734,0
4,1076.77965164092,1
4,1131.43223441068,1
4,1109.08109783339,1
4,1177.27590817648,0
4,1055.40114109618,1
4,1215.8789273384,0
4,1148.20424255223,1
4,1060.37405353527,1
4,1197.96906589698,0
4,1091.925986807,1
4,1223.89510600714,0
4,1084.53639780965,1
4,1073.23589853284,1
4,1217.75687070483,0
4,1159.61228429628,0
4,1295.45081839311,0
4,1071.78326697118,1
4,1077.05300719033,1
4,1268.21168561196,0
4,1226.04874343092,0
4,1166.85880341876,0
4,1171.81355692766,0
4,1080.07470404078,1
4,1185.94969793699,0
4,1205.96025596921,0
4,1079.08052867223,1
5,1291.0516470622,0
5,1042.1830934992,1
5,1028.15419984336,1
5,1111.67535305337,1
5,1070.48498382496,1
5,1083.07514359497,1
5,1315.99251130532,0
5,1287.40766683217,0
5,1096.92643642334,1
5,1229.64075606941,0
5,1294.04113373837,0
5,1061.00166573384,1
5,1051.07748100999,1
5,1037.37941436239,1
5,1271.64493287165,0
5,1028.56542032051,1
5,1285.64234160808,0
5,1315.689154748,0
5,1041.85435362893,1
5,1315.03673323955,0
5,1267.8337346371,0
5,1069.7815119691,1
5,1068.23163265315,1
5,1077.63115588919,1
5,1113.26568500836,1
5,1278.63867207587,0
5,998.557393554156,1
5,1315.62560134692,0
5,996.725053377088,1
5,1261.35689225847,0
5,1068.91781560426,1
5,1076.10841144847,1
5,1290.37371436658,0
5,1273.20911290656,0
5,1033.85689130306,1
5,1255.00753445935,0
5,1242.6997379179,0
5,1037.28399461606,1
5,1068.66098503872,1
5,1049.82160818773,1
5,1036.12292107344,1
5,1059.41065636057,1
5,1272.73240899386,0
5,1261.62561429411,0
5,1069.10202872843,1
5,1056.73868202406,1
5,1278.2594772217,0
5,1333.85606613014,0
5,1069.98020850953,1
5,1292.15562612892,0
5,1238.55807268114,0
5,1055.34120819922,1
5,1313.20748910424,0
5,1224.20234914033,0
5,1106.86150515258,1
5,1258.67482706821,0
5,1268.10385769292,0
5,1213.30201772489,0
5,1300.45386391157,0
5,1041.94863751298,1
5,1294.8943161742,0
5,1293.20120644154,0
5,1093.80281067191,1
5,1225.68245045329,0
5,1244.19358520144,0
5,1294.39936441741,0
5,1111.86972156211,1
5,1310.01877785383,0
5,1273.27231033339,0
5,1363.1040169961,0
5,1082.52457634637,1
5,1236.91466888897,0
5,1075.18980900506,1
5,1052.21124339346,1
5,1251.37500380054,0
5,1277.70947286068,0
5,1032.57302790567,1
5,1035.22524001849,1
5,1089.55648170993,1
5,1265.07263231654,0
5,1098.5326721444,1
5,1234.85121822016,0
5,1003.30901537257,1
5,1249.35396288906,0
5,1269.77610821281,0
5,1033.07591719359,1
5,1315.04149283145,0
5,1233.94786940976,0
5,1092.03746284768,1
5,1231.72698372576,0
5,1077.62069749943,1
5,1029.68772841647,1
5,1252.70403701995,0
5,1085.45108360886,1
5,1267.79698133659,0
5,1265.94245086189,0
5,1288.06036724327,0
5,1071.17162224026,1
5,1048.13156295964,1
5,1034.75667835228,1
5,1097.35685369332,1
5,1044.55937228451,1
5,1308.16322071958,0
5,1265.78246245836,0
5,1075.03452285205,1
5,1021.49849592395,1
5,1079.9333413179,1
5,1221.74241697501,0
5,1221.62028375027,0
5,1250.55405661335,0
5,1083.95720240921,1
5,1320.38079237606,0
5,1270.89685219532,0
5,1025.38440028675,1
5,1083.37177782922,1
5,1316.53052104544,0
5,1051.00090612458,1
5,1071.68271023284,1
5,1066.46723078934,1
5,1100.37581798943,1
5,1018.88661091673,1
5,1294.11509348517,0
5,1054.79590535974,1
5,1122.65728270719,1
5,1065.90318415522,1
5,1051.28986399519,1
5,1244.71147328643,0
5,1262.29682419816,0
5,1069.42416133975,1
5,1300.51817930571,0
5,1062.65902096655,1
5,1241.90694353827,0
5,1276.52410283079,0
5,1065.27431083897,1
5,1251.25427309736,0
5,1321.77763913658,0
5,1250.51360217972,0
5,1070.59656168164,1
5,1073.05369225005,1
5,1267.98189865957,0
5,1229.73227839348,0
5,1271.23396617733,0
5,1322.39100193499,0
5,1220.04961908963,0
5,1043.68241632636,1
5,1220.20787027523,0
5,1146.91058536639,1
5,1031.08504611248,1
5,1280.05354678248,0
5,1033.9432606411,1
5,1282.15166108604,0
5,1132.35688792456,1
5,1093.90247048292,1
5,1096.62181722899,1
5,1047.01489798985,1
5,1311.5274554484,0
5,1101.59729753879,1
5,1089.99289278136,1
5,1031.27029578327,1
5,1029.716375798,1
5,1041.66920864244,1
5,1037.24177783073,1
5,1280.21192751158,0
5,1029.84096089711,1
5,1253.72496321425,0
5,1077.38302167336,1
5,1262.28392943476,0
5,1294.633692617,0
5,1055.32191206332,1
5,1233.96475508544,0
5,1045.36853423026,1
5,1059.14756538665,1
5,1065.40925744568,1
5,1082.58184356517,1
5,1319.90272619963,0
5,1295.33928641442,0
5,1217.94738160878,0
5,1140.57267859795,1
5,1000.95117343485,1
5,1109.83122774105,1
5,1321.75802928653,0
5,1281.32137396352,0
5,1283.02928422692,0
5,1021.52134308739,1
5,1064.61900845073,1
5,1003.06079905463,1
5,1055.590859015,1
5,1273.42138749629,0
5,1044.7002101117,1
5,1226.58573666787,0
5,1058.77247470663,1
5,1270.26802626378,0
5,1070.23780686807,1
5,1077.31307718581,1
5,1296.42841502843,0
5,1254.68348028031,0
5,1060.58328257383,1
5,1244.85768900178,0
5,1076.0935430337,1
5,1057.22743609218,1
6,1222.36403218343,0
6,981.791534563094,1
6,937.760481147687,1
6,955.594461385018,1
6,1229.92638669521,0
6,955.157962356003,1
6,961.502077375375,1
6,1206.90322151475,0
6,1230.99039775569,0
6,1230.44752525802,0
6,971.011715083566,1
6,990.885552960954,1
6,1249.11865356156,0
6,917.187538554411,1
6,985.719339751388,1
6,985.243587754286,1
6,1280.63568194538,0
6,1219.8503007476,0
6,1202.8711590991,0
6,988.676562913054,1
6,928.021099185248,1
6,1200.09111772788,0
6,981.746396143948,1
6,984.321593193715,1
6,1017.73876316793,1
6,915.502324934297,1
6,1234.07438238206,0
6,1217.07841299287,0
6,1226.27120758247,0
6,1192.29225040654,0
6,974.404162037389,1
6,1264.08941246477,0
6,1261.9016015457,0
6,1208.24226081134,0
6,1191.19428812086,0
6,961.139854271009,1
6,1235.41404304253,0
6,1253.00483878081,0
6,1217.72279114124,0
6,1233.2394672129,0
6,1237.58323827741,0
6,1182.29137538555,0
6,1288.64689624387,0
6,1225.40502473418,0
6,1195.61305467417,0
6,1203.03444739898,0
6,1234.62251486619,0
6,961.029440556774,1
6,1209.02948704659,0
6,1202.67066295978,0
6,1233.53964577076,0
6,1222.70709104197,0
6,1247.09110390447,0
6,1197.67664935596,0
6,996.028638138952,1
6,1000.0714882893,1
6,967.319373185811,1
6,1207.73331990663,0
6,963.335385694669,1
6,971.516000257607,1
6,914.096508367058,1
6,1221.4664024557,0
6,1198.7756607934,0
6,949.620673602945,1
6,941.528222441994,1
6,1188.64136223939,0
6,1174.88434117395,0
6,930.119885899316,1
6,883.060761427262,1
6,921.027866688986,1
6,912.127523646427,1
6,1200.71408041536,0
6,1217.79006759789,0
6,1214.58115186741,0
6,995.600572202774,1
6,947.425758939357,1
6,969.560128425966,1
6,1234.54342506744,0
6,925.743408421158,1
6,982.894334184475,1
6,1177.28799914157,0
6,982.193844381266,1
6,985.800769340566,1
6,1218.11184727478,0
6,938.891404636226,1
6,1293.86722607044,0
6,1278.58791625568,0
6,921.571432365582,1
6,968.564693244114,1
6,904.41435974091,1
6,921.948359691299,1
6,1215.53250998048,0
6,1223.80675707503,0
6,894.848802638994,1
6,959.497600127862,1
6,951.636527084487,1
6,919.061538081369,1
6,955.804085944321,1
6,980.323432049951,1
6,1250.72702124158,0
6,978.313898062558,1
6,1231.69913779144,0
6,1160.44623084288,0
6,996.570555448147,1
6,1001.11794627975,1
6,1190.1609839317,0
6,999.335627677843,1
6,1218.3655637094,0
6,1274.4705986743,0
6,1227.68145009652,0
6,1224.65767796674,0
6,950.213120242881,1
6,956.312987039835,1
6,1225.25811903319,0
6,958.252991408403,1
6,1192.88503117538,0
6,1209.36547203362,0
6,1241.73343496607,0
6,1209.45825365515,0
6,956.509950275931,1
6,1189.84733061647,0
6,972.793643309701,1
6,968.136930785648,1
6,924.888402774918,1
6,947.795721822675,1
6,997.648507620374,1
6,921.409314877556,1
6,986.232149311917,1
6,1228.85072095566,0
6,956.694603524404,1
6,951.908348834792,1
6,1226.76184384315,0
6,958.206226891232,1
6,1228.30592365413,0
6,949.775491325186,1
6,1175.79551310397,0
6,1231.81522023912,0
6,1222.06844190593,0
6,942.901619992634,1
6,1239.65858071964,0
6,967.799115799053,1
6,1220.58668431948,0
6,889.467816206112,1
6,929.982306203134,1
6,1224.98986871689,0
6,1145.41762276721,0
6,1270.15622463589,0
6,980.985964867296,1
6,1177.98959586774,0
6,1238.3161687187,0
6,912.755222136809,1
6,941.819255452754,1
6,984.822588550676,1
6,1223.49567006936,0
6,1266.87558616167,0
6,1253.16578867786,0
6,930.776732114523,1
6,938.947630615451,1
6,1228.86027391032,0
6,1212.87237319408,0
6,918.726213968377,1
6,1171.4797956832,0
6,1240.37270105247,0
6,1190.3362210898,0
6,983.171458348296,1
6,982.806468349494,1
6,1210.60644693093,0
6,1162.19587886299,0
6,940.225281680857,1
6,1011.31865582818,1
6,1232.47402949559,0
6,951.132564390423,1
6,1212.65333282526,0
6,949.506752861851,1
6,1008.19909614619,1
6,956.97933182583,1
6,1002.4715098635,1
6,1262.78932156453,0
6,941.675050872548,1
6,911.538798951051,1
6,1202.69572701649,0
6,1254.48739495791,0
6,1220.23314390219,0
6,971.56260513919,1
6,952.008278593989,1
6,980.226070445355,1
6,1213.00498969582,0
6,966.35556515171,1
6,1022.9321729992,1
6,966.227578483537,1
6,1233.85721892893,0
6,894.546883007106,1
6,875.424902176659,1
6,1183.47202712767,0
6,961.387983676755,1
6,1254.59579198345,0
6,967.198310919327,1
6,988.392022522503,1
6,954.483400011158,1
6,1252.95508230102,0
7,793.833083546294,1
7,737.289673498413,1
7,894.811549635519,0
7,945.190461062932,0
7,779.279525544183,1
7,926.042555377609,0
7,906.14114610695,0
7,753.848317361626,1
7,676.909127760419,1
7,928.925539811171,0
7,732.060377627019,1
7,881.723725540067,0
7,890.351727638735,0
7,938.079853644179,0
7,929.296219499476,0
7,729.344199957995,1
7,780.713660907705,1
7,761.106565862545,1
7,924.570535259124,0
7,737.119753184588,1
7,789.780950659226,1
7,922.792662857371,0
7,926.895373772923,0
7,806.449530056145,1
7,935.612384578918,0
7,739.2494233559,1
7,765.779371175475,1
7,931.853187565377,0
7,949.152252298844,0
7,765.998341635878,1
7,915.351560593476,0
7,752.598962147021,1
7,755.968840629027,1
7,912.480185080281,0
7,807.702947595415,1
7,978.732660490103,0
7,915.974043804084,0
7,728.130211486285,1
7,758.45887201716,1
7,929.195737969684,0
7,903.192133116513,0
7,888.679674781965,0
7,854.720813416016,0
7,703.726820955754,1
7,931.219035043945,0
7,768.817912885792,1
7,928.217822338385,0
7,711.78038705075,1
7,960.195981106581,0
7,791.448257312628,1
7,795.994006287327,1
7,720.407576370765,1
7,923.123176050654,0
7,907.679519259505,0
7,765.687239586821,1
7,789.453996075974,1
7,947.991938992951,0
7,963.04999772112,0
7,754.269063125178,1
7,808.107877085728,1
7,955.081657767326,0
7,943.890079547877,0
7,755.760301805616,1
7,756.241269573256,1
7,749.661091458134,1
7,745.739143270654,1
7,903.116932573765,0
7,759.467515014931,1
7,733.566727558603,1
7,914.048116392405,0
7,741.072170834708,1
7,928.670063689294,0
7,778.76628019153,1
7,929.803351971685,0
7,922.777644335248,0
7,716.896781031887,1
7,821.306823409617,1
7,717.701576455479,1
7,768.620630011712,1
7,798.515720164199,1
7,726.101069530363,1
7,791.258143963483,1
7,757.057117463338,1
7,920.63293201501,0
7,740.797347626731,1
7,688.805687955194,1
7,764.798745342423,1
7,921.076215270166,0
7,921.359625661059,0
7,946.889474595255,0
7,780.251675935154,1
7,911.63871126411,0
7,958.288926659971,0
7,919.058096198088,0
7,735.354632473407,1
7,942.200334794103,0
7,770.213376287385,1
7,765.267373095524,1
7,756.708529676996,1
7,765.878397896293,1
7,963.56317771418,0
7,937.338442440683,0
7,803.33133079363,1
7,783.267105972868,1
7,917.393718101257,0
7,769.625101900006,1
7,875.600514801983,0
7,724.394190658622,1
7,758.17770253525,1
7,905.366073055519,0
7,798.439138352245,1
7,825.812210327636,1
7,898.751253758306,0
7,808.643763348412,1
7,707.417412607548,1
7,929.756368807064,0
7,953.101547594134,0
7,874.869616995078,0
7,866.075193624831,0
7,733.981169585625,1
7,957.586726944299,0
7,956.58901262997,0
7,749.488985590154,1
7,712.271959622679,1
7,782.726630238799,1
7,908.954192776083,0
7,790.799803345645,1
7,772.401008100832,1
7,754.96654728281,1
7,760.765788524222,1
7,903.101526947514,0
7,789.764643632401,1
7,911.227817488898,0
7,802.289096538787,1
7,932.190920858922,0
7,897.389294992164,0
7,739.530945971173,1
7,796.348188669599,1
7,961.27606098517,0
7,885.397598805621,0
7,757.297393227221,1
7,781.24133174806,1
7,924.598408531597,0
7,925.773749075506,0
7,741.00887297371,1
7,756.998484146005,1
7,912.30777795748,0
7,770.28112179983,1
7,738.717740539704,1
7,772.52419334389,1
7,889.290947562688,0
7,744.110933463071,1
7,726.631056728304,1
7,744.595680815628,1
7,929.760245906621,0
7,731.325165819792,1
7,922.815079151645,0
7,717.497025083273,1
7,957.857893302988,0
7,826.795801841919,1
7,802.60036924758,1
7,948.786283409945,0
7,746.590259962598,1
7,740.846138676805,1
7,924.823293903182,0
7,968.314524671984,0
7,757.876668179119,1
7,942.532756046001,0
7,961.077133704172,0
7,771.003541711742,1
7,762.217560521509,1
7,737.527557219784,1
7,715.647950245582,1
7,728.329775524683,1
7,784.012843814673,1
7,878.116906266808,0
7,931.915659505446,0
7,954.729747902711,0
7,892.330821157542,0
7,909.779707536285,0
7,890.221654472031,0
7,919.95604897272,0
7,877.50929410249,0
7,873.919122606497,0
7,740.990157868905,1
7,886.805883084808,0
7,776.661142700423,1
7,945.12648419642,0
7,750.571094579445,1
7,832.390530464703,1
7,744.227545851432,1
7,912.368941849739,0
7,875.893721355388,0
7,763.442913139952,1
7,750.471148504874,1
7,791.92671698792,1
7,723.784653081309,1
7,787.579875369534,1
7,891.587989645801,0
7,794.068245452013,1
8,1261.03664895995,0
8,1204.37901099913,0
8,1233.73622761018,0
8,1289.19559432472,0
8,1237.75900568303,0
8,1174.64007145501,0
8,1247.42363055918,0
8,1267.11896563664,0
8,1276.84677808626,0
8,1265.99948720983,0
8,1014.9681966784,1
8,1093.22944744039,1
8,1030.55978029686,1
8,1087.96476294036,1
8,1210.56768698998,0
8,1205.85577347404,0
8,1084.84433750269,1
8,1041.2678936905,1
8,1257.5602545968,0
8,1115.5066186791,1
8,1104.3536249258,1
8,1248.84841536565,0
8,1222.77149106106,0
8,1223.89229826559,0
8,1261.28443309453,0
8,1130.4933971791,1
8,1135.60588427022,1
8,1075.39341803211,1
8,1201.75154060555,0
8,1119.63174603841,1
8,1270.26880583042,0
8,1125.35919404838,1
8,1073.5729883667,1
8,1235.05365966959,0
8,1123.72535720136,1
8,1103.79744435096,1
8,1036.79392946835,1
8,1127.01531441476,1
8,1202.67410279787,0
8,1071.55374519359,1
8,1248.12893614967,0
8,1227.0681282557,0
8,1228.19681264822,0
8,1150.18746679715,1
8,1277.873204185,0
8,1146.21032441885,1
8,1097.92926015027,1
8,1265.99511776701,0
8,1230.73217613336,0
8,1212.9547655036,0
8,1072.46313729842,1
8,1204.71024710165,0
8,1269.4009096185,0
8,1290.50059195358,0
8,1137.17915320118,1
8,1234.02899397407,0
8,1192.44711517994,0
8,1090.11551636549,1
8,1213.67308454689,0
8,1268.71254309688,0
8,1239.17680057238,0
8,1082.95821035632,1
8,1124.6212905823,1
8,1221.57403889473,0
8,1081.50466245199,1
8,1270.60424558391,0
8,1276.08623349801,0
8,1219.63058637398,0
8,1158.07117513867,1
8,1236.99720196124,0
8,1114.25201205882,1
8,1140.88118675815,1
8,1126.0414849215,1
8,1144.32662432719,1
8,1129.18925784467,1
8,1101.04830562223,1
8,1205.4117195877,0
8,1120.9350449898,1
8,1070.6834733507,1
8,1076.01523530801,1
8,1244.28145351982,0
8,1235.32091161536,0
8,1293.41803838656,0
8,1128.79598494752,1
8,1239.03596069765,0
8,1088.52823226401,1
8,1251.48191456901,0
8,1092.6397664408,1
8,1066.19634533428,1
8,1115.76704815429,1
8,1219.71251280026,0
8,1110.76932882548,1
8,1207.98707237994,0
8,1262.63071687751,0
8,1108.78910524436,1
8,1122.0975003034,1
8,1258.58565142258,0
8,1256.08692456239,0
8,1093.52310506229,1
8,1257.37885719389,0
8,1089.40241492478,1
8,1136.49858863552,1
8,1102.59407255938,1
8,1125.40395434215,1
8,1225.84305734181,0
8,1208.08723490404,0
8,1107.43768873867,1
8,1142.8616844877,1
8,1219.56362280601,0
8,1237.42162387012,0
8,1225.9672183934,0
8,1224.718649361,0
8,1236.42978274009,0
8,1211.77928436172,0
8,1113.51683575364,1
8,1219.73632468864,0
8,1248.27326906225,0
8,1245.42945375484,0
8,1226.77995504904,0
8,1276.33089094052,0
8,1094.82726199079,1
8,1147.09401891055,1
8,1231.17516066904,0
8,1282.10899255487,0
8,1084.18714307431,1
8,1098.91778940791,1
8,1208.07025259951,0
8,1121.82801392809,1
8,1281.62048418364,0
8,1139.659256013,1
8,1263.22752774347,0
8,1114.10384596504,1
8,1138.32794260818,1
8,1205.22934181204,0
8,1046.66704590937,1
8,1268.45517198278,0
8,1249.1198123218,0
8,1235.74980107869,0
8,1077.20072531256,1
8,1095.1739214981,1
8,1229.34699352487,0
8,1192.04897987991,0
8,1266.34843971757,0
8,1073.89661769146,1
8,1236.73239886078,0
8,1108.23543529672,1
8,1039.59925018527,1
8,1288.68468553329,0
8,1286.04623187397,0
8,1138.85332730228,1
8,1258.97142516437,0
8,1310.44896439306,0
8,1235.16292102928,0
8,1129.96658826875,1
8,1103.52829693018,1
8,1240.45130072051,0
8,1156.43197802133,1
8,1198.59183614269,1
8,1247.19545175857,0
8,1273.33844914924,0
8,1210.39383996566,0
8,1103.33556655407,1
8,1067.89032422045,1
8,1207.00140239574,0
8,1147.50492491609,1
8,1113.6404932244,1
8,1130.06705071319,1
8,1220.95133534794,0
8,1100.51907811636,1
8,1202.75162550218,0
8,1280.22264213771,0
8,1179.98604843895,1
8,1099.32990394908,1
8,1097.47591289273,1
8,1229.40255986456,0
8,1072.15931080844,1
8,1228.31308113699,0
8,1177.78113318314,0
8,1089.74526549551,1
8,1222.29761265469,0
8,1252.31377222064,0
8,1074.86003692918,1
8,1244.95024019794,0
8,1100.62342234647,1
8,1110.20503592561,1
8,1101.01285590051,1
8,1090.460574647,1
8,1168.27707193041,1
8,1259.35869966825,0
8,1111.18902739426,1
8,1104.45202309626,1
8,1127.64627475464,1
8,1234.24895818347,0
8,1173.36361846405,0
8,1251.19386657024,0
8,1120.78031443029,1
8,1265.81999738733,0
8,1132.36320981784,1
8,1076.90395566171,1
8,1098.19731165852,1
9,1015.67309376509,0
9,1019.53146336026,0
9,828.024700384993,1
9,1052.0293789705,0
9,1066.46315932581,0
9,1032.2156830658,0
9,1079.56539646472,0
9,841.087346418973,1
9,867.760972568648,1
9,1128.16778929048,0
9,850.426122702583,1
9,834.13571646109,1
9,849.965450170536,1
9,869.349999219441,1
9,842.178882316801,1
9,857.375108454268,1
9,839.615639179559,1
9,863.819247765009,1
9,1058.05465285932,0
9,1078.14613514381,0
9,854.328857066949,1
9,824.772299229366,1
9,853.093634379662,1
9,849.852551600199,1
9,873.980774585678,1
9,1027.97962220676,0
9,843.545693005286,1
9,1089.26374196929,0
9,1090.62518843492,0
9,1109.91290880677,0
9,1042.62322275874,0
9,979.056051679252,0
9,852.621972504613,1
9,888.325650966198,1
9,1073.636245238,0
9,825.665695196805,1
9,879.952198631299,1
9,1060.6662588607,0
9,852.61713858131,1
9,864.920496175001,1
9,1032.61602888094,0
9,1054.72187609345,0
9,1018.38462237309,0
9,1004.11317316421,0
9,865.492264205,1
9,1068.83862762361,0
9,1051.00062078767,0
9,1044.29556735316,0
9,1028.77705733761,0
9,995.581129737807,0
9,860.176214749908,1
9,1043.06653429028,0
9,999.388119374015,0
9,877.259911742582,1
9,858.239079646629,1
9,824.148597950482,1
9,822.088833373052,1
9,836.875033690275,1
9,774.426819193092,1
9,873.018025260249,1
9,1054.23235585488,0
9,861.495081125765,1
9,811.386281606515,1
9,978.423918697267,0
9,1068.40623495421,0
9,796.917842707312,1
9,819.070591164022,1
9,851.178280059552,1
9,1047.66365802601,0
9,868.271928860776,1
9,1064.86027971256,0
9,885.825791824232,1
9,798.908150185389,1
9,854.95536936456,1
9,845.456407617419,1
9,1051.35362536163,0
9,1083.92139487382,0
9,831.217227938528,1
9,824.985002449243,1
9,854.274295804114,1
9,859.820594156774,1
9,1025.57721733069,0
9,873.720638250743,1
9,786.862055554698,1
9,861.74981343275,1
9,839.521271360444,1
9,1078.41427015232,0
9,1079.2980829204,0
9,854.715550430483,1
9,869.773046720279,1
9,1046.02879493522,0
9,830.205876533852,1
9,800.49701280111,1
9,1038.90937452605,0
9,819.312969677057,1
9,859.959540455002,1
9,1021.18089500636,0
9,919.498187323417,1
9,1051.14274287017,0
9,1067.57669352459,0
9,829.237548494608,1
9,1020.78754208064,0
9,1064.44511572322,0
9,1086.63037992213,0
9,852.660429897164,1
9,1045.16769352444,0
9,824.944625498014,1
9,1023.45121840951,0
9,1092.68543080074,0
9,898.623970538336,1
9,865.231374274667,1
9,826.590924515605,1
9,845.382601213244,1
9,816.264624543945,1
9,865.764854057166,1
9,812.640941753273,1
9,1077.15381779358,0
9,1035.46839994011,0
9,864.105731034888,1
9,1029.56573889938,0
9,813.83620512605,1
9,1079.42538799272,0
9,841.475009743981,1
9,1010.13970170933,0
9,851.386365293473,1
9,828.379998657389,1
9,1030.48082132464,0
9,1079.44620738338,0
9,1131.66582569739,0
9,1030.30283621364,0
9,887.788113756563,1
9,1074.47651567708,0
9,1093.96883365243,0
9,862.4436525798,1
9,867.41278667951,1
9,825.969160436744,1
9,849.184877851057,1
9,984.718217280446,0
9,792.607704365076,1
9,806.79036061148,1
9,1042.41892258257,0
9,1007.49004073983,0
9,861.759666519817,1
9,1077.86793664875,0
9,804.87686565622,1
9,1064.32986684241,0
9,1024.02734087139,0
9,857.55891280632,1
9,844.537601421342,1
9,850.801268599683,1
9,837.27191580438,1
9,1028.50445341808,0
9,1064.3060992786,0
9,1050.35631010875,0
9,1087.47221394174,0
9,885.732859263231,1
9,859.805594609421,1
9,824.942790217364,1
9,1053.41827686783,0
9,1051.42518758995,0
9,1044.89875256228,0
9,875.699530389591,1
9,867.699264484417,1
9,802.487248085833,1
9,857.17582394545,1
9,841.225170182322,1
9,848.889018048306,1
9,878.951960419691,1
9,1045.65351480408,0
9,1070.37665729267,0
9,1049.4978991754,0
9,904.38223152155,1
9,1080.85456773184,0
9,806.905600038042,1
9,825.552222626154,1
9,1054.93564047762,0
9,1040.91527076477,0
9,1095.59573958069,0
9,1092.40889176204,0
9,1042.20680134011,0
9,1071.0517957016,0
9,1068.1187180977,0
9,854.508774181494,1
9,845.125345541033,1
9,817.553656013191,1
9,964.037632520458,0
9,803.709880227959,1
9,868.278157568422,1
9,834.403107702877,1
9,996.835604560045,0
9,885.088590835305,1
9,854.452070373732,1
9,1102.63645472312,0
9,856.577694358694,1
9,880.85959882089,1
9,881.864953700411,1
9,1075.04571285323,0
9,820.517718839403,1
9,1056.19495555838,0
9,921.8248143784,1
10,1009.08575149838,0
10,666.754614795551,1
10,758.544300186862,1
10,1010.82779849897,0
10,1001.87553144942,0
10,762.249410154714,1
10,1022.84976785953,0
10,732.171307672403,1
10,729.354462084443,1
10,761.077553291075,1
10,709.240941298069,1
10,1002.31051087011,0
10,1022.34477876555,0
10,978.282239235736,0
10,722.437135609817,1
10,1016.99730692624,0
10,706.920517511575,1
10,940.907330652189,0
10,976.803179138276,0
10,954.807893368215,0
10,971.320293526986,0
10,949.427141004895,0
10,939.999443250983,0
10,981.689034367767,0
10,991.289797232418,0
10,741.408728438113,1
10,771.215908460973,1
10,951.307778284092,0
10,754.175460753159,1
10,958.912770322648,0
10,732.901524385872,1
10,693.585464862208,1
10,937.112983988722,0
10,734.027297468683,1
10,740.719737528667,1
10,720.244343606862,1
10,982.944831016782,0
10,1049.67013067138,0
10,650.286576330135,1
10,734.606043138543,1
10,939.034548909716,0
10,759.548581301414,1
10,940.865567579055,0
10,761.141999829181,1
10,966.14827824976,0
10,932.601406260147,0
10,772.747651250602,1
10,977.885343718422,0
10,955.235291522868,0
10,676.336408168374,1
10,749.464315009276,1
10,979.320960164489,0
10,707.727819865176,1
10,721.011181799618,1
10,935.342113727168,0
10,732.851175864389,1
10,730.763789284987,1
10,993.751113562224,0
10,724.453073936751,1
10,1000.69197021606,0
10,989.294437331529,0
10,1003.94661777749,0
10,741.181036133602,1
10,995.828750349146,0
10,736.25307223517,1
10,1000.32639065202,0
10,964.380889535554,0
10,788.358882294284,1
10,1012.76644164611,0
10,648.190436168412,1
10,968.557303520449,0
10,992.450085793542,0
10,1026.02879264238,0
10,975.764363843735,0
10,697.070820138973,1
10,720.144600474044,1
10,718.236693244105,1
10,728.297960674198,1
10,960.779130508543,0
10,654.014619526759,1
10,1010.55195608043,0
10,724.457915006235,1
10,736.027738834255,1
10,745.643845561396,1
10,742.197365744562,1
10,980.569534837105,0
10,953.876517315768,0
10,681.029471910848,1
10,939.53540811902,0
10,706.341638382397,1
10,700.607114014603,1
10,989.144574773293,0
10,761.955293489935,1
10,948.516332795844,0
10,780.322764320288,1
10,708.801678900891,1
10,705.281229269512,1
10,996.335350330353,0
10,960.70322804615,0
10,986.430406781582,0
10,726.732672783684,1
10,720.371814127661,1
10,752.619337193611,1
10,1007.0177994396,0
10,724.976724053093,1
10,968.185168796963,0
10,806.080838699826,1
10,774.290225134668,1
10,994.507430862156,0
10,987.81360803158,0
10,1005.65472643902,0
10,782.785133842066,1
10,732.023250457789,1
10,741.652989963811,1
10,720.243121284161,1
10,750.290637935783,1
10,693.447516510671,1
10,721.939057490989,1
10,719.553809497854,1
10,1001.88368767019,0
10,708.572305852531,1
10,754.207502016262,1
10,747.715708526983,1
10,708.890343417753,1
10,687.376554891154,1
10,711.698227517834,1
10,711.307744734695,1
10,1005.43004378357,0
10,1012.55419759133,0
10,687.220158526369,1
10,978.135039858188,0
10,736.798183614321,1
10,720.209256717666,1
10,963.61640389887,0
10,710.776455476133,1
10,716.887452948612,1
10,954.106885656997,0
10,984.555739327389,0
10,719.189005581371,1
10,724.503903964805,1
10,725.845966179289,1
10,950.123629877566,0
10,931.295996894849,0
10,977.729055847097,0
10,938.430301370222,0
10,975.045715722011,0
10,992.230398388296,0
10,727.955882107874,1
10,965.061636490471,0
10,759.07308734241,1
10,981.043467150139,0
10,949.659350854504,0
10,682.31049920683,1
10,746.586835861048,1
10,747.933468131103,1
10,715.791891793382,1
10,674.998521673272,1
10,940.805813314228,0
10,949.379790582938,0
10,731.974938273398,1
10,944.234117354628,0
10,945.747811198136,0
10,728.850575892907,1
10,925.493882463698,0
10,724.806430160606,1
10,981.054396432196,0
10,936.095014477308,0
10,1007.0302591433,0
10,707.125665119911,1
10,694.438944548605,1
10,958.091848542059,0
10,920.434306249733,0
10,902.38812512427,0
10,721.748013947541,1
10,973.622673765101,0
10,693.240065875598,1
10,734.410365668871,1
10,968.23164378772,0
10,944.383994892148,0
10,968.074346612275,0
10,737.103581793332,1
10,943.980581573569,0
10,998.944426173824,0
10,708.491137880499,1
10,989.46536324394,0
10,719.810861844021,1
10,719.776780568707,1
10,674.072548541352,1
10,748.316327455661,1
10,967.643444801951,0
10,778.012069081379,1
10,747.260309562139,1
10,790.361844129433,1
10,734.568569219732,1
10,761.778132864643,1
10,705.818823482358,1
10,997.753181579114,0
10,977.534413532036,0
10,722.78620315237,1
10,697.855665789823,1
11,1057.52225202215,0
11,1087.91653455398,0
11,927.439075803124,1
11,942.489440239688,1
11,1057.6629062375,0
11,1088.44277911229,0
11,953.607336727818,1
11,924.776117097345,1
11,1040.55187768838,0
11,1027.94939077207,0
11,907.069596985606,1
11,904.016654210411,1
11,942.237429512341,1
11,1017.56746387491,0
11,1031.77797141054,0
11,919.043883387397,1
11,1060.75144293005,0
11,1015.78659842869,0
11,1040.05989297948,0
11,1067.05964872559,0
11,912.077677147568,1
11,1106.83241900864,0
11,926.596819172274,1
11,910.013764751412,1
11,893.488426199604,1
11,882.682642395373,1
11,1015.56024506136,0
11,959.309578965528,1
11,912.339510779585,1
11,1085.50546407356,0
11,1072.61733347995,0
11,1001.13160438437,0
11,1031.95433692373,0
11,1068.17561219388,0
11,940.890489866107,1
11,907.983824787199,1
11,922.840321889128,1
11,1097.06271705265,0
11,1033.35665033183,0
11,965.893343091835,1
11,1065.16977536018,0
11,1065.13946923593,0
11,955.276796392289,1
11,935.648244020211,1
11,1038.30005059021,0
11,937.066951693183,1
11,1000.26351257456,0
11,1014.39416252843,0
11,1027.40440273869,0
11,1048.00000405237,0
11,1082.71754783187,0
11,1079.72928602879,0
11,951.150648001805,1
11,1069.66101296979,0
11,1002.973178962,0
11,920.246821883475,1
11,989.2434604365,0
11,913.828673581744,1
11,955.410326465393,1
11,1020.59221100705,0
11,1081.53373028554,0
11,1035.24902198232,0
11,973.588874474137,1
11,991.800697579845,0
11,963.794506353463,1
11,1044.82420397631,0
11,942.954553796211,1
11,931.032836548647,1
11,1040.6884825791,0
11,1050.5286168145,0
11,924.975913330143,1
11,914.355768802635,1
11,1042.28214835232,0
11,968.736994347581,1
11,988.075937898952,0
11,933.604107925903,1
11,906.839390428482,1
11,1006.45754599073,0
11,957.526276561353,1
11,1013.53655764104,0
11,1040.71769655747,0
11,1101.90636722204,0
11,913.848036964052,1
11,896.465615454689,1
11,994.154796217579,1
11,941.214490787624,1
11,1051.16880837931,0
11,962.017239621376,1
11,956.925323105545,1
11,962.63366318111,1
11,903.927949978956,1
11,1008.82873001135,0
11,914.867302238698,1
11,884.163997195039,1
11,914.588866402615,1
11,961.347973939095,1
11,962.853784608575,1
11,1031.73002592645,0
11,1012.62353740377,0
11,1015.11673712041,0
11,920.765768810946,1
11,1073.96338377693,0
11,982.916615112176,1
11,1060.48453215269,0
11,880.616717730871,1
11,885.372476908058,1
11,1071.69928091793,0
11,966.417839418475,1
11,1104.37915450151,0
11,1042.52172595394,0
11,1052.98615478531,0
11,950.914247909928,1
11,1050.85158822719,0
11,1022.27985432325,0
11,1008.02650030751,1
11,1030.65223365106,0
11,1026.12186655177,0
11,947.906644078322,1
11,932.342563459047,1
11,1034.34719366598,0
11,963.368603280616,1
11,1042.51438221902,0
11,943.372281817664,1
11,926.25705570071,1
11,1025.74127477132,0
11,1027.70566152797,0
11,955.171656611925,1
11,965.549569082763,1
11,1032.53412193328,0
11,998.15368585769,0
11,1005.64484786104,0
11,911.177449794898,1
11,1007.62513606276,0
11,1016.50511217194,0
11,945.252454362718,1
11,919.834206650419,1
11,951.1374555562,1
11,1009.58251953847,0
11,1039.24928698156,0
11,909.362479997443,1
11,915.414081834299,1
11,962.307363637478,1
11,942.097238351441,1
11,913.859072301446,1
11,1072.92972489782,0
11,924.240553338626,1
11,928.978375180883,1
11,920.508488842171,1
11,888.153729337924,1
11,1084.1839519725,0
11,1042.31144485712,0
11,1089.54639312567,0
11,1056.39991381104,0
11,869.214822166831,1
11,985.057972581528,0
11,1023.0247446938,0
11,1037.10000868121,0
11,901.360210063258,1
11,1079.71355383948,0
11,936.98299725998,1
11,1009.89123982018,0
11,1037.1196908395,0
11,1098.3489571899,0
11,901.806179422462,1
11,1042.47324939463,0
11,929.951755519562,1
11,878.491717372716,1
11,893.624709654047,1
11,1027.18104878251,0
11,874.6662424498,1
11,867.862805137722,1
11,1069.11004318299,0
11,1093.01276721968,0
11,936.728399877439,1
11,923.472362815121,1
11,1022.38376958157,0
11,954.686410753159,1
11,947.421843591696,1
11,1064.14241869042,0
11,942.780644397552,1
11,1021.36880480189,0
11,938.517708636458,1
11,1035.95726160784,0
11,1113.88556522495,0
11,1068.43202675306,0
11,1010.33815134602,0
11,1077.65162312971,0
11,1005.83414155195,0
11,1036.19813974864,0
11,1026.01267035988,0
11,1049.33613062019,0
11,939.520770352984,1
11,1004.73299759035,0
11,1050.78078805418,0
11,984.60488453897,0
11,1045.92628026535,0
11,930.290942576593,1
11,946.41510083868,1
11,988.019118924478,0
11,1055.62063650793,0
12,806.897954675055,1
12,775.590632733376,1
12,785.686699605614,1
12,755.379385477456,1
12,788.254436088673,1
12,1062.86151360213,0
12,1018.43150546518,0
12,981.51375973579,0
12,1078.18209773203,0
12,1036.03866155068,0
12,796.732901368134,1
12,999.459695620446,0
12,1098.93744366499,0
12,778.604941721671,1
12,790.130420766794,1
12,965.677736341859,0
12,1034.99064144662,0
12,791.573219421033,1
12,789.664385747358,1
12,785.58944370122,1
12,772.588908889038,1
12,786.967729730179,1
12,1024.45507940688,0
12,1022.03875465136,0
12,839.279718436908,1
12,837.953902093723,1
12,1017.17348637393,0
12,785.090856724105,1
12,821.619771181706,1
12,1051.96117233542,0
12,778.947454465644,1
12,720.107849282388,1
12,762.68202569982,1
12,1017.18952695926,0
12,809.292691933159,1
12,792.915228271839,1
12,971.919895793884,0
12,1017.24969834197,0
12,809.753399383385,1
12,783.165343067057,1
12,1030.84681519933,0
12,799.721765947494,1
12,1068.95715778043,0
12,1021.81472072731,0
12,1021.73986094671,0
12,830.178801567702,1
12,994.978342939945,0
12,985.264440856531,0
12,852.754259169979,1
12,1039.5654506359,0
12,864.14596906593,1
12,1075.79000779745,0
12,1090.03174317963,0
12,1041.85453251969,0
12,829.787471725101,1
12,837.328607512118,1
12,775.438492707822,1
12,1004.51918427358,0
12,797.402847945974,1
12,770.797680441783,1
12,804.696015817549,1
12,739.5650085616,1
12,772.701482919587,1
12,1054.72201578957,0
12,744.085396623651,1
12,853.032890663116,1
12,818.344812061599,1
12,763.774026429925,1
12,994.059140339807,0
12,1001.78620840924,0
12,970.164847684581,0
12,805.344865615746,1
12,1031.77976139827,0
12,808.087356647068,1
12,842.401243361609,1
12,807.909768929038,1
12,816.679090027475,1
12,772.040545301289,1
12,789.812287429509,1
12,749.757510562004,1
12,1078.89766247525,0
12,1010.83043784146,0
12,1132.79985033986,0
12,728.190060379577,1
12,1035.74695145611,0
12,1011.49136945278,0
12,827.225388268438,1
12,782.140817078814,1
12,1036.81309755881,0
12,792.324652733026,1
12,958.053150834189,0
12,1024.0193417088,0
12,782.041409307358,1
12,792.440549655802,1
12,782.629396192892,1
12,1023.9815616562,0
12,805.34890812298,1
12,782.048687092291,1
12,820.28479501473,1
12,821.513784748572,1
12,1025.83110790116,0
12,783.981817165653,1
12,1049.58776505271,0
12,1016.91743751051,0
12,1084.25396957887,0
12,816.687189228526,1
12,772.429778763548,1
12,765.513648772011,1
12,1039.00175225514,0
12,805.629826015464,1
12,1008.93880299874,0
12,1055.88010807388,0
12,821.633138324847,1
12,1047.01821727764,0
12,1016.06614076953,0
12,854.066161081371,1
12,738.65512352079,1
12,987.787979380919,0
12,844.119102808659,1
12,1012.9766958681,0
12,852.92368071265,1
12,1053.55721350597,0
12,806.709812607958,1
12,1088.34504358415,0
12,811.523358264136,1
12,776.293694167277,1
12,802.406711536706,1
12,1026.59292768498,0
12,835.931457459198,1
12,764.337180495155,1
12,781.378605223566,1
12,1076.72368715787,0
12,793.604118788279,1
12,755.416175087386,1
12,1032.04951488928,0
12,781.028633246324,1
12,807.848663141636,1
12,1024.90671531203,0
12,782.971196364053,1
12,795.250315724876,1
12,1006.24535963752,0
12,1004.3310816757,0
12,1075.05019203461,0
12,791.655469759575,1
12,831.40353996755,1
12,776.55426849523,1
12,774.357369275986,1
12,801.799110782988,1
12,815.915110243603,1
12,818.838172056912,1
12,840.891188171558,1
12,1105.33092442281,0
12,773.042745029626,1
12,965.11599228167,0
12,797.416310403866,1
12,1059.47439953031,0
12,1084.53027723481,0
12,850.037117977971,1
12,1084.50729628445,0
12,1034.79443548468,0
12,1084.32720767686,0
12,1055.66777304055,0
12,813.336756619208,1
12,835.686639106032,1
12,1016.64233960936,0
12,1007.67378684737,0
12,1041.26833345518,0
12,1051.33182560337,0
12,764.705916377745,1
12,1076.83924950723,0
12,826.104412424638,1
12,830.118851975229,1
12,819.5412172836,1
12,1043.19364088966,0
12,820.783731205701,1
12,1029.23504376231,0
12,800.551090463147,1
12,1021.66228879518,0
12,1028.67685535464,0
12,822.678578771763,1
12,1038.50900327066,0
12,798.400900071786,1
12,839.351947368068,1
12,1006.76526138647,0
12,1016.80472196702,0
12,1059.70583447526,0
12,793.923384213059,1
12,804.333268214078,1
12,818.574288127458,1
12,1024.8486687653,0
12,819.259390926032,1
12,1022.74119604767,0
12,1056.42756963684,0
12,1062.0231240018,0
12,786.957457070688,1
12,1022.4787768295,0
12,1016.80527851648,0
12,798.068425490538,1
12,1038.35611684524,0
12,1060.61213509183,0
13,900.665492946503,0
13,681.304883721331,1
13,715.527032654477,1
13,776.932814219688,1
13,865.771748409965,0
13,754.557028117158,1
13,968.041770367511,0
13,922.295446413188,0
13,757.95194151753,1
13,930.012795239195,0
13,944.576695594841,0
13,729.451456744402,1
13,709.27036816665,1
13,915.338171874862,0
13,748.448699539512,1
13,795.480376037073,1
13,953.188654966082,0
13,963.53971383793,0
13,701.481215824135,1
13,949.535100422093,0
13,718.946841546033,1
13,753.079541233363,1
13,729.523930049815,1
13,928.126330301951,0
13,948.796594508481,0
13,777.14183025816,1
13,890.877553137328,0
13,694.751324945988,1
13,724.7570438998,1
13,920.293113175965,0
13,744.448640650985,1
13,695.40802948997,1
13,691.257649816122,1
13,962.810933056552,0
13,756.777067015363,1
13,951.283616695622,0
13,738.16003343905,1
13,711.685883418982,1
13,764.247130228072,1
13,952.860343036397,0
13,746.058237867038,1
13,759.742958817886,1
13,761.070964909973,1
13,1018.31055989259,0
13,967.894194509416,0
13,765.295962811438,1
13,699.421540351336,1
13,785.925520377987,1
13,964.554846902401,0
13,901.62153611509,0
13,766.776290540569,1
13,712.31843289114,1
13,692.037268087432,1
13,909.092818185832,0
13,922.114210860682,0
13,929.821154218962,0
13,929.864305458011,0
13,780.237741795558,1
13,706.125566190393,1
13,691.98071499158,1
13,800.825933963216,1
13,939.645487045703,0
13,918.387843147341,0
13,928.041562058537,0
13,764.460697616955,1
13,751.961592671075,1
13,909.674065777865,0
13,950.878145896701,0
13,960.818346423028,0
13,952.276009829886,0
13,973.858285773883,0
13,776.228822423827,1
13,737.16422329772,1
13,723.725557161559,1
13,730.97801481896,1
13,938.692644131694,0
13,948.94072567114,0
13,790.578900411194,1
13,780.363099641895,1
13,968.20797642763,0
13,767.020647215575,1
13,953.939196170688,0
13,772.674932170497,1
13,756.261134099726,1
13,739.20418328052,1
13,797.209526375863,1
13,736.299684276898,1
13,902.101173951894,0
13,939.38074564042,0
13,938.541714109768,0
13,707.374316681305,1
13,729.554322482804,1
13,696.36222990828,1
13,927.361699421375,0
13,873.919166441195,0
13,970.205269203896,0
13,914.245582172224,0
13,929.749841085259,0
13,947.612041088898,0
13,678.383556065934,1
13,741.875854518589,1
13,715.207681736975,1
13,949.864099867873,0
13,781.295181815712,1
13,730.616066609688,1
13,925.46984086018,0
13,918.838062536493,0
13,952.555424387835,0
13,904.63728627124,0
13,726.62254123777,1
13,945.062609890044,0
13,911.023269683863,0
13,750.333731258098,1
13,736.950640579593,1
13,711.337141987701,1
13,971.235906028467,0
13,989.895014071968,0
13,917.110549803628,0
13,783.003384501688,1
13,941.007732884006,0
13,930.499994289092,0
13,979.473633620242,0
13,926.027573284981,0
13,755.042699367052,1
13,696.009287736968,1
13,910.124957813851,0
13,751.64755186197,1
13,892.630877229875,0
13,942.743239089677,0
13,937.171455192433,0
13,721.837276733928,1
13,936.463567674325,0
13,812.784452869701,1
13,957.786946445834,0
13,742.597022585616,1
13,955.261083578437,0
13,743.167179943059,1
13,739.097103140303,1
13,775.217559265094,1
13,974.6613911296,0
13,895.308167385722,0
13,746.003359366864,1
13,890.314017064321,0
13,930.007016751662,0
13,955.799247842789,0
13,916.625976346103,0
13,927.016771409078,0
13,746.358345788087,1
13,903.719940822832,0
13,929.82876811292,0
13,699.710439427511,1
13,950.51718202942,0
13,664.652186305439,1
13,724.098217351113,1
13,896.000325721274,0
13,708.65674461161,1
13,950.027777281963,0
13,740.081363863653,1
13,752.690198099576,1
13,872.434814606224,0
13,890.248467764602,0
13,718.011996831934,1
13,941.553194702682,0
13,756.967045958826,1
13,968.520543189897,0
13,929.718029656819,0
13,701.946882283333,1
13,902.434020855426,0
13,931.343830383218,0
13,708.401739658886,1
13,926.93018904517,0
13,942.510736995711,0
13,684.059510596086,1
13,870.353756716856,0
13,749.743247709148,1
13,694.12453418914,1
13,945.482961361614,0
13,737.730963903913,1
13,960.470813435285,0
13,938.441271597995,0
13,734.589488863839,1
13,693.661564130439,1
13,880.802624532389,0
13,876.878766431495,0
13,962.758912568415,0
13,723.881781635164,1
13,963.492591370339,0
13,682.079482720031,1
13,984.487058625979,0
13,739.527231327569,1
13,752.647310506731,1
13,959.996893116756,0
13,766.716730980182,1
13,747.655862358805,1
13,958.191218454372,0
13,957.978024510386,0
13,780.550513742446,1
13,902.837637892286,0
13,723.773107127021,1
13,917.034088680272,0
14,798.4840239828,0
14,834.904897324777,0
14,542.903830663853,1
14,513.456197567964,1
14,545.673227762219,1
14,583.791428827431,1
14,846.014384321084,0
14,545.014528747002,1
14,562.775107033799,1
14,838.197346480378,0
14,782.050772878152,0
14,505.737579357496,1
14,558.224962492686,1
14,515.096288907719,1
14,851.379126410343,0
14,843.037994714223,0
14,532.265273642052,1
14,549.519051734425,1
14,506.737595708637,1
14,510.418176020533,1
14,544.714853551861,1
14,816.579792564881,0
14,533.689600561773,1
14,565.913206178502,1
14,803.417989646723,0
14,541.175281505394,1
14,576.436172742173,1
14,571.825763293953,1
14,768.454388632928,0
14,769.624928940719,0
14,605.361852703833,1
14,823.798360708964,0
14,593.140321036204,1
14,558.043094558681,1
14,825.013215862668,0
14,624.564531610854,1
14,512.322015918657,1
14,838.823351933238,0
14,814.440693266336,0
14,848.695444149773,0
14,590.859801680139,1
14,532.376131830551,1
14,501.45641287279,1
14,844.197814813371,0
14,808.52368232569,0
14,761.984335386923,0
14,594.123482163773,1
14,498.072755098006,1
14,530.647637331674,1
14,540.678772085948,1
14,523.771256818307,1
14,562.00645506693,1
14,587.602052144915,1
14,538.303635841819,1
14,506.317863682276,1
14,555.569148388169,1
14,547.205389631109,1
14,541.878144666851,1
14,546.214319379165,1
14,750.068047473565,0
14,561.908143261477,1
14,864.77975370126,0
14,828.159407629552,0
14,465.653399231062,1
14,564.957376604453,1
14,530.622215880473,1
14,577.418775743162,1
14,813.188646961063,0
14,581.783416132224,1
14,520.215727566333,1
14,819.481712724328,0
14,770.244914103111,0
14,763.566703127419,0
14,544.303233275042,1
14,850.855204116432,0
14,601.877413894813,1
14,804.872455283174,0
14,815.451212332336,0
14,524.260001763666,1
14,801.153254921497,0
14,839.058285654317,0
14,515.829247117929,1
14,796.632102199058,0
14,512.329144445843,1
14,535.128358502118,1
14,546.770993980365,1
14,857.461936395142,0
14,531.899082284459,1
14,525.584949275136,1
14,545.119298374574,1
14,545.301182873015,1
14,586.10565178575,1
14,555.703749412486,1
14,803.448194788464,0
14,774.579763576812,0
14,539.581201814192,1
14,763.044215481017,0
14,564.520892306031,1
14,587.57206653232,1
14,589.301812188825,1
14,809.572140307659,0
14,538.6448040329,1
14,877.588538247705,0
14,806.865306949097,0
14,580.841077152562,1
14,613.362379647068,1
14,530.686292310755,1
14,519.235846168015,1
14,535.647538164187,1
14,558.040224365266,1
14,526.239300507002,1
14,499.310705283719,1
14,515.033239182809,1
14,820.563967484038,0
14,529.275171416823,1
14,822.157802403491,0
14,489.770981727429,1
14,818.921269678064,0
14,786.917750626214,0
14,803.759093101404,0
14,537.190643503838,1
14,784.337930043194,0
14,552.335716512018,1
14,749.281224867398,0
14,506.494529484066,1
14,805.09602413544,0
14,579.972263577868,1
14,805.128757070263,0
14,775.991064905588,0
14,539.605926396055,1
14,548.615100155678,1
14,531.386678242213,1
14,813.173823412184,0
14,818.105155159431,0
14,579.170267916035,1
14,607.53563902812,1
14,881.073910453879,0
14,787.725111131868,0
14,583.644420101572,1
14,835.281885114619,0
14,769.827772885078,0
14,827.377139585382,0
14,755.630192134528,0
14,827.840524082187,0
14,575.709132636423,1
14,779.779622457926,0
14,759.286758707359,0
14,559.00757008582,1
14,525.178414411104,1
14,538.05275369306,1
14,553.311663755474,1
14,748.63611940951,0
14,814.566193199447,0
14,552.978237183704,1
14,559.195672684915,1
14,798.728689475848,0
14,783.238040697036,0
14,823.457308280652,0
14,546.25833215685,1
14,809.871250140992,0
14,827.033174463473,0
14,862.34254410863,0
14,838.536131450068,0
14,776.444529249325,0
14,564.500831975189,1
14,823.034298885086,0
14,562.683588212282,1
14,845.014102726895,0
14,836.993913258647,0
14,769.382658490479,0
14,794.36213178113,0
14,562.062714429379,1
14,804.481498165153,0
14,536.780907639998,1
14,855.360276656549,0
14,509.356477934963,1
14,589.103576949749,1
14,598.354523820385,1
14,839.524105985697,0
14,587.780886993729,1
14,859.646892635128,0
14,835.794645445183,0
14,872.159661139432,0
14,548.355711293645,1
14,810.475103225935,0
14,595.042485255979,1
14,518.844845425716,1
14,824.992178883629,0
14,592.848502433449,1
14,787.667139440677,0
14,794.329809153312,0
14,573.077715840552,1
14,807.871774185599,0
14,566.141418264071,1
14,556.247233399944,1
14,580.24651405463,1
14,812.1185897434,0
14,776.837419665224,0
14,839.26808670089,0
14,503.993995127102,1
15,860.347019613009,1
15,879.17556173633,1
15,1235.71479668088,0
15,1223.21794288535,0
15,887.706305819715,1
15,870.318242019052,1
15,833.707119954189,1
15,1211.85293378685,0
15,926.812313822438,1
15,1199.03384589049,0
15,874.246082097812,1
15,937.691767207639,1
15,1253.70251751713,0
15,1176.63496668964,0
15,917.682976228954,1
15,1203.97371284847,0
15,883.396899670138,1
15,1183.35452247747,0
15,911.520718460371,1
15,1244.64970273592,0
15,913.641912299425,1
15,885.307169933851,1
15,896.198117847272,1
15,1195.97377707457,0
15,882.608110634533,1
15,885.55152194777,1
15,943.325383402557,1
15,909.539517052994,1
15,910.220963519864,1
15,1265.07506938826,0
15,913.25593977006,1
15,925.703613925824,1
15,1174.35011158456,0
15,899.784762562183,1
15,1222.36296706434,0
15,947.481321900181,1
15,1230.68883302824,0
15,1186.37880363417,0
15,939.44179315709,1
15,1194.59614423415,0
15,949.972218900226,1
15,1247.05872641665,0
15,1255.9783782325,0
15,911.257183163885,1
15,1175.93345317649,0
15,921.06075426785,1
15,1246.33268570368,0
15,1309.04750934342,0
15,1123.56559965283,0
15,881.848527700168,1
15,1261.61571857617,0
15,931.235016415621,1
15,1181.02476653274,0
15,862.727749464023,1
15,1196.88540879411,0
15,918.99432631235,1
15,909.373153012896,1
15,1246.33940608031,0
15,932.965038540962,1
15,938.101334874884,1
15,1185.91046722439,0
15,1176.08464920302,0
15,1237.60673825633,0
15,1201.01856479304,0
15,900.819986679565,1
15,1165.65464370203,0
15,925.174856140058,1
15,1231.81885643339,0
15,882.091720884505,1
15,1213.96078460075,0
15,894.884195344863,1
15,937.744138650641,1
15,1215.79204005474,0
15,1223.8685176155,0
15,1218.0775580328,0
15,1224.43823701246,0
15,1233.12212308784,0
15,1278.54656087956,0
15,1228.60220121129,0
15,1165.93777121202,0
15,910.99423502327,1
15,1245.44997454191,0
15,876.131757279698,1
15,1230.77319627408,0
15,1219.82388018741,0
15,1202.11957235515,0
15,928.383254857949,1
15,1217.69023055809,0
15,1286.54360144748,0
15,891.452790644989,1
15,913.02412128936,1
15,1234.39967110101,0
15,879.428404005574,1
15,1231.27479666906,0
15,855.821560351712,1
15,886.297371653266,1
15,1247.17260608068,0
15,1243.00933118222,0
15,929.553521146545,1
15,1192.494070924,0
15,1197.47896759659,0
15,908.076350723417,1
15,886.620039223065,1
15,914.924128145183,1
15,1230.03117579657,0
15,865.214589863452,1
15,1246.25353300371,0
15,1269.40351016741,0
15,1181.40528231468,0
15,915.799735447785,1
15,938.585046544569,1
15,921.165200980329,1
15,868.491221991237,1
15,858.740522396034,1
15,1221.34884389726,0
15,896.214568651911,1
15,1269.08015181389,0
15,1218.19878783486,0
15,880.654983817116,1
15,1230.99528930184,0
15,1203.97529294749,0
15,1180.07253395141,0
15,1248.53013185853,0
15,874.114207201713,1
15,905.884037813299,1
15,1248.4506452356,0
15,1200.54807495359,0
15,933.81590660981,1
15,857.574084492629,1
15,871.081662126448,1
15,893.92730595839,1
15,1160.35072005857,0
15,895.599831677284,1
15,1204.47851231943,0
15,1178.62920291101,0
15,941.169065429239,1
15,1219.47982564615,0
15,848.595402395736,1
15,903.358005348348,1
15,1276.16423421346,0
15,1205.14513534288,0
15,928.202252275748,1
15,1246.10768386891,0
15,871.556396843756,1
15,1200.32593301278,0
15,894.401612805734,1
15,1272.20314795056,0
15,890.46447590768,1
15,1195.97351310243,0
15,976.803158920528,1
15,936.147711467296,1
15,1147.51301544418,0
15,1273.17821703926,0
15,1253.02300055656,0
15,884.459609799743,1
15,891.169181021222,1
15,903.182332285356,1
15,936.348302380212,1
15,1239.93216521352,0
15,1252.76400442435,0
15,1223.07337313066,0
15,1197.74181872231,0
15,881.228054204825,1
15,879.080090924611,1
15,935.465015137831,1
15,1226.08918252247,0
15,964.645525914357,1
15,901.593922870706,1
15,1226.55830012934,0
15,1269.34069112689,0
15,911.145199951496,1
15,920.414621835661,1
15,871.487603865422,1
15,1212.44988200396,0
15,920.388680659678,1
15,876.152798294274,1
15,971.215128910837,1
15,1235.89373920331,0
15,927.268384234343,1
15,884.576623595558,1
15,918.647852463717,1
15,1199.87160340064,0
15,897.877342814858,1
15,1193.06831321127,0
15,925.004304624899,1
15,925.472064131721,1
15,909.305083198084,1
15,886.716859619148,1
15,909.746651816297,1
15,923.81112037735,1
15,1217.18889858339,0
15,1168.35045268407,0
15,1220.75631341471,0
15,1226.09406232271,0
15,1182.56314011731,0
15,1250.3061861594,0
15,1239.02514300067,0
15,1189.15943883903,0
15,1199.64307817403,0
15,1203.72019167217,0
16,988.013735749053,0
16,804.507656023008,1
16,1045.7622829931,0
16,790.007964016251,1
16,1096.39008743473,0
16,994.204632452986,0
16,814.391304105525,1
16,881.370203809241,1
16,1096.68186869426,0
16,1028.40801685033,0
16,1099.2124002779,0
16,824.177566629005,1
16,764.498013014858,1
16,811.711135886175,1
16,805.615665797703,1
16,1053.59856332756,0
16,792.569842816188,1
16,1056.10843950741,0
16,1010.4759214955,0
16,830.660956788468,1
16,996.225379851121,0
16,1036.90783607786,0
16,747.226722442877,1
16,1008.81634550417,0
16,809.128115153009,1
16,814.947056694855,1
16,1012.11672085535,0
16,815.146623245298,1
16,992.604088980505,0
16,846.770638845024,1
16,1071.34934487618,0
16,780.401963671857,1
16,1082.01289200096,0
16,848.708999313089,1
16,1100.84607515823,0
16,1081.94705663939,0
16,1058.29105043899,0
16,1001.59899088371,0
16,744.022814687553,1
16,1035.85916948426,0
16,984.142542228913,0
16,1027.31864659145,0
16,774.418364176047,1
16,825.85260381584,1
16,818.124001913848,1
16,1015.26347560061,0
16,1060.76790101857,0
16,820.012862553528,1
16,1027.57847128606,0
16,798.024180656197,1
16,783.617530925348,1
16,1041.47507103708,0
16,717.522182925162,1
16,1081.3827527325,0
16,875.109905611021,1
16,843.025310431937,1
16,822.618264554573,1
16,839.884906334404,1
16,1072.79753257286,0
16,801.721406622185,1
16,843.017781016052,1
16,1056.39435017561,0
16,815.946239265508,1
16,1045.95369020411,0
16,813.779409493175,1
16,1045.09433483181,0
16,793.573484615336,1
16,1059.27057523259,0
16,830.355277916462,1
16,833.040964417063,1
16,804.110560458454,1
16,862.738484125036,1
16,1050.07797312029,0
16,827.007704977992,1
16,874.747609531042,1
16,1105.28672476803,0
16,796.154766413511,1
16,1059.98542400851,0
16,1079.93959381888,0
16,1062.24900575447,0
16,835.024327686224,1
16,1068.78225623939,0
16,1033.72657630448,0
16,1022.02870475784,0
16,827.75937895082,1
16,811.460471691214,1
16,1064.41697601358,0
16,818.296185020514,1
16,818.237418482251,1
16,825.599406329906,1
16,1051.79614106123,0
16,1064.98828476924,0
16,798.687779968128,1
16,1099.73604447639,0
16,806.468145179894,1
16,817.034862285416,1
16,792.94789473711,1
16,1037.8505062861,0
16,815.260851761027,1
16,740.220093742979,1
16,782.807489494802,1
16,1098.86462266772,0
16,785.370775242587,1
16,817.370007346326,1
16,1057.92084524058,0
16,1038.93439258596,0
16,1038.06637438986,0
16,1044.31187864366,0
16,1036.86230197606,0
16,818.692548087874,1
16,1056.83430513802,0
16,783.204542468333,1
16,791.09382057349,1
16,859.469592456115,1
16,1009.67323767482,0
16,1054.8682575926,0
16,811.243040976867,1
16,799.970726982826,1
16,981.293813854043,0
16,1067.00727293528,0
16,1080.83565037923,0
16,1083.41215530664,0
16,824.26951902576,1
16,1030.74905176876,0
16,1021.69702911125,0
16,791.013236647548,1
16,841.491300212723,1
16,797.712869979831,1
16,807.756231108128,1
16,1036.03094444301,0
16,1072.23847952213,0
16,999.741875229558,0
16,1053.79925538414,0
16,1086.4585592267,0
16,1099.15613810979,0
16,808.579359426594,1
16,757.299683944432,1
16,1049.04163729899,0
16,819.330218818717,1
16,997.150426171847,0
16,787.645766316898,1
16,1030.19863692447,0
16,1042.35810416943,0
16,1014.70157446314,0
16,1056.07355262365,0
16,807.444418414329,1
16,1080.62767240266,0
16,768.231688832202,1
16,1058.99703793039,0
16,1007.33570640172,0
16,802.063461614433,1
16,798.008270634131,1
16,1093.14861242381,0
16,1008.48387156406,0
16,1047.40551265693,0
16,851.636704923775,1
16,755.3583877629,1
16,803.426627529487,1
16,822.936234403522,1
16,1041.15011799487,0
16,1027.46381128914,0
16,784.684281787724,1
16,822.791031045837,1
16,867.200373152421,1
16,1067.67459657058,0
16,798.617075969984,1
16,1070.84103827061,0
16,1017.60046437125,0
16,1025.87278095969,0
16,836.45277848473,1
16,841.744649566466,1
16,1069.35897684489,0
16,1047.23710338317,0
16,1032.78446884114,0
16,790.399651209529,1
16,1007.92820420054,0
16,1114.11193030537,0
16,759.667612225795,1
16,1015.39108696974,0
16,1075.62188365977,0
16,1069.67739017821,0
16,811.137212584917,1
16,806.462672038822,1
16,1039.56028396952,0
16,830.69805467825,1
16,799.765297682026,1
16,775.831063373211,1
16,823.419156880086,1
16,1008.74739110991,0
16,1064.1635610171,0
16,789.170545943911,1
16,1035.94505997516,0
16,826.892370587242,1
16,787.211338487677,1
16,753.792807173335,1
16,1053.15745151665,0
16,771.169830254331,1
16,1133.53833286276,0
16,1063.80755760733,0
16,1077.29275228859,0
17,1238.81470979964,0
17,1174.51377325953,0
17,1177.84195696205,0
17,1151.55415511446,0
17,1194.92100600967,0
17,889.01357197434,1
17,875.055486286465,1
17,1174.74340153634,0
17,1234.2343321204,0
17,890.596045419306,1
17,1135.58680080043,0
17,1229.58222746068,0
17,842.643445734175,1
17,1175.065748621,0
17,1143.43928186361,0
17,944.703262782077,1
17,1173.98549757806,0
17,857.970924481227,1
17,916.075210581672,1
17,1156.79010348322,0
17,917.314560444087,1
17,904.620851961276,1
17,880.926586803096,1
17,899.839619209912,1
17,1162.9392878022,0
17,905.985003728288,1
17,902.535178237847,1
17,1195.4681366983,0
17,900.288534001802,1
17,880.669238174106,1
17,870.257643724714,1
17,1158.62543767971,0
17,1201.46400439998,0
17,840.288663291091,1
17,1148.05646929694,0
17,1191.15563370608,0
17,1152.23982902028,0
17,1161.94323986819,0
17,922.957027490344,1
17,882.393697722088,1
17,1180.12810716988,0
17,1163.17302978455,0
17,885.208926185518,1
17,930.021053384531,1
17,1166.56993918095,0
17,1144.62694413897,0
17,1138.82167896178,0
17,920.83079867734,1
17,1188.83495094224,0
17,1148.57271450034,0
17,879.620551289651,1
17,886.539026512756,1
17,898.351876288199,1
17,1109.33862716416,0
17,848.822249949766,1
17,948.46948982645,1
17,1161.55835899258,0
17,890.991751537315,1
17,1149.69601751311,0
17,1150.75383982593,0
17,1252.45530799023,0
17,1165.06224222122,0
17,930.627591581292,1
17,865.508040925513,1
17,875.343246974635,1
17,1152.17262312239,0
17,868.871335636806,1
17,897.497023523603,1
17,1178.58403473584,0
17,883.96588553256,1
17,1191.44422964265,0
17,892.905872345892,1
17,1121.95650043941,0
17,1156.31441715877,0
17,858.443845455493,1
17,938.835297085242,1
17,864.128552660314,1
17,1152.2577856841,0
17,1151.44167295369,0
17,1189.17169881484,0
17,848.990903948834,1
17,1206.91854867806,0
17,1106.91309294561,0
17,859.967915023975,1
17,1189.36321360519,0
17,894.903054724651,1
17,892.045454254007,1
17,859.075332481309,1
17,1155.27793745741,0
17,1108.24473999097,0
17,886.442142365203,1
17,941.563268389415,1
17,901.558073606304,1
17,908.042380786683,1
17,866.063287956577,1
17,832.641358870485,1
17,859.256354610038,1
17,1161.05090200905,0
17,1180.53466291964,0
17,1175.71584281535,0
17,880.712109716616,1
17,826.405807017148,1
17,924.193524959168,1
17,873.177080256475,1
17,870.217855202,1
17,884.903971957238,1
17,1117.5773588358,0
17,1232.79633670699,0
17,888.01731109217,1
17,850.781970909824,1
17,1176.37943208726,0
17,883.245855698013,1
17,1191.39199159338,0
17,901.900090972963,1
17,932.071655365184,1
17,863.019790069607,1
17,891.783775967835,1
17,1159.19319279346,0
17,1165.50329446384,0
17,843.069335182824,1
17,899.715249144137,1
17,1146.42603272918,0
17,1175.31905565447,0
17,1210.11283980846,0
17,907.636603267088,1
17,1212.22450980228,0
17,1209.60619500917,0
17,889.248752618536,1
17,1184.43156025909,0
17,879.708859722187,1
17,946.858707975227,1
17,1167.57427501246,0
17,1224.75546394258,0
17,872.530980635242,1
17,878.729826690385,1
17,906.011704682463,1
17,869.794202070995,1
17,1145.69328007605,0
17,1219.06464254596,0
17,1148.09430291635,0
17,859.248186455273,1
17,1178.64872113591,0
17,1184.16100344122,0
17,1155.27498356539,0
17,1219.7785183264,0
17,895.95040125432,1
17,865.915280891166,1
17,919.254045950639,1
17,880.390812301782,1
17,939.610406081808,1
17,1163.10325131421,0
17,834.752972179183,1
17,885.435741684804,1
17,1179.29388654763,0
17,866.701451304431,1
17,1156.54250382597,0
17,932.418129778963,1
17,1205.29875756678,0
17,1159.03608783747,0
17,913.743757826207,1
17,1165.12393996117,0
17,1152.83605177531,0
17,872.418107681655,1
17,1183.04412565008,0
17,1203.14817931132,0
17,891.779024685755,1
17,924.40308580791,1
17,1174.29540198381,0
17,1174.35985444929,0
17,903.982676688993,1
17,1209.47175578456,0
17,1112.31951755332,0
17,1196.52504815907,0
17,1116.36656392198,0
17,1142.35784839109,0
17,1173.938869929,0
17,853.389596187444,1
17,947.798269941698,1
17,1153.85134020594,0
17,1163.15060611784,0
17,1212.38083510927,0
17,903.894358222971,1
17,844.19938530828,1
17,902.432585239267,1
17,924.613627455226,1
17,879.692287456214,1
17,1170.71789169773,0
17,1201.03476783958,0
17,1146.46725217101,0
17,910.936927771088,1
17,1161.47043883348,0
17,1151.56917768464,0
17,906.810946439755,1
17,880.305440153405,1
17,859.865411811084,1
17,865.302414706652,1
17,1151.19410095625,0
17,1159.28579315159,0
17,1166.07275295327,0
17,918.922265154088,1
18,1181.50280689919,0
18,1210.02961163696,0
18,1205.1802848931,0
18,1051.32031181509,1
18,1056.91583122103,1
18,1192.13341045065,0
18,1179.63082909891,0
18,1219.19776875436,0
18,1014.49333940499,1
18,1225.75660363967,0
18,1203.0430219958,0
18,987.382792602684,1
18,1209.30055600952,0
18,1127.71679387,0
18,1160.47158993374,0
18,1197.82982299834,0
18,1006.04456752938,1
18,1028.85424935058,1
18,1172.59761349689,0
18,1245.32610554627,0
18,1047.97080258422,1
18,1201.10917307745,0
18,1163.89128149119,0
18,1040.95021051771,1
18,1218.75257563099,0
18,1014.4074038397,1
18,1133.29717431963,0
18,1170.69633486533,0
18,1049.75516935103,1
18,1011.0294479085,1
18,1184.15056705979,0
18,1178.38014195596,0
18,1199.12904477951,0
18,997.470049168826,1
18,1038.90780169135,1
18,1044.76502132943,1
18,987.886577799656,1
18,1044.42107641606,1
18,1059.22891426165,1
18,1023.04133577206,1
18,1212.01994702411,0
18,1182.48989281939,0
18,1172.7157052025,0
18,997.177657304802,1
18,1032.07983134216,1
18,1151.40702098206,0
18,1228.51566306282,0
18,1011.95117718334,1
18,1087.55859970465,1
18,1192.74704624169,0
18,1053.2760745444,1
18,1038.77034258078,1
18,1004.46671627589,1
18,1227.93952075917,0
18,1212.47098192005,0
18,1206.54710295781,0
18,1148.77834297138,0
18,1158.26429064406,0
18,1031.19933757078,1
18,1081.97730664274,1
18,1187.98383726031,0
18,1180.12851980318,0
18,1000.22817737324,1
18,1207.74464076311,0
18,1023.26827782564,1
18,1145.22690671069,0
18,1146.42327783267,0
18,999.597555597894,1
18,1216.29089404795,0
18,1013.77111291985,1
18,1185.70591819786,0
18,988.13159012559,1
18,1018.54523964532,1
18,1217.40222903148,0
18,1096.74370290637,1
18,962.977872582119,1
18,1183.61561124275,0
18,1209.25281256548,0
18,1027.66079706886,1
18,1031.52798556295,1
18,1130.77645263635,0
18,1003.80150884432,1
18,1051.70800723463,1
18,1140.45472511756,0
18,1039.12719017552,1
18,1061.66523809058,1
18,1138.54616899008,0
18,1156.25405293827,0
18,977.762300142926,1
18,1045.92949572502,1
18,1192.21265811098,0
18,1135.74096529475,0
18,1049.44286160081,1
18,1202.3710980108,0
18,1038.41410977046,1
18,1274.78324331379,0
18,1048.90246625633,1
18,1042.17409543903,1
18,996.647241089531,1
18,965.937260032515,1
18,1204.51051936844,0
18,1239.75427177978,0
18,1020.01216188624,1
18,1052.33547717281,1
18,1003.89735883537,1
18,1168.5072761282,0
18,1211.74559954526,0
18,1071.08336144695,1
18,1246.93655317407,0
18,1195.74814865282,0
18,1140.32952220207,0
18,1005.35136162741,1
18,997.570011748451,1
18,1207.83003514277,0
18,1194.60823663511,0
18,1057.96815159703,1
18,1027.0807409451,1
18,1054.60227749191,1
18,1050.97561297985,1
18,1212.74639044762,0
18,1136.99184946645,0
18,995.936406393339,1
18,1205.23642380815,0
18,1020.46553243107,1
18,998.324777596181,1
18,1059.57595491641,1
18,1023.88668631973,1
18,1051.87225163382,1
18,1033.18125149924,1
18,1137.42984646801,0
18,1160.34588697868,0
18,1172.69173456825,0
18,1039.68667532894,1
18,1079.58060280635,1
18,1150.53619688858,0
18,1187.14889995653,0
18,1014.46874157744,1
18,1038.39698982144,1
18,1031.14064376174,1
18,1171.63335946091,0
18,999.078240490605,1
18,1059.68096128941,1
18,1044.51800345744,1
18,1006.19455290238,1
18,1019.3945920922,1
18,1043.24342079686,1
18,1034.04037333685,1
18,1011.69760439724,1
18,1212.27192075808,0
18,996.927188634611,1
18,1190.95504902287,0
18,1189.94820865461,0
18,1190.84115522766,0
18,1167.97093720358,0
18,1174.42109901533,0
18,1167.35470359647,0
18,1219.60298682623,0
18,1030.5688751774,1
18,1033.23769346377,1
18,1205.65086795139,0
18,1195.45237961721,0
18,1174.00790111754,0
18,1170.32944572744,0
18,1211.2583554482,0
18,1214.26872569035,0
18,1197.90437772605,0
18,1247.01525942677,0
18,1246.10437718776,0
18,980.086137463631,1
18,1174.27505164577,0
18,1009.94524307718,1
18,1209.77856580218,0
18,1013.44777318594,1
18,1053.39889736155,1
18,1231.38959969035,0
18,1019.44812044134,1
18,1062.07169743011,1
18,1016.94231539285,1
18,1027.24532392666,1
18,1067.97656545679,1
18,1125.34980371172,1
18,1015.92234129944,1
18,1225.69561954627,0
18,1256.20506963484,0
18,1026.57259477889,1
18,1046.10929824412,1
18,1230.48316856993,0
18,1199.84447787863,0
18,1057.20796913355,1
18,975.986828885401,1
18,1201.37529763349,0
18,1087.45208591764,1
18,1124.61650774464,0
18,1039.58234018117,1
18,1158.69614825769,0
18,965.114645831588,1
18,1202.29730913455,0
18,1041.07616670479,1
18,1237.60671449623,0
18,1158.61251570299,0
19,1088.19215941386,0
19,1138.62900470815,0
19,1144.51999110443,0
19,708.555604365216,1
19,756.543408117204,1
19,724.513577014267,1
19,743.955838295362,1
19,1168.13249029798,0
19,730.841528354882,1
19,787.518749263888,1
19,695.160405333123,1
19,755.891208308387,1
19,1160.79239633128,0
19,756.315031233533,1
19,763.878705175644,1
19,746.756645793268,1
19,1193.23758962173,0
19,1110.75242859474,0
19,785.743921071503,1
19,738.172049595551,1
19,781.216628525527,1
19,760.984430044918,1
19,1164.81189466546,0
19,1179.50532717949,0
19,812.804137926929,1
19,672.108168475815,1
19,722.402259458554,1
19,1178.80180183717,0
19,1137.98786229065,0
19,1149.56035036751,0
19,704.352754576823,1
19,1094.60745046284,0
19,734.084593389849,1
19,1158.21792852605,0
19,721.193707892785,1
19,1135.18583214537,0
19,1167.45404148228,0
19,1124.02936856483,0
19,741.297244675844,1
19,1166.04615612756,0
19,1173.04474742013,0
19,764.908166608998,1
19,729.819718826092,1
19,1127.67014460742,0
19,1136.55140208427,0
19,733.387005885927,1
19,778.520818180866,1
19,1113.06504922954,0
19,688.701155307179,1
19,1123.77994330197,0
19,729.614240233741,1
19,779.079040993554,1
19,1148.75341371395,0
19,1152.66052812426,0
19,1174.16106310861,0
19,1186.33143206374,0
19,1130.32750103159,0
19,1164.06722956643,0
19,1149.38440187908,0
19,765.243865612894,1
19,1096.99429755372,0
19,750.45627778684,1
19,721.791132443019,1
19,769.989212039113,1
19,1224.72951414203,0
19,1115.39056144903,0
19,775.541486539266,1
19,744.33875780241,1
19,1163.06497638452,0
19,742.412589789963,1
19,1078.83495589502,0
19,1136.34645883794,0
19,1137.8217038648,0
19,1260.99765542324,0
19,764.683834918106,1
19,798.777917037164,1
19,787.134518590521,1
19,1154.74766432456,0
19,1119.81688597257,0
19,1123.43214388823,0
19,728.197756940676,1
19,1133.21419940427,0
19,745.58432065736,1
19,1164.00486381732,0
19,1118.87421742942,0
19,829.426053504228,1
19,1173.38689644043,0
19,704.994640727293,1
19,849.021560383473,1
19,729.902383403289,1
19,1119.39916862712,0
19,1188.44204674334,0
19,734.727312402466,1
19,1170.6020771242,0
19,702.996108701613,1
19,778.832296448899,1
19,1106.9184680813,0
19,739.799944160386,1
19,739.710153729355,1
19,740.736567299429,1
19,1134.87807281336,0
19,775.214299384785,1
19,777.725232290346,1
19,1114.26827617633,0
19,775.267542712571,1
19,758.151436197713,1
19,1183.41209910758,0
19,1170.69161189069,0
19,723.582682884668,1
19,712.499372043989,1
19,1190.59523863967,0
19,661.102347564656,1
19,1157.04463200237,0
19,813.237263571609,1
19,1119.88261476686,0
19,788.894700214064,1
19,753.879420174781,1
19,1165.94911484232,0
19,730.491800975058,1
19,739.409647771532,1
19,746.482575137456,1
19,775.944879391639,1
19,822.773623924423,1
19,1150.94075077345,0
19,732.480994285095,1
19,713.487522975305,1
19,739.522204345467,1
19,748.003439949153,1
19,1181.36715933015,0
19,1128.98854456734,0
19,1148.67681128427,0
19,1129.0322901083,0
19,745.894161955947,1
19,726.763285827381,1
19,1108.4657936826,0
19,793.975408099844,1
19,762.112796309938,1
19,771.569449221544,1
19,727.11991506889,1
19,1124.40323150335,0
19,774.82667447271,1
19,740.473717409129,1
19,1112.38001357337,0
19,706.923408110598,1
19,1146.95752068749,0
19,784.98315838262,1
19,1120.29780713918,0
19,758.19555579917,1
19,707.850263901437,1
19,785.26269343526,1
19,730.173573493521,1
19,1163.31845190414,0
19,1159.88142026405,0
19,806.940472925659,1
19,1130.86435189182,0
19,741.479307338206,1
19,1125.49140339596,0
19,1148.0448624353,0
19,1157.31788088557,0
19,775.613694728899,1
19,801.746470852882,1
19,741.962433899315,1
19,756.046485980994,1
19,1129.16781319012,0
19,762.722611391344,1
19,722.007023133786,1
19,1156.33601750526,0
19,1112.26803850224,0
19,1191.23844469776,0
19,1135.52008400118,0
19,741.550566902432,1
19,1152.96781913837,0
19,751.492762337519,1
19,713.117130059425,1
19,738.045070828764,1
19,737.285899532415,1
19,1152.34502544265,0
19,1118.76741524288,0
19,834.121508447462,1
19,704.827521926777,1
19,1112.97439301898,0
19,754.211555257404,1
19,1151.45434591156,0
19,1117.55813405086,0
19,784.927386172556,1
19,734.490287839264,1
19,753.464466452126,1
19,783.628058557233,1
19,777.87508498884,1
19,1181.50829160683,0
19,1145.94590720275,0
19,1160.55624311725,0
19,1190.89670645752,0
19,1133.5173751912,0
19,1112.38241813086,0
19,753.49925741635,1
19,1164.23760216564,0
19,795.480036875387,1
19,1131.15331721145,0
19,742.1044590511,1
20,804.478755414207,1
20,713.898800870908,1
20,797.336337258127,1
20,969.869454762072,0
20,746.80772738742,1
20,989.367228417299,0
20,973.637148683064,0
20,927.907326790417,0
20,1009.50518544351,0
20,860.95282150928,1
20,825.705213240379,1
20,993.796376639384,0
20,978.338322462176,0
20,982.351421433772,0
20,918.010748627742,0
20,803.975084142729,1
20,1013.05512399185,0
20,961.292505910102,0
20,787.742748367713,1
20,763.695382962186,1
20,778.681490316787,1
20,810.239086337191,1
20,1010.98177050859,0
20,821.883444808394,1
20,773.418968298731,1
20,1014.38476627035,0
20,935.979770196754,0
20,809.495902283964,1
20,837.061896977846,1
20,981.373333482669,0
20,967.723395333049,0
20,834.575351814548,1
20,970.495755588246,0
20,769.685914436729,1
20,958.991452823663,0
20,962.976042336911,0
20,780.580465586657,1
20,968.9241762753,0
20,1020.04796632792,0
20,804.043299359638,1
20,905.334478376639,0
20,927.380248009241,0
20,813.633590921235,1
20,968.291766674556,0
20,955.061694726281,0
20,747.340912656108,1
20,782.290443614471,1
20,757.803329181773,1
20,794.437036444141,1
20,934.939697860773,0
20,738.24366913175,1
20,803.533403889614,1
20,984.312335603165,0
20,786.0330831395,1
20,935.715266213623,0
20,840.015761239645,1
20,780.449388083097,1
20,806.678270100045,1
20,989.468878270881,0
20,988.463728698068,0
20,998.027311419146,0
20,1034.60673027212,0
20,796.514081197306,1
20,791.413982180886,1
20,772.257580576409,1
20,986.749233706229,0
20,999.906302015836,0
20,1008.45636427392,0
20,770.888543406076,1
20,780.309733040257,1
20,740.628614916261,1
20,963.135542795048,0
20,971.952925742435,0
20,803.493783351956,1
20,785.264970388466,1
20,998.877896442009,0
20,907.812243613639,0
20,1029.92840322208,0
20,966.567680825385,0
20,785.218583665463,1
20,975.972309680984,0
20,794.793634662891,1
20,799.039823895936,1
20,982.394741417617,0
20,786.175049638023,1
20,770.382611188692,1
20,816.306396138669,1
20,783.776667535814,1
20,737.799780914956,1
20,993.485654504057,0
20,981.837822544533,0
20,842.663522056642,1
20,932.322449975188,0
20,802.787708862211,1
20,948.184663314372,0
20,957.700623553523,0
20,951.857284378629,0
20,963.619656842388,0
20,775.545380148766,1
20,989.950805070525,0
20,967.246061257602,0
20,1028.06853905117,0
20,756.712188732694,1
20,801.89610274341,1
20,949.354716625989,0
20,760.328260998472,1
20,784.935595370853,1
20,815.48254118574,1
20,794.963284963127,1
20,955.37835546266,0
20,805.327984524184,1
20,793.689778763377,1
20,782.213894794509,1
20,812.528276917529,1
20,777.490320115158,1
20,743.172928110003,1
20,769.748429368238,1
20,980.593463461137,0
20,744.224557599148,1
20,796.505493248473,1
20,922.615516149162,0
20,780.740573570022,1
20,773.11571812545,1
20,711.110588645409,1
20,838.442436181322,1
20,794.285059294809,1
20,793.157729554716,1
20,765.547139028824,1
20,798.463475464523,1
20,989.638209184189,0
20,840.589180123024,1
20,783.869532882776,1
20,798.270216604194,1
20,978.116290704629,0
20,959.124833463304,0
20,968.797530502094,0
20,835.294016262101,1
20,982.9388847255,0
20,963.537693430471,0
20,804.690257189512,1
20,795.955572206162,1
20,792.379237136036,1
20,943.292128055819,0
20,962.034672750868,0
20,775.194341156206,1
20,779.083672072678,1
20,783.492838123272,1
20,964.984493521048,0
20,917.043277952389,0
20,995.21936362648,0
20,823.817525250677,1
20,980.465301463709,0
20,985.79726600405,0
20,766.417150614314,1
20,937.199002035368,0
20,960.870528181324,0
20,800.818088006855,1
20,820.976225545689,1
20,985.392434410694,0
20,992.187847410208,0
20,787.041918622367,1
20,953.519718082965,0
20,773.051678412374,1
20,1018.53136661157,0
20,986.685896424515,0
20,964.427362870431,0
20,947.316156064849,0
20,801.822116223014,1
20,760.700416521156,1
20,759.10000250747,1
20,779.191130949339,1
20,978.147109957092,0
20,821.225838165685,1
20,982.875536094611,0
20,809.285528392207,1
20,1001.71417587958,0
20,795.755352351131,1
20,997.299629292695,0
20,799.294207865782,1
20,918.064583190515,0
20,810.398048863748,1
20,852.882309588281,1
20,949.059210798531,0
20,784.215058178308,1
20,972.30429357468,0
20,781.372441661741,1
20,942.22085098535,0
20,758.555501592915,1
20,965.172241239544,0
20,911.000680243518,0
20,985.532318463995,0
20,985.80871656589,0
20,800.542301496945,1
20,812.676575281925,1
20,973.870944247517,0
20,732.982997383227,1
20,805.949942326803,1
20,776.332701586571,1
20,1009.26953985391,0
20,957.000173109835,0
