"species","gdd","urban"
1,668.00543507003,0
1,668.881401642475,0
1,811.086171171193,1
1,812.694372351357,1
1,673.223769409045,0
1,799.938996544077,1
1,792.101681120029,1
1,670.958669716475,0
1,666.532390207366,0
1,813.144694004043,1
1,658.873680920054,0
1,804.3212218535,1
1,648.953760804905,0
1,808.669244197426,1
1,809.545798958713,1
1,790.468450583901,1
1,789.980530430672,1
1,664.848917922643,0
1,667.685381457865,0
1,666.213212953771,0
1,656.00493780777,0
1,790.448302863404,1
1,802.816209306879,1
1,807.708732507782,1
1,803.672245577477,1
1,666.715002507577,0
1,807.95792504923,1
1,826.538490703856,1
1,811.21174082925,1
1,800.370392162936,1
1,670.662218216225,0
1,813.165805476813,1
1,671.402036858513,0
1,673.793067311664,0
1,670.697815509535,0
1,663.082396369624,0
1,803.916769752089,1
1,794.82651250138,1
1,801.13352131683,1
1,667.519835962896,0
1,801.077074031188,1
1,674.62271452577,0
1,803.69148990834,1
1,812.415998303294,1
1,680.67895527156,0
1,665.020475698673,0
1,674.482697901083,0
1,676.115239786915,0
1,791.412708646692,1
1,803.009642170385,1
1,807.377623948771,1
1,781.829005725809,1
1,685.254588501554,0
1,798.91484687915,1
1,806.037393548252,1
1,809.183092631365,1
1,683.45400553495,0
1,664.527244959811,0
1,659.266614984304,0
1,803.36429803202,1
1,797.021906836167,1
1,655.097787476435,0
1,662.806883552347,0
1,662.092344514922,0
1,816.221858287548,1
1,692.694030270905,0
1,804.446548202122,1
1,669.021882234196,0
1,678.902167486004,0
1,805.318749745245,1
1,660.61784500682,0
1,671.230969048411,0
1,804.06340281849,1
1,650.170299166853,0
1,651.794429412702,0
1,802.43822949055,1
1,677.707582922624,0
1,659.827362377841,0
1,668.603042081583,0
1,804.991298603593,1
1,808.392211506476,1
1,646.282673307863,0
1,669.126289370651,0
1,683.349109448176,0
1,806.381572100215,1
1,662.596738253544,0
1,801.422382359161,1
1,666.659292438658,0
1,811.533212633613,1
1,654.459297895149,0
1,679.417965864878,0
1,794.476141911574,1
1,797.840947853271,1
1,803.752774020478,1
1,671.866764256545,0
1,691.509941954644,0
1,665.223728965491,0
1,802.323619824168,1
1,800.551015126468,1
1,796.501248223446,1
2,707.781000491893,0
2,674.091849890398,0
2,774.204912387837,1
2,673.72865507787,0
2,775.520414206508,1
2,665.810396714518,0
2,771.11678834061,1
2,784.223438624495,1
2,778.022353492234,1
2,780.019427334237,1
2,675.084463397779,0
2,667.847846337327,0
2,774.331821791467,1
2,774.664623228612,1
2,774.130808768808,1
2,770.920584430803,1
2,686.878822519174,0
2,760.008230013759,1
2,659.317487824898,0
2,713.129766462073,0
2,689.41167705379,0
2,696.606850267495,0
2,765.384491431341,1
2,667.474465875868,0
2,764.992016432233,1
2,688.736685887167,0
2,780.400100184528,1
2,783.647624313083,1
2,757.479031962012,1
2,787.377863625678,1
2,765.588102181529,1
2,774.377832700573,1
2,684.064402356036,0
2,686.256953775047,0
2,779.913087901947,1
2,769.929855413904,1
2,663.41776196621,0
2,672.553457544468,0
2,666.36581327039,0
2,769.050322684026,1
2,758.144905242349,1
2,686.979378972302,0
2,778.689967783976,1
2,688.70236375925,0
2,674.166311445125,0
2,769.275739932431,1
2,757.390847443449,1
2,776.409794227718,1
2,689.772172299959,0
2,750.285210523091,1
2,772.70474214892,1
2,696.662304461794,0
2,663.46769472664,0
2,776.615006275001,1
2,761.599449332837,1
2,773.264225371041,1
2,793.171219930605,1
2,757.181281183636,1
2,768.32712174222,1
2,691.614987843139,0
2,774.480235073834,1
2,747.030465854768,1
2,756.127660473435,1
2,770.700402348372,1
2,678.580681769146,0
2,770.786984447109,1
2,685.848625448976,0
2,688.486926689822,0
2,762.533160856388,1
2,677.134923615096,0
2,760.370735418167,1
2,763.583607512934,1
2,773.191053137287,1
2,689.103579770299,0
2,679.600686969571,0
2,681.485019029746,0
2,701.684815722711,0
2,687.051713232782,0
2,658.097461655776,0
2,678.642602186446,0
2,754.056142085338,1
2,680.237433358323,0
2,673.58173222086,0
2,677.173088886115,0
2,667.974259691597,0
2,777.170105188401,1
2,761.017538452574,1
2,785.316744977693,1
2,775.668052887345,1
2,687.659881989167,0
2,682.530706922995,0
2,694.116977689185,0
2,770.663865731478,1
2,790.020171326889,1
2,679.751878603184,0
2,684.928190506665,0
2,778.537451951224,1
2,772.344697764816,1
2,696.373953628813,0
2,752.995573725444,1
3,760.335893478499,1
3,764.131724210708,1
3,688.244994789509,0
3,670.990685504913,0
3,679.217921745886,0
3,668.878275088093,0
3,679.969602057919,0
3,677.401029895431,0
3,675.182621923666,0
3,660.164793067378,0
3,771.506488181122,1
3,685.084938551377,0
3,670.3599814716,0
3,760.057110404278,1
3,753.908054831953,1
3,773.208791579786,1
3,673.633064324169,0
3,669.750859925754,0
3,665.023892244185,0
3,664.09002453769,0
3,676.42669401208,0
3,653.694430728321,0
3,684.855295313115,0
3,787.309969381663,1
3,770.259485453318,1
3,666.461445085042,0
3,671.075413492466,0
3,681.097741400991,0
3,670.895944822315,0
3,674.915640675298,0
3,679.681523889587,0
3,762.503812179248,1
3,765.01772857819,1
3,757.171592960409,1
3,680.158497081187,0
3,779.21325922393,1
3,676.369011442358,0
3,775.778483668855,1
3,762.91637882809,1
3,666.103272468652,0
3,757.79727294889,1
3,770.466930330846,1
3,665.672174441867,0
3,755.115798323733,1
3,671.660887903697,0
3,751.631282913316,1
3,660.847992513149,0
3,767.748995033548,1
3,663.495637570083,0
3,773.5206441061,1
3,675.828039658438,0
3,764.057607718738,1
3,747.094988219724,1
3,681.066614378582,0
3,656.657727916383,0
3,661.861470599259,0
3,662.716748110083,0
3,761.692366677378,1
3,668.979775468542,0
3,680.291905658494,0
3,666.789935951158,0
3,762.013007052384,1
3,737.138199050035,1
3,740.774751201005,1
3,660.144164221044,0
3,749.529476731486,1
3,759.511597090171,1
3,752.468566642046,1
3,678.19924297953,0
3,759.298335157329,1
3,681.981636059733,0
3,660.05162999534,0
3,674.328890189604,0
3,750.548732258657,1
3,771.844786847542,1
3,657.471087079012,0
3,745.224953721059,1
3,681.206353930101,0
3,684.097678005049,0
3,767.350131182355,1
3,772.988571646662,1
3,649.536110314279,0
3,748.706050208837,1
3,679.625299217838,0
3,772.334218516393,1
3,658.494575139805,0
3,740.093577728058,1
3,754.726075037609,1
3,691.743401544371,0
3,780.644386563647,1
3,762.580508183671,1
3,684.120593782281,0
3,754.448504278487,1
3,675.092371546941,0
3,759.112730536004,1
3,758.557284835812,1
3,682.478413654474,0
3,678.14285350841,0
3,662.60504738613,0
3,673.692727023819,0
4,888.097955439696,1
4,748.349044098529,0
4,872.473015239035,1
4,755.986857532915,0
4,741.413676822411,0
4,873.772101044481,1
4,867.452989170621,1
4,765.968336903639,0
4,765.523370022715,0
4,750.687441337498,0
4,732.569136520172,0
4,877.717121659242,1
4,881.526234306002,1
4,865.012121383448,1
4,880.526159490331,1
4,879.649028665395,1
4,863.999853808765,1
4,741.866803431003,0
4,732.781703869805,0
4,757.737169666731,0
4,743.534446371581,0
4,885.745238281293,1
4,860.915861371959,1
4,754.239653111394,0
4,874.355948007817,1
4,864.601297352162,1
4,765.457583343855,0
4,866.595206238707,1
4,874.218545037858,1
4,726.473372597324,0
4,761.550263019451,0
4,857.831660300565,1
4,866.784311207924,1
4,876.687852138822,1
4,729.784040219753,0
4,761.901727078422,0
4,856.503067877312,1
4,750.140061794486,0
4,760.28652805284,0
4,741.166997088485,0
4,761.965108188767,0
4,863.384568513673,1
4,738.773682288494,0
4,865.563550869734,1
4,743.445525212235,0
4,867.762902945472,1
4,865.826336450568,1
4,740.68886732183,0
4,871.658544613442,1
4,867.171149631586,1
4,738.23202743054,0
4,887.665403418226,1
4,865.179405509255,1
4,873.823059035967,1
4,757.247992895993,0
4,737.042320203034,0
4,870.498310410828,1
4,862.462546851717,1
4,880.739065119349,1
4,736.702118711428,0
4,761.086201384065,0
4,764.651312025867,0
4,757.776881245201,0
4,867.16433323408,1
4,870.71376462803,1
4,848.197978624637,1
4,762.371765696712,0
4,866.851717195731,1
4,872.95840666648,1
4,744.266394021733,0
4,867.215859888354,1
4,752.383838087731,0
4,753.073727794895,0
4,879.077141342746,1
4,861.947993565945,1
4,871.216099159026,1
4,862.229945693619,1
4,750.66200613485,0
4,748.882587328588,0
4,870.241119309417,1
4,762.614426501255,0
4,868.184380331355,1
4,767.579446715542,0
4,860.15744153442,1
4,748.865967775566,0
4,852.564474955022,1
4,743.635447847674,0
4,755.998750872391,0
4,867.102831023195,1
4,876.399948872356,1
4,740.22584695324,0
4,747.322318999729,0
4,862.524068189233,1
4,876.155699925153,1
4,751.07393453937,0
4,884.246993906836,1
4,745.136245284825,0
4,744.236496219451,0
4,863.000074698774,1
4,880.074130542971,1
5,684.249215242834,0
5,676.809128929753,0
5,734.763955267202,1
5,676.354745817513,0
5,683.596532940983,0
5,754.108867828704,1
5,759.188613257394,1
5,690.145850995505,0
5,676.89383786762,0
5,748.442200363038,1
5,672.417840993751,0
5,730.111291783423,1
5,683.772548218703,0
5,703.05284701877,0
5,670.671299324274,0
5,744.30427926271,1
5,744.230479636579,1
5,678.94781458041,0
5,746.178235661911,1
5,671.01119606073,0
5,737.217470887054,1
5,760.025160233928,1
5,667.140298256551,0
5,664.468598510885,0
5,683.223861619025,0
5,661.371990066452,0
5,749.996679058332,1
5,667.64880297195,0
5,756.233853690145,1
5,736.570495948826,1
5,665.507204252141,0
5,740.483698675897,1
5,750.443325060579,1
5,738.650814700113,1
5,685.990065037285,0
5,685.818085173696,0
5,739.809646363687,1
5,659.466079576544,0
5,731.082399560403,1
5,749.729609163394,1
5,685.665114356117,0
5,679.253528229719,0
5,736.657345056123,1
5,692.827114028729,0
5,663.974277770796,0
5,739.597511884922,1
5,728.860059099151,1
5,746.432231128333,1
5,745.412452746374,1
5,682.016151714305,0
5,668.118860407701,0
5,735.193559461013,1
5,664.887089543055,0
5,718.67308282287,1
5,757.231769694525,1
5,730.505417329698,1
5,750.063786708286,1
5,678.456367005901,0
5,737.273995400335,1
5,737.532503012242,1
5,736.884763586512,1
5,681.765923850177,0
5,670.026223561515,0
5,677.644554619698,0
5,749.989180824134,1
5,742.065511773669,1
5,751.754359474351,1
5,758.580832744664,1
5,678.957702693464,0
5,688.054736436193,0
5,757.621245255131,1
5,746.406478524,1
5,740.974209950122,1
5,690.413905341691,0
5,688.374391706722,0
5,766.430684278228,1
5,687.319158775153,0
5,690.197370377994,0
5,757.109716993913,1
5,741.698862661441,1
5,662.508600590404,0
5,748.006690922034,1
5,659.435165174701,0
5,673.924939515117,0
5,667.727626916206,0
5,661.62908285455,0
5,668.014936460724,0
5,748.735740609239,1
5,745.486834169108,1
5,745.066596854455,1
5,663.866143524884,0
5,689.580304926911,0
5,665.117392364686,0
5,743.920491201667,1
5,672.501930498831,0
5,688.324097896987,0
5,678.058041612471,0
5,744.190074146395,1
5,675.90398374084,0
5,746.964441854538,1
6,730.360240809795,1
6,686.31417600076,0
6,690.79003580741,0
6,679.471949413119,0
6,680.183998070912,0
6,698.254374818785,0
6,734.913628689073,1
6,729.807463438476,1
6,692.229814578785,0
6,682.759177363608,0
6,743.017452845291,1
6,724.869509102602,1
6,692.540539103509,0
6,714.030603532434,0
6,679.813996887455,0
6,694.521309588718,0
6,685.915837119796,0
6,703.231293115709,0
6,747.969963031279,1
6,699.274887272195,0
6,735.982680350345,1
6,682.609338106069,0
6,694.453275189889,0
6,739.831700710718,1
6,695.114317023723,0
6,748.026160410052,1
6,720.314259728994,1
6,692.975711426065,0
6,690.64118454717,0
6,736.051719705204,1
6,698.69111020423,0
6,737.015609221721,1
6,722.56467118725,1
6,677.227160113066,0
6,698.712454121386,0
6,695.745274870251,0
6,743.160519994808,1
6,709.44269073221,0
6,696.238672594907,0
6,751.739036865174,1
6,691.776007367383,0
6,736.29115742845,1
6,693.545486330364,0
6,739.713222400024,1
6,751.645679117595,1
6,679.071603235809,0
6,736.195481995119,1
6,734.537428749755,1
6,715.861678838634,1
6,717.022083979518,0
6,703.688202071629,0
6,683.246789810964,0
6,681.180970073043,0
6,668.680745946367,0
6,697.781834322484,0
6,722.78836344134,1
6,702.299780668936,0
6,753.457110341317,1
6,732.998732879186,1
6,746.369682849869,1
6,694.257076355462,0
6,681.119045118576,0
6,677.226721714511,0
6,699.957220388614,0
6,708.498820015687,0
6,721.605162481191,1
6,696.095781742476,0
6,747.150372528861,1
6,738.075052880767,1
6,735.064119407968,1
6,674.201690974696,0
6,746.486868755904,1
6,729.490054773036,1
6,735.913707283207,1
6,732.631640067015,1
6,744.872388312024,1
6,739.120526153044,1
6,724.815825942386,1
6,744.262593154045,1
6,693.199205834769,0
6,719.066873794242,1
6,699.708028143887,0
6,733.767422300645,1
6,746.273043410338,1
6,726.251834809548,1
6,751.707333391174,1
6,682.241690546035,0
6,733.482435503235,1
6,678.332807180109,0
6,688.108242547905,0
6,693.046081832596,0
6,688.407638238476,0
6,702.147802920815,0
6,725.455728993452,1
6,689.424093115768,0
6,748.292576378063,1
6,737.1392800041,1
6,693.499027964597,0
6,698.667841065285,0
6,744.804435867798,1
7,655.990074612931,0
7,631.687483694181,0
7,667.911678505854,1
7,647.682410345938,0
7,653.637820543129,0
7,633.567314081233,0
7,664.23833348668,1
7,640.373215123647,0
7,649.521103305832,1
7,639.397635410625,1
7,668.897576489779,1
7,657.766872687518,0
7,663.638792395157,1
7,636.8548840673,1
7,653.291426515069,1
7,635.71763032293,0
7,636.413177349538,0
7,653.394807632369,0
7,644.456595002694,1
7,658.843310312517,0
7,661.883754957226,1
7,663.079302145765,1
7,641.244038920477,0
7,639.646989830553,0
7,650.522457232288,0
7,663.251993012994,1
7,651.175866984746,1
7,649.028471844289,1
7,641.07370262821,1
7,635.087708813154,0
7,651.647941222312,1
7,652.31873555636,1
7,659.033697535006,0
7,660.377504324122,1
7,655.958489041558,0
7,652.971070864858,0
7,638.182920297353,0
7,661.581876284256,1
7,672.187475239732,1
7,662.092740459026,0
7,634.499547461632,0
7,655.330311413799,1
7,655.467913901315,1
7,647.028360142349,0
7,665.796802203231,0
7,635.02256911717,0
7,638.442155203877,0
7,621.556795994752,0
7,648.54991695148,0
7,644.820165982846,1
7,640.354237497136,0
7,664.646156129701,0
7,657.120221016411,1
7,647.491092157253,0
7,639.5957838154,0
7,643.747680853295,0
7,651.953974274241,0
7,649.414713740227,0
7,664.641320935856,1
7,657.021291118594,1
7,677.18671964816,1
7,667.04434860611,0
7,664.587789482289,0
7,629.014756859049,0
7,677.134323233577,1
7,648.172591176624,0
7,653.89887907126,1
7,649.146307621752,1
7,650.359446674687,1
7,642.181182525586,0
7,640.090199067203,1
7,664.053105637762,0
7,630.7015869057,0
7,651.031003036475,0
7,640.668874174552,1
7,633.495021237086,1
7,649.612789597704,0
7,648.1174588406,0
7,645.008813465485,1
7,641.974199270777,0
7,644.922836526854,0
7,651.761821777332,0
7,656.967476683246,0
7,641.899223477013,0
7,633.615776711174,0
7,653.496801025429,1
7,647.214593849187,0
7,646.020434617315,1
7,643.388105293191,0
7,669.347771960916,1
7,646.824249308914,1
7,650.837012617131,0
7,658.687229470019,1
7,656.795020157952,1
7,647.29851796793,1
7,642.735331182176,0
7,645.835978682616,1
7,636.673883649398,0
7,640.294605711129,1
7,656.713035971957,1
8,946.747915845486,1
8,783.934235230646,0
8,908.968773532241,1
8,784.208822724052,0
8,784.108428766953,0
8,790.26951868928,0
8,920.774877782735,1
8,789.442109263191,0
8,923.299221450911,1
8,789.215616959988,0
8,791.575918779697,0
8,936.022046366449,1
8,802.948543343883,0
8,792.695072188695,0
8,800.432541311314,0
8,773.069921302996,0
8,933.169796669024,1
8,800.565561471199,0
8,787.37382273752,0
8,932.753730728377,1
8,938.52901832911,1
8,921.976630847853,1
8,917.74236991592,1
8,796.51921658562,0
8,779.775301184758,0
8,777.240914742434,0
8,786.90227078076,0
8,785.128577487183,0
8,925.729071846169,1
8,946.397816607414,1
8,929.452310197694,1
8,814.512040136112,0
8,938.341175841888,1
8,936.94354139664,1
8,944.343040545558,1
8,789.519732799213,0
8,940.756255195656,1
8,796.353512083693,0
8,780.173987887898,0
8,808.412111145359,0
8,931.553959020197,1
8,914.194112860459,1
8,934.487011323174,1
8,802.810927750996,0
8,914.878560333802,1
8,793.13383373909,0
8,927.25292012362,1
8,782.489009726535,0
8,908.228379869652,1
8,932.866183314586,1
8,815.906016845865,0
8,787.19193913401,0
8,925.954550232219,1
8,776.112993864745,0
8,946.637393716065,1
8,793.262094554986,0
8,934.99062500283,1
8,781.548282704464,0
8,789.919399413269,0
8,921.48449580076,1
8,936.842647900994,1
8,799.738134897147,0
8,929.397086573061,1
8,806.937322035264,0
8,784.412402929897,0
8,787.471574564494,0
8,793.479866365488,0
8,937.086344479153,1
8,907.104961998136,1
8,800.315916142849,0
8,951.623938833478,1
8,792.222579149961,0
8,943.624447097032,1
8,798.338989779828,0
8,781.846890152803,0
8,938.955358357076,1
8,939.15631187499,1
8,921.256466130641,1
8,928.181850157764,1
8,935.617523173168,1
8,917.928989548994,1
8,940.671288516821,1
8,936.053081799698,1
8,780.981120550182,0
8,781.802421832629,0
8,783.127657973292,0
8,943.156988742421,1
8,928.25587282051,1
8,915.276824363244,1
8,784.397051382789,0
8,943.15334409827,1
8,755.146903395455,0
8,787.411002111644,0
8,804.891722152149,0
8,926.803663631012,1
8,945.696696572707,1
8,794.581325499252,0
8,932.361068691724,1
8,936.770598947719,1
8,787.227052057938,0
9,783.206721602059,1
9,777.129420939268,1
9,663.13793611265,0
9,784.263663259585,1
9,688.355170197207,0
9,790.009814322153,1
9,804.450245695704,1
9,786.225976720393,1
9,795.67133369992,1
9,671.523313007047,0
9,782.131346641536,1
9,790.27382262097,1
9,803.609669240156,1
9,660.859094872038,0
9,798.427932855057,1
9,794.944349773406,1
9,668.770285073811,0
9,681.18506948005,0
9,780.24872182428,1
9,675.819597058023,0
9,792.055143158113,1
9,674.091856062911,0
9,797.675431869338,1
9,805.265471910364,1
9,693.823934373099,0
9,676.350442353174,0
9,700.278921820842,0
9,781.678388508684,1
9,685.00839433729,0
9,678.575698090702,0
9,795.033718950248,1
9,685.854271066794,0
9,709.99152261237,0
9,683.869281095058,0
9,775.130549833191,1
9,780.249769065913,1
9,682.794214996254,0
9,679.708806450437,0
9,682.16380049095,0
9,680.851094003949,0
9,788.309241695209,1
9,680.038168094396,0
9,679.152019288776,0
9,794.44656759026,1
9,685.350415133311,0
9,677.68060237961,0
9,805.159008107503,1
9,798.560133588946,1
9,787.192172412046,1
9,692.053147648363,0
9,683.697493341961,0
9,810.339034626193,1
9,768.715287910281,1
9,790.205910365216,1
9,786.884650135206,1
9,793.07655785135,1
9,785.788920912101,1
9,791.109720134543,1
9,673.304760348178,0
9,795.966352656301,1
9,680.78279502678,0
9,793.368705212824,1
9,795.931514666571,1
9,694.497786457354,0
9,784.327265287472,1
9,788.568438719237,1
9,669.984425147998,0
9,795.014029902798,1
9,680.532486976609,0
9,682.482097864925,0
9,685.21599555631,0
9,781.816637751303,1
9,693.475741460001,0
9,786.079670030927,1
9,786.021596821211,1
9,787.373887924677,1
9,805.111420931837,1
9,770.264550282204,1
9,783.108797625181,1
9,790.52001518119,1
9,788.635287263587,1
9,686.137643358281,0
9,670.744462297419,0
9,683.592411371482,0
9,680.328854764048,0
9,776.969142510021,1
9,684.761212753863,0
9,788.438245933465,1
9,693.366512519892,0
9,802.031801461535,1
9,669.668360736089,0
9,677.152666111778,0
9,686.225090991537,0
9,778.399987404041,1
9,776.026173633737,1
9,681.002736928526,0
9,679.796567764651,0
9,805.356341694094,1
9,782.774935377029,1
9,784.523314913041,1
10,806.68769572674,1
10,812.820342832778,1
10,824.299953606236,1
10,721.788901113913,0
10,818.10688256251,1
10,801.080629371194,1
10,804.708011540597,1
10,807.273348639216,1
10,699.9553594436,0
10,823.082708787226,1
10,697.569459952123,0
10,724.841657830014,0
10,725.441669817769,0
10,814.835848101269,1
10,823.52675347941,1
10,710.194541094208,0
10,718.471859935538,0
10,716.185708470729,0
10,714.297660743343,0
10,792.672649293609,1
10,806.691696282931,1
10,724.407237318571,0
10,823.269314874953,1
10,797.073675908759,1
10,804.515910349866,1
10,815.697356118484,1
10,810.420888371102,1
10,791.309419611585,1
10,804.761321600749,1
10,813.266072400273,1
10,708.910161150998,0
10,803.684372137464,1
10,711.529919481125,0
10,808.087338897122,1
10,810.830653850357,1
10,715.267048639027,0
10,817.430175015117,1
10,802.439748249283,1
10,694.692628716077,0
10,707.817474368901,0
10,816.588564385233,1
10,743.450098601416,0
10,717.188059111522,0
10,795.079102631556,1
10,720.393920257238,0
10,719.171898747027,0
10,712.861819692606,0
10,701.368805806679,0
10,800.853684057227,1
10,795.217879408099,1
10,712.431078109136,0
10,810.023239668419,1
10,708.232922475222,0
10,801.021457777883,1
10,798.271768768313,1
10,706.889067734127,0
10,718.806271015879,0
10,826.154218211696,1
10,690.878896806331,0
10,805.619574268083,1
10,720.806602024064,0
10,813.468087817177,1
10,806.510956219674,1
10,732.258460052928,0
10,784.936196189054,1
10,798.830683810306,1
10,821.02720233381,1
10,807.032640847441,1
10,790.33476863329,1
10,723.429912677679,0
10,803.301384821167,1
10,706.866853130436,0
10,827.869227507121,1
10,720.74544272279,0
10,811.481996767515,1
10,710.607258901707,0
10,707.896434007572,0
10,802.943281633475,1
10,725.868896216695,0
10,723.250803237324,0
10,730.415010751317,0
10,811.945846392048,1
10,787.672843398815,1
10,715.574835111528,0
10,712.697006914768,0
10,817.899288567452,1
10,708.098354960733,0
10,720.599124900929,0
10,701.470788579982,0
10,722.624315989421,0
10,713.528445203081,0
10,703.054316008018,0
10,714.041970733866,0
10,739.415587064713,0
10,810.258492306205,1
10,686.855867045341,0
10,810.701596342391,1
10,819.533542692359,1
10,718.74860419282,0
10,806.371853161673,1
11,776.84097846881,0
11,778.275610986168,0
11,884.469439215128,1
11,891.801440941124,1
11,794.692744054947,0
11,912.138600664299,1
11,776.935681195278,0
11,768.427963472486,0
11,887.791208264274,1
11,907.236353164262,1
11,783.60669415796,0
11,774.37606480913,0
11,898.331031791297,1
11,770.131190517697,0
11,889.08877512339,1
11,899.806812605055,1
11,895.590649821786,1
11,771.084764322808,0
11,774.694756373552,0
11,781.392658244864,0
11,884.373919810671,1
11,888.453702844106,1
11,776.230375811929,0
11,900.878032178882,1
11,783.543699029225,0
11,787.657605230325,0
11,903.346750994216,1
11,787.63664509976,0
11,904.307100697428,1
11,903.740131145029,1
11,764.402434505631,0
11,896.355157057656,1
11,891.55514999126,1
11,775.734617729631,0
11,795.352203288577,0
11,897.698285855547,1
11,760.42834092551,0
11,897.765400734751,1
11,893.422841153776,1
11,772.612042693533,0
11,772.457883605978,0
11,788.786746398131,0
11,903.068925730058,1
11,908.594563340831,1
11,788.028456521936,0
11,902.149316448865,1
11,887.960881534529,1
11,900.794984180015,1
11,802.337470222205,0
11,778.027769331161,0
11,775.397371238489,0
11,904.758473837644,1
11,772.914825772197,0
11,888.647837875912,1
11,775.049645181068,0
11,777.900102643142,0
11,778.765389820158,0
11,792.327101282364,0
11,910.661036199016,1
11,877.8230170753,1
11,897.444647450819,1
11,784.556042117439,0
11,913.670363434016,1
11,905.819735334325,1
11,787.419967990407,0
11,888.610613665928,1
11,768.529300669824,0
11,768.274070042324,0
11,787.763330284403,0
11,893.685737199865,1
11,896.243433539072,1
11,892.531500858014,1
11,909.032912212968,1
11,790.88647550508,0
11,891.081583323967,1
11,781.922881738472,0
11,895.555195657766,1
11,784.954738607135,0
11,892.752066111158,1
11,882.418137805565,1
11,772.183407056536,0
11,773.674047461619,0
11,781.824122516535,0
11,774.214141094454,0
11,754.994650035577,0
11,891.066975713801,1
11,883.171986156479,1
11,765.112702360248,0
11,885.417746178445,1
11,786.140344991959,0
11,772.653183896316,0
11,769.638970553159,0
11,896.677858800329,1
11,767.443382540501,0
11,784.693428245425,0
11,905.049346813775,1
11,765.667297401816,0
11,879.942018955524,1
11,895.269271748097,1
11,900.694067330173,1
12,747.752249132734,1
12,760.448053205915,1
12,774.113386546494,1
12,750.618381566358,0
12,737.177285351431,0
12,739.930033523167,0
12,737.642963314004,0
12,777.815202084269,1
12,753.655761842366,0
12,755.18267115247,0
12,741.538576967368,0
12,744.251815203939,1
12,775.217409319774,1
12,743.651838204462,0
12,764.066050341392,1
12,742.72085080872,0
12,748.404077678992,0
12,782.761259886305,1
12,755.049623581412,1
12,742.881664170324,0
12,718.638180628435,0
12,759.939147400579,0
12,761.432244301813,1
12,727.181978214676,0
12,749.511816989243,0
12,772.063551811721,1
12,736.618007425708,0
12,771.876975414841,1
12,749.196344813601,0
12,752.612138426938,1
12,754.174889838449,1
12,761.725663959499,1
12,770.166407652227,1
12,749.348025640596,1
12,743.382450595848,0
12,753.033180374236,1
12,762.179090977739,0
12,742.225659191631,0
12,754.251153448719,1
12,757.881974276562,1
12,774.831318088697,0
12,746.878894672577,1
12,751.889425679291,1
12,753.312577812371,0
12,766.021791109034,1
12,745.848238739644,0
12,742.678869080038,0
12,747.956398002231,0
12,761.916013411159,1
12,759.243634937502,1
12,751.105918366514,0
12,769.067212146326,1
12,758.339652285632,0
12,766.154256601252,1
12,758.36734152577,1
12,749.901238169402,0
12,768.364601988599,1
12,752.000292412539,1
12,771.863285595131,1
12,761.450325841297,1
12,770.508492153076,1
12,753.139825864786,1
12,730.528378321551,0
12,746.195305815139,0
12,762.674948503766,1
12,754.544266317239,1
12,732.915214900784,0
12,748.912793105926,0
12,779.862736339387,1
12,740.739337302536,0
12,768.413498977708,1
12,744.567828019263,0
12,745.042642171298,0
12,743.244712393926,0
12,747.945665694636,0
12,726.295667572661,0
12,765.264609897747,1
12,735.787044294012,0
12,750.490734246474,1
12,740.127733237478,0
12,766.127660914171,1
12,743.818041665048,1
12,762.276117455006,0
12,741.55770155338,0
12,753.565964022658,0
12,773.667492857461,1
12,777.052718431483,1
12,757.50930536609,1
12,751.69536349068,0
12,734.489566208439,0
12,765.180438035279,1
12,757.53676428033,1
12,741.166234463254,0
12,741.271136756804,0
12,742.405199474993,0
12,740.310773356912,0
12,745.77050158246,0
12,732.052985538612,0
12,767.780613213016,1
12,737.408528215612,0
13,807.26390810591,1
13,737.92356883735,0
13,791.251763112339,1
13,795.924663451719,1
13,746.113057188331,0
13,797.118103404614,1
13,739.434726314097,0
13,740.705456457939,0
13,794.288192821562,1
13,739.88010134686,0
13,802.63492011023,1
13,760.592990942901,0
13,747.914642604526,0
13,800.047132082382,1
13,739.536755395734,0
13,790.991736222599,1
13,812.379010061178,1
13,796.144509261092,1
13,777.58768808885,1
13,753.434640954775,0
13,749.250663744992,0
13,784.881861338854,1
13,743.371281016141,0
13,759.878779976234,0
13,739.973027877234,0
13,787.908276049875,1
13,738.766577488114,0
13,781.015603805897,1
13,739.617115596868,0
13,790.159036726228,1
13,759.810325384104,0
13,759.346658906592,0
13,752.661657899505,0
13,734.220129999172,0
13,755.458230955629,0
13,744.810124561471,0
13,770.804968444267,1
13,778.218782647391,1
13,777.161943265727,1
13,754.549120143972,0
13,780.402504840539,1
13,752.073040676712,0
13,747.089581082446,0
13,792.791058839194,1
13,801.964441735225,1
13,784.417578437402,1
13,794.821147939883,1
13,739.07185012514,0
13,777.634036735103,1
13,755.588553206883,0
13,795.458072974446,1
13,781.856144680199,1
13,772.415371188015,1
13,738.434024378343,0
13,778.103948280803,1
13,745.310710567934,0
13,793.322527930956,1
13,755.553451060259,0
13,787.871154466449,1
13,739.432481863844,0
13,733.568375901812,0
13,782.685487084825,1
13,756.815749503161,0
13,793.365401724032,1
13,735.393408644533,0
13,740.051898872152,0
13,750.037418044023,0
13,796.560492661914,1
13,793.702708566469,1
13,773.447191028276,1
13,798.935731088826,1
13,782.92306352297,1
13,775.445700229511,1
13,760.031162925253,0
13,790.705140379315,1
13,753.700985947788,0
13,789.600711242433,1
13,748.541287355916,0
13,793.103865532569,1
13,767.971754387805,1
13,741.627634822283,0
13,746.085604861831,0
13,732.095378822391,0
13,784.198246194541,1
13,737.847805331261,0
13,734.886010692176,0
13,804.426212721956,1
13,781.531158416423,1
13,784.216006602792,1
13,766.549673699191,0
13,805.501839724827,1
13,750.494194088674,0
13,736.988763014716,0
13,802.661209786827,1
13,745.117064495792,0
13,752.762908230396,0
13,768.032831054264,1
13,783.201727510949,1
13,733.939625125646,0
13,738.07482774928,0
14,798.176351642442,1
14,788.289401225396,1
14,724.81797327873,0
14,725.939155247798,0
14,741.951230100193,0
14,745.522280207424,0
14,780.334590927072,1
14,731.984637163237,0
14,731.44620190738,0
14,718.2446806909,0
14,747.572719270142,0
14,743.578584615219,0
14,772.892794380315,1
14,729.80577926094,0
14,782.786538445795,1
14,742.196089224558,0
14,780.025834550304,1
14,789.639267194578,1
14,738.24001791024,0
14,794.418783388825,1
14,727.815428427111,0
14,798.915951031598,1
14,737.900616743717,0
14,719.647918952232,0
14,726.119346436822,0
14,779.996375654558,1
14,794.257482159318,1
14,709.219947067677,0
14,789.272419208614,1
14,718.967880210644,0
14,790.920080965013,1
14,791.639365326993,1
14,727.20021368798,0
14,787.628670780063,1
14,726.561678769875,0
14,738.90016664749,0
14,734.556207756959,0
14,763.30116924284,1
14,752.067878278406,0
14,757.69736828382,1
14,724.576419776205,0
14,793.201668312117,1
14,801.166837598469,1
14,736.695040955408,0
14,775.713926956387,1
14,727.504295213718,0
14,788.246771221218,1
14,794.624090102307,1
14,717.029142680508,0
14,742.035747929922,0
14,759.499929856641,1
14,789.475044267369,1
14,728.512514444218,0
14,735.651322183003,0
14,784.760222939487,1
14,725.029390098669,0
14,794.408736497975,1
14,733.45568662575,0
14,786.260434758275,1
14,716.522869014025,0
14,722.443299582723,0
14,792.964173656249,1
14,719.468733187119,0
14,742.895720126385,0
14,792.372947673468,1
14,779.571345186818,1
14,779.442964290661,1
14,782.821730013627,1
14,733.120810637892,0
14,735.195959674964,0
14,792.350039695552,1
14,792.258306925517,1
14,785.019772191123,1
14,786.600559421953,1
14,785.147986545228,1
14,793.230423374261,1
14,712.124879894684,0
14,783.251798474968,1
14,769.0094802834,1
14,814.479236530997,1
14,796.728204108226,1
14,724.844672427341,0
14,781.991250358065,1
14,721.558595971747,0
14,787.196292780452,1
14,735.981700313831,0
14,792.650536739368,1
14,791.006673959297,1
14,779.588440278053,1
14,738.850491933996,0
14,794.410489480136,1
14,737.293134021758,0
14,724.878345423273,0
14,726.603089695117,0
14,725.03332008793,0
14,729.116968333774,0
14,799.088450395306,1
14,796.089481767033,1
14,781.601641851277,1
14,751.261444021143,0
15,810.704310328079,1
15,810.311185945051,1
15,745.586949643022,0
15,746.510466733107,0
15,757.075096811924,0
15,801.697219718588,1
15,815.546028693875,1
15,813.505620957167,1
15,770.248448200906,0
15,814.959479537628,1
15,806.388847632207,1
15,780.15054588499,0
15,758.556491613815,0
15,746.666352655978,0
15,756.781437768036,0
15,759.494727926932,0
15,758.462032100106,0
15,808.148413518978,1
15,812.67901255669,1
15,808.975498164941,1
15,768.001951659349,0
15,772.029046977627,0
15,812.197546012978,1
15,768.019031108479,0
15,768.629568509645,0
15,809.178758297617,1
15,803.8968070464,1
15,763.048110137481,0
15,798.50245909137,1
15,819.408937051815,1
15,764.972715025909,0
15,764.337956917487,0
15,808.803568045433,1
15,805.756024526167,1
15,804.900656565049,1
15,759.909117336508,0
15,769.46171649484,0
15,815.320825635016,1
15,809.098675005369,1
15,748.868843703061,0
15,790.228410597779,1
15,812.3673516249,1
15,806.941500624369,1
15,823.076458172968,1
15,805.689510061115,1
15,767.009524636499,0
15,820.885520758712,1
15,758.732967887126,0
15,754.680667773443,0
15,797.183538210938,1
15,819.325411822856,1
15,808.231132437978,1
15,775.036564973451,0
15,741.446160790308,0
15,794.743041086115,1
15,807.174818396292,1
15,766.392148554548,0
15,817.903270998932,1
15,759.064204059152,0
15,794.899125978138,1
15,814.597986272097,1
15,801.92844962463,1
15,793.405441584751,1
15,810.831786534743,1
15,807.218590447567,1
15,770.096767688476,0
15,755.618138573677,0
15,818.471374142799,1
15,809.109591798363,1
15,778.981328836893,0
15,820.309803775149,1
15,800.557642084293,1
15,797.898266686903,1
15,823.264069181242,1
15,815.415904030975,1
15,760.503455170732,0
15,761.336516221959,0
15,812.670414558517,1
15,774.22948081771,0
15,752.394546564166,0
15,776.138364731337,0
15,818.837873139543,1
15,760.17542584837,0
15,800.6432475404,1
15,804.624852355079,1
15,751.895146234786,0
15,760.166332396337,0
15,757.505328330429,0
15,802.352074899605,1
15,788.666607711637,1
15,765.281509836445,0
15,778.747856229209,0
15,816.713719123064,1
15,815.230306622213,1
15,770.621232360941,0
15,809.842361002673,1
15,791.5715718553,1
15,755.74656915067,0
15,807.809837344173,1
15,769.613566141744,0
16,774.729194915083,0
16,867.606971813031,1
16,782.524955286863,0
16,777.675461604087,0
16,764.264874128843,0
16,760.853316772988,0
16,861.377674394963,1
16,868.549711292489,1
16,860.515113299469,1
16,868.11875680606,1
16,853.947959319469,1
16,754.035423372252,0
16,880.081647073587,1
16,778.257939704977,0
16,872.624399802092,1
16,873.186263197644,1
16,783.049015522972,0
16,853.206562708429,1
16,789.277793580671,0
16,786.691131795488,0
16,786.156419949968,0
16,782.796072761616,0
16,768.392154628321,0
16,770.847295787348,0
16,770.402096396341,0
16,775.51089356229,0
16,780.43293686441,0
16,863.869309212104,1
16,781.413841695551,0
16,761.154681088913,0
16,858.794248871734,1
16,859.230665691039,1
16,778.160563164864,0
16,772.939546449761,0
16,858.053396843247,1
16,870.807263486607,1
16,863.251342281101,1
16,872.835256317182,1
16,848.049468604851,1
16,858.926984319151,1
16,766.575474386698,0
16,865.996916452961,1
16,868.240208402048,1
16,786.817384259715,0
16,872.75018470291,1
16,863.99320734059,1
16,762.675234685923,0
16,843.191395850375,1
16,776.13161533711,0
16,866.05527868,1
16,854.370766754802,1
16,865.241942435891,1
16,777.09688231311,0
16,853.59813095144,1
16,783.091770192733,0
16,873.766992075802,1
16,863.403389462151,1
16,755.990397391612,0
16,856.463245014324,1
16,774.343104004815,0
16,774.731204948879,0
16,869.490615171353,1
16,861.954648763603,1
16,775.109651845199,0
16,775.504118566939,0
16,856.216400485751,1
16,777.709379188052,0
16,857.92539339992,1
16,764.734322943236,0
16,874.358053048104,1
16,847.651612370911,1
16,865.81375818637,1
16,796.759938146344,0
16,870.776358844634,1
16,861.240182366895,1
16,766.005285945778,0
16,753.494453238261,0
16,784.542372948964,0
16,854.211308488169,1
16,763.876210246843,0
16,766.148154311698,0
16,770.343469666736,0
16,855.311013514819,1
16,771.751652401909,0
16,763.529404717266,0
16,882.762841963435,1
16,867.301804946159,1
16,852.046566798474,1
16,871.00921020715,1
16,854.760831743782,1
16,874.390975278893,1
16,877.838957914588,1
16,764.531060254411,0
16,793.758592874925,0
16,770.174290968844,0
16,860.486546092435,1
16,883.897540746172,1
16,889.256110154153,1
16,777.927657893322,0
16,748.672817600894,0
17,732.377180682526,0
17,754.08737696218,0
17,746.371644887864,0
17,736.165699716066,0
17,754.134994955811,0
17,746.887660446782,0
17,771.506798559202,0
17,744.510375999848,0
17,757.493687852794,0
17,825.89723484014,1
17,743.782399929394,0
17,831.709661555576,1
17,743.530564644942,0
17,815.467145638184,1
17,736.451890425081,0
17,745.166237196985,0
17,757.719106615179,0
17,761.753645358564,0
17,821.646626871431,1
17,819.108117809678,1
17,813.223498088093,1
17,808.533655657207,1
17,813.637581251217,1
17,744.246915528973,0
17,738.258606572704,0
17,828.6340225486,1
17,815.42862235845,1
17,755.449204759215,0
17,743.337665881995,0
17,815.066806238955,1
17,758.227419402332,0
17,757.039198299269,0
17,751.13775893248,0
17,750.589082138058,0
17,743.889605425057,0
17,811.487388617064,1
17,733.077742474974,0
17,816.39296700917,1
17,738.770913597617,0
17,822.885327151483,1
17,822.392769162481,1
17,818.668151219918,1
17,758.899921696601,0
17,829.726903097341,1
17,816.89877122214,1
17,807.348417208564,1
17,810.996143557991,1
17,824.082337563695,1
17,761.626363829733,0
17,826.299752302817,1
17,739.878503389627,0
17,807.250156122452,1
17,734.257257064042,0
17,826.690675390848,1
17,800.751917333309,1
17,740.458338086039,0
17,738.453728439009,0
17,726.543284020937,0
17,754.001184933153,0
17,836.031366455589,1
17,749.370402651486,0
17,737.960264579773,0
17,817.288044977876,1
17,821.906847171883,1
17,818.429188718468,1
17,825.041236100511,1
17,754.613273870747,0
17,820.877123362204,1
17,763.966813724591,0
17,834.487306494819,1
17,839.492773995742,1
17,822.313099201248,1
17,743.071253640284,0
17,747.167615523004,0
17,812.823204453721,1
17,829.593351481817,1
17,822.360064103716,1
17,828.618174449294,1
17,823.339084584631,1
17,746.893241268864,0
17,811.917835927224,1
17,822.21354721131,1
17,754.203226454818,0
17,811.244306128066,1
17,737.564071989711,0
17,748.500895034352,0
17,820.919249455112,1
17,816.181668477461,1
17,834.730253095718,1
17,743.884590376713,0
17,736.628330491726,0
17,825.766217342883,1
17,825.112111036013,1
17,838.659987849915,1
17,822.996766868814,1
17,817.359774173877,1
17,827.019438635543,1
17,833.270873847703,1
17,817.214276768597,1
17,814.383204658817,1
18,630.841545825697,0
18,653.686327455686,0
18,751.762960414865,1
18,669.2711268552,0
18,767.090091593374,1
18,652.617273051036,0
18,662.745300551868,0
18,754.172714865207,1
18,649.134006423164,0
18,646.07995020281,0
18,637.154691250666,0
18,757.637090057538,1
18,664.607877514603,0
18,754.736075472877,1
18,761.5715581969,1
18,650.49143562608,0
18,667.715842501925,0
18,647.922975409198,0
18,652.540053535865,0
18,647.93462931373,0
18,749.09760119935,1
18,747.732388984183,1
18,654.530690429178,0
18,643.568204479056,0
18,646.879632382138,0
18,661.305954547631,0
18,774.047406066925,1
18,650.476774122517,0
18,662.960234979222,0
18,659.913180535188,0
18,642.894654603975,0
18,749.421867808509,1
18,749.435000371927,1
18,662.320416581196,0
18,666.80711985602,0
18,663.737007296119,0
18,639.766150948431,0
18,651.44451647565,0
18,755.056741444558,1
18,759.447829566814,1
18,736.281475087355,1
18,737.795670948904,1
18,644.109401700098,0
18,731.360244632088,1
18,742.438962634926,1
18,738.439908543377,1
18,656.711714981529,0
18,637.280551486733,0
18,651.73568470735,0
18,735.528784211468,1
18,755.021601381041,1
18,740.101445859158,1
18,730.659100995755,1
18,739.187804867403,1
18,761.369143192836,1
18,748.33296956702,1
18,635.481400846404,0
18,747.677717650076,1
18,729.103473007558,1
18,636.658816969238,0
18,758.105322736457,1
18,737.670317324317,1
18,645.419723777037,0
18,651.002336984058,0
18,743.564042922102,1
18,666.959460721654,0
18,750.101687655714,1
18,748.180356445154,1
18,643.043702864621,0
18,741.049339569122,1
18,640.213721867354,0
18,655.600365003462,0
18,644.992314645527,0
18,756.215603760901,1
18,655.125381536514,0
18,646.715246132123,0
18,656.002716726204,0
18,646.853863263298,0
18,660.067230557681,0
18,647.639490303504,0
18,652.717101199882,0
18,750.806860565298,1
18,736.591649986132,1
18,746.284163920011,1
18,745.616335849312,1
18,745.766906209427,1
18,645.697751588715,0
18,743.826146183089,1
18,756.435672176624,1
18,641.903651834273,0
18,739.645358295771,1
18,648.697150567409,0
18,761.715198925384,1
18,638.057419453475,0
18,740.384388942135,1
18,762.792900119422,1
18,652.724293569827,0
18,759.879194136309,1
18,745.979716955093,1
18,757.475786078233,1
19,672.146364522747,0
19,743.427452655821,1
19,731.068704330787,1
19,689.421606294441,0
19,720.35157543512,1
19,736.591086195202,1
19,679.254032737802,0
19,682.716684427861,0
19,748.149258424596,1
19,681.029112072759,0
19,682.642528434166,0
19,739.908891549152,1
19,674.898539199371,0
19,752.055596882387,1
19,679.821014151014,0
19,682.128941509801,0
19,742.897607259011,1
19,732.541330033867,1
19,743.18298745227,1
19,700.242873162462,0
19,728.123334487943,1
19,749.939887694499,1
19,673.386175026081,0
19,680.074848992247,0
19,696.415607343649,0
19,674.680941892363,0
19,680.445773420703,0
19,744.937313114454,1
19,729.821690771251,1
19,673.80342447037,0
19,663.91067827645,0
19,731.878053341337,1
19,678.18705108486,0
19,676.274531682866,0
19,682.487173103478,0
19,692.141729111545,0
19,732.22020117261,1
19,740.377238969541,1
19,665.959996297904,0
19,699.955354438472,0
19,718.836639662939,1
19,729.972123186603,1
19,726.512315747988,1
19,691.1701317809,0
19,734.602625759517,1
19,737.225162751276,1
19,676.320280585239,0
19,728.80914137417,1
19,739.419671771629,1
19,671.872023143034,0
19,669.679195055014,0
19,742.593740679807,1
19,725.727977204706,1
19,741.658037128837,1
19,688.792851317144,0
19,730.350893045341,1
19,685.384108827802,0
19,691.670090819303,0
19,734.069756038426,1
19,683.221377741082,0
19,686.525999577378,0
19,746.79303504855,1
19,737.712095835051,1
19,683.934345949457,0
19,683.913535099195,0
19,697.463993475095,0
19,693.118803196368,0
19,718.95403624889,1
19,733.129038131223,1
19,729.046964767842,1
19,748.086444885867,1
19,746.892403385451,1
19,668.771804268244,0
19,672.724381557971,0
19,741.630394975743,1
19,678.496398781881,0
19,673.342021202292,0
19,672.682213074143,0
19,680.021681930953,0
19,672.189505015359,0
19,682.427161728326,0
19,693.229182809293,0
19,679.863122281156,0
19,725.440569169157,1
19,720.046850230924,1
19,734.824785755752,1
19,730.228193445794,1
19,673.160609508344,0
19,692.098906882789,0
19,672.055751886838,0
19,670.585836035687,0
19,687.189151405787,0
19,734.605548717211,1
19,730.724152135218,1
19,728.07313921114,1
19,672.734453948253,0
19,669.196060208283,0
19,763.158939689585,1
19,690.882849764686,0
19,738.376574951513,1
20,847.733207700919,1
20,700.095290394592,0
20,841.501729628565,1
20,697.51251651806,0
20,839.225073033352,1
20,698.121164516164,0
20,824.289716882942,1
20,838.889033297397,1
20,698.406421875514,0
20,705.143467489342,0
20,842.729373069195,1
20,678.418759801306,0
20,683.509107224596,0
20,837.052132649443,1
20,824.46271686727,1
20,694.653597400765,0
20,836.638453939159,1
20,841.173277974935,1
20,703.548874835425,0
20,690.6860598587,0
20,829.952598912804,1
20,707.215254493635,0
20,700.214898464374,0
20,688.398638865015,0
20,843.745930512193,1
20,830.072041419979,1
20,845.336688690699,1
20,827.990132560253,1
20,830.317929243293,1
20,708.103037905317,0
20,841.436635790153,1
20,693.650298575597,0
20,838.415375167715,1
20,684.666682133801,0
20,667.833962353343,0
20,845.689552430262,1
20,694.15994647507,0
20,698.053670705909,0
20,714.863316705156,0
20,709.701280531665,0
20,693.47731714598,0
20,823.267102480827,1
20,701.725331070075,0
20,700.48523156264,0
20,701.378106042311,0
20,702.191730669833,0
20,840.822538544825,1
20,843.518127112527,1
20,694.98925218987,0
20,823.09298973583,1
20,706.23345286435,0
20,844.754793990377,1
20,834.292240856006,1
20,687.138758570996,0
20,820.051761923308,1
20,682.314279184148,0
20,695.052743445512,0
20,825.9958108542,1
20,832.650524990804,1
20,850.674616208623,1
20,831.630029794348,1
20,850.982921076818,1
20,681.229909020386,0
20,827.313450924733,1
20,837.739483687266,1
20,839.7297505947,1
20,705.981768034959,0
20,848.747817576051,1
20,835.738385336581,1
20,695.18964120565,0
20,843.59845992302,1
20,694.076694277354,0
20,830.017475423173,1
20,685.536028397739,0
20,843.810087604353,1
20,691.180119501696,0
20,703.149456427666,0
20,853.62228400974,1
20,850.614049345606,1
20,841.503337190478,1
20,687.89308508138,0
20,698.055101028506,0
20,830.546592159595,1
20,683.530284093551,0
20,842.276251104601,1
20,690.09347298356,0
20,830.712521855856,1
20,708.728250580199,0
20,692.762504329033,0
20,836.702692102952,1
20,710.579576916042,0
20,704.817056772489,0
20,680.409495058364,0
20,822.690992754664,1
20,700.897596245249,0
20,823.048914520219,1
20,696.919248561599,0
20,826.809303549113,1
20,820.147686499399,1
20,692.665507857385,0
