"species","gdd","urban","method"
1,393.453162515106,0,1
1,408.240070223291,0,0
1,374.759715811927,0,1
1,322.259754638748,1,1
1,333.79968895142,1,0
1,383.493929034274,0,1
1,377.162667350652,0,0
1,369.465254187238,0,1
1,320.989989594042,1,1
1,329.755055447211,1,0
1,368.954489784614,1,0
1,272.050370393319,1,1
1,387.985326697478,1,0
1,364.537715947645,0,1
1,363.834121142187,1,0
1,278.044103489592,1,1
1,364.653878730215,0,1
1,371.472353542165,0,1
1,386.452380523268,0,0
1,397.354408765481,0,0
1,400.530815416655,0,0
1,312.843287679262,1,1
1,289.3021950072,1,1
1,312.390496833794,1,1
1,381.940148763161,0,0
1,360.009307907299,0,1
1,343.908685546217,0,1
1,394.689375842343,0,0
1,370.859474424573,0,1
1,284.403551823262,1,1
1,302.932191603719,1,1
1,324.543334969027,1,0
1,362.88633667258,1,0
1,375.250287573838,0,1
1,312.9970217975,1,1
1,311.706721295947,1,0
1,365.994654748592,1,0
1,286.055294142607,1,1
1,382.613300680867,0,0
1,359.547150751383,1,0
1,406.174631319949,0,0
1,261.031635918,1,1
1,285.058826914864,1,1
1,345.905941611071,0,1
1,278.729658859511,1,1
1,357.016248413622,0,1
1,316.890171514521,1,1
1,360.348313874582,0,1
1,289.214219335346,1,1
1,285.449708744525,1,1
1,394.083099762081,0,1
1,343.956906228465,1,0
1,283.317058100055,1,1
1,368.863848091875,1,0
1,392.905145585846,0,0
1,361.501551787257,0,1
1,362.194861505234,0,1
1,405.226903928215,1,0
1,361.078114084964,0,1
1,400.815717456687,1,0
1,339.452044130454,1,0
1,359.87268283897,0,1
1,390.088075973067,0,1
1,357.237856770314,0,0
1,305.622503509044,1,1
1,383.711299022845,1,0
1,369.752988470224,0,1
1,408.766394447851,0,0
1,402.087069321318,0,0
1,374.035493704858,0,1
1,297.760749954421,1,1
1,316.727741010426,1,0
1,360.513019838405,0,1
1,284.419281107079,1,1
1,378.969090199229,0,0
1,359.126889678118,0,1
1,366.787369151175,1,0
1,362.256570520781,0,0
1,353.884626572565,0,1
1,279.971510723643,1,1
1,275.736537538278,1,1
1,363.190713391648,1,0
1,304.928140878132,1,1
1,401.454683321712,0,0
1,300.648952915631,1,1
1,273.554664624741,1,1
1,323.295303405849,1,1
1,365.689679481665,0,1
1,316.219609480412,1,1
1,332.291378426494,1,0
1,284.803676423711,1,1
1,359.127158230718,1,0
1,319.288351297887,1,1
1,379.392988966958,1,0
1,294.597013206604,1,1
1,349.272356679855,1,0
1,360.233552864452,1,0
1,337.961925839729,1,0
1,293.083836479734,1,1
1,381.607325260342,0,1
1,389.848546318236,0,0
1,283.77540797082,1,1
1,364.138926969627,1,0
1,336.5893167003,1,0
1,410.330082232628,0,0
1,390.148108057075,0,0
1,293.400485110546,1,1
1,292.850525057235,1,1
1,364.151761610204,1,0
1,350.040871836643,0,0
1,278.755165024302,1,1
1,272.29788850812,1,1
1,326.372058928479,1,0
1,423.791976132475,0,0
1,387.890307009592,0,0
1,386.852182596557,1,0
1,371.954339040009,0,1
1,369.368281096529,0,1
1,351.376484783554,1,0
1,290.05815721268,1,1
1,324.21306441667,1,0
1,389.555150320006,0,0
1,289.461737641305,1,1
1,361.069692914284,1,0
1,302.333445955678,1,1
1,381.091559627418,0,1
1,364.173721072928,0,1
1,359.071362489142,0,1
1,357.006305831448,1,0
1,345.02460505536,1,0
1,369.747087366453,1,0
1,394.577075020235,0,1
1,406.472770663771,0,1
1,320.772321433135,1,0
1,361.223783132445,0,0
1,364.307699413597,1,0
1,345.452176048825,1,0
1,372.068217286483,0,1
1,285.550290712886,1,1
1,384.748306187149,0,0
1,341.449244107786,1,0
1,375.767764239666,0,1
1,368.139213483995,1,0
1,280.782702965228,1,1
1,337.89280509283,0,1
1,265.493961976323,1,1
1,348.405362949433,0,0
1,387.334356979158,0,1
1,376.60994076039,0,1
1,379.05816464877,0,1
1,328.625006523974,0,1
1,410.172009812854,0,0
1,344.940238828165,0,1
1,290.21599795971,1,1
1,373.870346580341,0,0
1,360.272674892301,1,0
1,336.136399602597,0,1
1,319.250937037787,1,1
1,315.759386206949,1,1
1,257.488657762258,1,1
1,285.102445914513,1,1
1,368.790875240368,0,1
1,416.227364954497,0,0
1,344.236736213168,0,1
1,345.628081491488,1,0
1,352.228085757336,0,1
1,353.949946805814,0,1
1,298.410486529644,1,1
1,355.519120189754,1,0
1,385.054438769148,0,0
1,373.789654414691,0,1
1,338.457863344183,1,0
1,259.298376012305,1,1
1,346.030925832966,1,0
1,270.141147070255,1,1
1,263.910360566145,1,1
1,322.306540829575,0,1
1,382.171115320257,0,0
1,401.415365885973,0,0
1,399.844433719324,0,0
1,368.85209481502,1,0
1,385.833969205821,0,0
1,280.321712196279,1,1
1,352.804846965672,1,0
1,375.043984067442,0,1
1,367.715896598864,0,0
1,264.67229972076,1,1
1,348.456154176508,0,1
1,303.332512568733,1,1
1,340.844849551987,0,1
1,386.473703042047,0,0
1,373.116293297581,1,0
1,367.749216281507,0,1
1,270.873169694126,1,1
1,346.686543480974,1,0
1,330.64729422075,1,0
1,344.596473148674,1,0
1,378.329200449907,1,0
1,302.730680552286,1,1
1,398.819766779315,0,0
2,365.911270359428,0,1
2,409.148125042093,1,0
2,488.909117729321,0,0
2,407.431150475993,0,1
2,441.380600982626,0,1
2,421.495622386525,0,1
2,411.401009094895,0,0
2,466.910434628115,0,0
2,409.76355504052,0,1
2,332.609388552098,1,1
2,376.627306495261,0,1
2,367.519944054814,0,1
2,391.935027641132,0,1
2,407.678894478874,0,1
2,309.893594548754,1,1
2,389.14760065178,1,0
2,388.429883904254,1,0
2,472.373859250063,0,0
2,378.183405991358,1,0
2,328.142818217476,1,1
2,388.5873241267,0,1
2,439.236144944971,0,0
2,335.812809466326,1,1
2,394.52414954912,0,1
2,402.760975214707,0,1
2,308.985079729717,1,1
2,394.814219695467,1,0
2,342.082940449504,1,1
2,406.576028411396,0,1
2,409.671194638418,0,1
2,357.63242734444,1,1
2,308.285993731725,1,1
2,411.390945334699,1,0
2,432.068021576826,0,1
2,432.315516167562,0,0
2,417.762028892358,1,0
2,311.470020819513,1,1
2,401.36286243706,0,1
2,414.850116746352,1,0
2,434.033831297123,0,0
2,337.094402022484,1,1
2,427.021961217128,0,0
2,402.0773732065,1,0
2,293.773096669783,1,1
2,358.661269276277,1,1
2,416.251385846865,0,1
2,397.88591354476,1,0
2,385.613843612543,0,1
2,433.62432676444,0,0
2,416.981938012847,0,0
2,403.41177880312,0,0
2,398.174582164147,1,0
2,303.712183005606,1,1
2,417.661706725662,0,1
2,477.207605824877,0,0
2,429.657487192766,0,0
2,317.350848253561,1,1
2,333.236516954651,1,1
2,467.627416134955,0,0
2,383.392052759499,1,0
2,346.543090473876,1,1
2,323.790699791044,1,1
2,444.487591264723,0,0
2,322.269633536613,1,1
2,328.564036915309,1,1
2,414.732912708995,1,0
2,407.616716350336,0,1
2,399.597907969981,0,1
2,319.407088962936,1,1
2,380.678595570042,1,0
2,375.537021672843,1,0
2,322.487787222005,1,1
2,391.909466017682,0,1
2,369.230689854157,1,1
2,336.781453131058,1,1
2,434.647551936175,0,0
2,390.166378337728,1,0
2,309.60236701318,1,1
2,412.63865794755,0,1
2,442.332978588232,0,0
2,401.851638277183,1,0
2,411.761592490845,0,1
2,441.047514358529,0,0
2,409.021646739507,0,1
2,427.962574660161,1,0
2,386.061366552862,0,1
2,451.466923248807,0,0
2,410.800499745771,0,1
2,408.55217043611,1,0
2,435.295415778784,0,1
2,420.54026961766,0,1
2,396.283285706293,1,0
2,422.089972570433,1,0
2,364.022876850258,1,0
2,355.553941302528,1,0
2,406.904047951603,0,1
2,391.712407691122,1,0
2,313.571895326307,1,1
2,438.923064215753,0,0
2,469.40045297815,0,0
2,444.424799701941,0,0
2,431.322998979701,1,0
2,314.806606404336,1,1
2,311.752076101536,1,1
2,413.737204279946,0,1
2,306.280888590027,1,1
2,315.163847492544,1,1
2,422.364607298405,0,0
2,399.826603954219,1,0
2,397.309530871799,1,0
2,337.130016735786,1,1
2,386.571163743834,0,1
2,384.877899450297,1,0
2,410.460548384515,1,0
2,415.584851100168,0,1
2,294.664509793708,1,1
2,461.190962246465,0,0
2,402.243614463553,1,0
2,411.388375840278,0,0
2,398.008527716139,0,1
2,420.240350446553,0,1
2,408.265670579257,0,1
2,400.235643156839,0,1
2,393.299308041777,1,0
2,399.404802135956,0,1
2,443.237250936464,0,0
2,401.026754006395,0,1
2,329.340230770762,1,1
2,440.612584001547,0,0
2,310.655186250109,1,1
2,435.143945472163,0,0
2,440.353792806851,0,0
2,426.125841556772,0,0
2,416.003974676239,1,0
2,339.852848042043,1,1
2,400.707461038482,1,0
2,317.700882238964,1,1
2,359.474541937747,1,1
2,339.58733238888,1,1
2,464.361898684296,1,0
2,382.692756186001,1,0
2,459.566235207274,0,0
2,296.111654580634,1,1
2,395.444025074387,1,0
2,321.741266803206,1,1
2,344.50580545518,1,1
2,346.047768917178,1,1
2,379.717127617277,0,1
2,298.24943519306,1,1
2,427.993417692438,0,0
2,435.534309586098,0,1
2,406.901525456583,0,1
2,283.235959692154,1,1
2,411.951575502709,0,0
2,438.807709730232,0,0
2,325.875556064024,1,1
2,435.366132075447,0,1
2,380.498282017151,0,1
2,430.73194823443,0,0
2,289.10049639306,1,1
2,379.778567246036,0,1
2,346.954562099279,1,1
2,307.53537393067,1,1
2,424.195739457184,0,1
2,411.343284346893,1,0
2,460.287625145488,1,0
2,410.560904257425,0,1
2,422.858808604409,0,0
2,321.284153693649,1,1
2,419.846492857916,0,1
2,406.316364776845,0,0
2,412.37529820092,0,1
2,386.615412827344,1,0
2,422.078741036559,0,1
2,364.889445392101,0,1
2,401.735912136749,0,1
2,468.096624557561,0,0
2,303.633895127346,1,1
2,445.30876929377,0,1
2,341.021125444712,1,1
2,419.656389143041,0,1
2,418.467988191867,0,1
2,437.666106617342,0,1
2,435.252566283802,1,0
2,334.225335550736,1,1
2,447.49098602605,0,1
2,392.578368934188,0,1
2,407.618745653589,1,0
2,381.218397651041,1,0
2,382.809284154339,1,0
2,384.197889403145,1,0
2,404.769527002807,0,0
2,400.013955298521,0,1
2,428.856764537121,0,0
2,433.106142647497,1,0
2,313.35938442411,1,1
2,325.230518226563,1,1
2,469.441845402649,0,0
2,378.63987246154,1,0
2,436.983172109433,0,0
3,450.109619503367,0,0
3,383.664256232365,1,1
3,427.027381181819,0,1
3,361.923284875784,1,1
3,404.211446225972,0,0
3,427.352945260301,0,1
3,445.01556552836,0,1
3,419.349586418061,1,0
3,341.950478211543,1,1
3,330.122320523014,1,1
3,427.210672460345,0,1
3,338.084367592304,1,1
3,367.304299260084,1,1
3,443.327265299396,0,1
3,451.631756607918,0,1
3,335.317346105631,1,1
3,362.874864405701,1,1
3,446.42315305551,1,0
3,378.510926909944,1,1
3,372.524718454536,1,1
3,371.621283411516,1,1
3,414.814366309943,0,1
3,386.42527376631,1,0
3,455.370101092866,0,1
3,467.395837255901,0,1
3,391.74043360359,1,1
3,444.579526429416,0,0
3,443.850128093367,0,1
3,412.681718761139,0,1
3,440.368395292098,0,0
3,363.341920050608,1,1
3,482.690865410578,0,1
3,412.080628664309,1,0
3,402.965399381986,1,0
3,362.371404063726,1,1
3,430.37262539786,0,0
3,412.718494494579,0,0
3,422.546464905928,1,0
3,398.171151364653,0,0
3,418.443782307293,0,1
3,408.264912408294,1,0
3,349.322125765201,1,1
3,426.634868790215,0,0
3,417.660202704446,1,0
3,391.066707853441,0,1
3,449.225590963683,0,0
3,409.252788530914,1,0
3,379.369075816362,1,1
3,420.436920372461,0,1
3,437.761232625821,0,1
3,429.06885142697,1,0
3,398.057908612118,0,0
3,442.015021542604,0,1
3,366.089994270473,1,0
3,389.344772562035,1,0
3,378.011996877768,1,0
3,381.540549020167,1,1
3,458.53730524003,0,1
3,370.713568295594,0,0
3,446.95473043886,0,0
3,418.667519451528,0,1
3,432.766424731963,0,1
3,415.121690612453,0,1
3,405.516462160617,0,0
3,446.547518566469,0,0
3,436.7405826012,0,1
3,418.96863229359,1,0
3,440.977679367457,0,0
3,414.184557645876,0,1
3,441.815260849117,0,0
3,362.781543206531,1,1
3,408.153708971883,1,0
3,345.397693323858,1,1
3,320.390636085977,1,1
3,395.957970283441,1,0
3,424.466428660484,0,1
3,445.019227523365,0,1
3,411.726839568552,1,0
3,404.565707006343,1,0
3,414.738856940222,0,0
3,390.0427722592,1,0
3,434.498007069688,0,0
3,343.9080577531,1,1
3,343.729326690639,1,1
3,390.765839622876,1,0
3,449.093845965856,0,1
3,388.229179025138,1,1
3,427.120917325298,0,0
3,433.430157735729,1,0
3,403.516546782108,0,0
3,440.52881392542,0,1
3,367.310159810849,1,1
3,339.412130657946,1,1
3,418.36153964878,0,0
3,434.500106578762,0,1
3,353.405461646673,1,1
3,423.973234333695,0,0
3,439.144356155193,0,1
3,402.588532930077,0,0
3,375.699793942298,1,1
3,425.838514743036,0,1
3,423.519151255333,0,0
3,446.484073961321,0,1
3,427.186190377329,1,0
3,364.788078126468,1,0
3,400.72570779447,0,0
3,401.110178856733,1,0
3,426.000769504096,0,1
3,363.345400622185,1,1
3,434.373095384477,0,0
3,418.60485017843,0,1
3,418.478860072207,0,0
3,381.260534894233,1,0
3,352.178696062113,1,1
3,486.777017346822,0,1
3,415.485986602992,0,1
3,422.884832552829,1,0
3,390.673494901819,1,1
3,454.980997188306,0,1
3,399.518845749737,0,0
3,368.319672618285,1,1
3,359.151210676025,1,1
3,447.246646446108,0,0
3,369.063272376754,1,1
3,382.25210222013,1,0
3,458.032846638583,0,0
3,418.077834465712,0,1
3,395.08182853125,1,0
3,436.016742069547,0,0
3,423.63068869345,0,1
3,438.301789112168,0,0
3,442.369293047372,0,0
3,430.917030931805,0,1
3,430.717965875208,0,0
3,396.561153153825,1,1
3,405.580440116699,1,0
3,421.079196872132,0,0
3,426.452034771513,0,1
3,413.902060922568,0,0
3,329.083622579898,1,1
3,405.432021857187,1,0
3,442.170314277994,0,1
3,411.931734709539,0,0
3,407.342347295063,1,0
3,432.532892763302,0,1
3,414.128614097334,0,0
3,371.237466086438,1,1
3,398.160331115645,1,0
3,337.414173536426,1,1
3,394.992245361591,0,0
3,408.126373651564,1,0
3,391.489552105218,1,1
3,393.206625267157,0,0
3,364.798936538607,1,1
3,377.158806781052,1,1
3,380.816110032504,0,1
3,391.477184191983,1,0
3,349.74944868544,1,1
3,418.847732869741,0,0
3,356.490917657625,1,1
3,441.199916828973,0,0
3,411.021332590786,0,1
3,375.67928107819,1,0
3,466.640840030664,0,0
3,392.680878334706,1,0
3,319.197405149177,1,1
3,398.244329004856,0,1
3,433.263493878389,0,1
3,383.979598175941,1,1
3,425.540114173225,0,1
3,388.153427271438,1,0
3,454.371438942713,0,0
3,443.491921987492,0,1
3,438.01199984706,0,0
3,412.539332595857,0,1
3,437.767900082485,0,0
3,405.387380797391,1,0
3,434.481628620587,1,0
3,432.425082015814,0,1
3,447.147038439025,0,1
3,384.408312074851,1,0
3,399.597591083956,1,0
3,444.002276051695,0,1
3,417.487118111596,1,0
3,406.453391656926,0,1
3,428.392883515094,0,1
3,390.834011727309,1,0
3,390.386899816114,0,0
3,346.67116076363,1,1
3,435.240754962631,0,0
3,425.460649890237,0,0
3,412.154361587465,1,0
3,352.905950294447,1,1
3,436.60521149572,0,1
3,374.693099088825,1,1
3,404.56669478266,1,0
3,409.496472243535,0,1
3,458.070209875677,1,0
3,333.650835344403,1,1
3,373.8204598561,1,1
4,359.657668406735,1,1
4,420.226640005241,0,0
4,441.928675265713,0,1
4,353.811231446637,1,1
4,449.50860898368,0,1
4,423.785236770811,0,0
4,426.470495126621,0,1
4,358.821203337741,1,1
4,371.319805812219,1,1
4,395.230929969203,0,0
4,408.529682071677,0,0
4,413.084110205974,0,1
4,426.714492563495,0,1
4,456.162059867066,0,1
4,359.543652355765,1,1
4,373.119955581937,0,1
4,423.731952030049,0,0
4,397.333448928054,0,0
4,350.418606118035,1,1
4,422.738360636276,0,1
4,404.596102950453,0,0
4,432.807629844893,0,1
4,422.446750586709,0,0
4,425.433052279042,0,1
4,313.047905157053,1,1
4,382.140142676569,1,0
4,365.51350886359,1,1
4,436.176778364509,0,1
4,396.429527298179,0,0
4,455.872020862511,0,1
4,357.137978816279,1,1
4,356.717998342619,1,0
4,439.481841303055,0,1
4,430.605700475875,0,1
4,334.652752369494,1,1
4,360.448134900532,1,0
4,366.134082506102,1,0
4,385.476280509912,0,0
4,432.292670149012,0,1
4,393.241807688031,0,0
4,392.325052401902,0,1
4,379.558288354285,1,0
4,434.45602083618,0,1
4,369.460887991995,1,0
4,383.044172319611,0,0
4,408.310340121268,0,0
4,322.664295509226,1,1
4,414.510147113356,0,1
4,446.582466153496,0,1
4,371.790537005299,1,0
4,352.832073434007,1,1
4,404.911343648895,0,1
4,430.442157227349,0,1
4,407.505566209157,0,1
4,342.403618097152,1,0
4,344.860525494223,1,1
4,347.085718020901,1,0
4,352.904398782697,1,0
4,387.869927506665,0,0
4,352.782046112697,1,0
4,383.892987356126,0,0
4,354.537120793978,1,0
4,413.345076296554,0,1
4,359.353609115502,1,0
4,458.237291328759,0,0
4,345.07516322205,1,1
4,327.882041475723,1,1
4,337.063326579764,1,1
4,367.484890319649,1,0
4,369.783828106164,1,0
4,336.134416829427,1,0
4,356.868379587369,1,1
4,384.841345827777,1,0
4,353.107380613245,1,0
4,359.966849871952,1,1
4,328.219699534272,1,0
4,416.338112900732,0,0
4,377.421214203137,1,0
4,300.192584658668,1,1
4,344.740337854975,1,0
4,341.032364722104,1,0
4,378.161147420778,0,1
4,406.092910750122,0,1
4,409.500752479314,0,1
4,391.604942518038,1,0
4,326.463346936929,1,1
4,435.130743453334,0,1
4,334.49338512473,1,0
4,385.08678188242,1,0
4,326.228231002052,1,1
4,345.563456674692,1,1
4,358.857188947318,1,1
4,432.59954285176,0,0
4,386.579559923488,0,1
4,421.595556370833,0,1
4,371.580388792048,1,0
4,306.686471472844,1,1
4,449.998470929471,0,1
4,345.239757559862,1,0
4,427.159658682234,0,1
4,435.333811649788,0,1
4,376.070222500445,1,1
4,364.925802340637,1,0
4,365.203498582436,1,1
4,351.194326752448,1,1
4,364.414526806779,1,1
4,396.289327493041,0,1
4,352.759647682573,1,0
4,428.858572946413,0,1
4,453.850306743859,0,1
4,429.974186055923,0,1
4,385.794469274536,1,0
4,401.042058262375,0,0
4,421.132816980105,0,1
4,444.013814100918,0,1
4,380.223862384476,1,0
4,378.425710836057,1,0
4,454.474968959136,0,1
4,396.286674574739,0,1
4,384.211824376794,1,0
4,353.46573236516,1,0
4,376.517201048104,1,0
4,333.900608113649,1,1
4,372.276395425207,1,1
4,345.69759045849,1,1
4,360.87376623948,1,1
4,383.525019732352,1,0
4,402.157989461771,1,0
4,390.329694275225,0,1
4,346.754937779298,1,1
4,386.635924445554,0,1
4,375.424318475718,1,0
4,450.466547206369,0,1
4,371.491933102025,1,0
4,367.979596758093,1,0
4,364.336745570022,1,1
4,344.731680579272,1,1
4,379.572107550265,1,0
4,411.435788118318,0,1
4,386.788833217206,0,0
4,375.138626687862,1,0
4,364.803770587922,1,0
4,388.480680438767,0,0
4,432.759315165692,0,1
4,401.936285494276,0,0
4,333.835830406063,1,1
4,389.13965355334,1,0
4,347.252489886269,1,1
4,417.449612440384,0,1
4,406.444296243577,0,0
4,356.859808328746,1,0
4,381.99954001892,1,1
4,364.661398163155,1,0
4,369.619157581704,0,0
4,411.532542417668,0,1
4,337.632751584741,1,0
4,420.228116878081,0,1
4,373.009948318603,1,1
4,341.736874594841,1,1
4,381.595958924972,0,1
4,383.778522984353,0,0
4,414.789097579113,0,1
4,387.138045068892,1,0
4,386.831177986275,0,1
4,414.706368470898,0,1
4,326.969419798773,1,1
4,387.049150586233,0,1
4,383.479687319045,1,1
4,418.043428821701,0,1
4,438.69400949388,0,1
4,344.107476416262,1,1
4,412.637918212935,0,0
4,379.502673121354,1,1
4,349.777135859897,1,0
4,413.939483686579,0,1
4,404.195425010416,0,1
4,415.899413983282,1,0
4,376.134505131913,1,0
4,340.262722642947,1,1
4,394.271615061345,1,0
4,373.456855646652,1,1
4,376.807315866378,1,1
4,430.601446113704,0,1
4,422.71782490431,0,0
4,336.183350681811,1,1
4,420.433201265459,0,1
4,412.645746052292,0,1
4,344.347771606377,0,0
4,358.284764268318,1,1
4,390.856113376779,1,0
4,420.716652872502,0,0
4,382.878296740539,1,1
4,441.534416565738,0,1
4,395.459065379167,0,0
4,414.782147369499,0,1
4,444.67018522855,0,1
4,322.047902133339,1,1
4,323.641757901613,1,1
4,385.746988304062,1,0
4,334.804669160234,1,0
5,295.551938839241,1,0
5,333.062781430632,1,0
5,344.527118418243,1,0
5,333.455533674595,1,1
5,374.577996876141,0,0
5,295.766832248226,1,1
5,377.678008484786,0,1
5,318.585377034464,1,1
5,379.126671722715,0,1
5,401.299433645653,0,0
5,316.353190493997,1,1
5,343.530437731574,1,0
5,395.791432991565,0,1
5,331.003310709415,1,1
5,346.630748117366,0,0
5,344.615398337036,0,0
5,353.274961845665,0,1
5,344.203318373287,0,1
5,369.327896360904,0,0
5,337.271643230621,0,1
5,357.987950125004,1,0
5,352.813987007007,0,1
5,288.21046457278,1,1
5,383.069358046757,0,1
5,295.431559149999,1,0
5,381.743889669275,0,0
5,326.313990373137,1,1
5,347.96797064547,1,0
5,307.455646591579,1,1
5,332.007617475754,0,0
5,311.224631561719,1,1
5,328.094892596796,1,0
5,325.749805062641,1,1
5,325.600060808655,1,1
5,291.756859933615,1,0
5,360.994068964181,0,0
5,341.333200779809,0,1
5,348.794409462076,1,0
5,341.988467693494,1,1
5,366.824485938067,0,1
5,306.753952344422,1,0
5,393.255440183411,0,1
5,337.38957403379,0,1
5,376.852734564744,0,1
5,315.155105216285,1,1
5,331.400522428982,1,1
5,319.637395187212,1,0
5,315.684109680126,1,1
5,324.679837826454,1,0
5,384.997855439039,0,1
5,365.48520657254,0,0
5,370.527712509439,0,0
5,354.404426850233,0,0
5,317.808930996696,1,1
5,353.757818993641,0,0
5,401.709175362527,0,0
5,314.661670490992,1,0
5,331.404251888407,1,1
5,347.138582600557,1,1
5,354.364545656269,0,1
5,401.127894328764,0,0
5,334.872332531864,1,1
5,293.501082663449,1,1
5,359.673656848996,1,0
5,368.891675107761,0,0
5,359.716147640448,1,1
5,345.764928998832,1,1
5,363.852564069793,1,0
5,332.961619443045,1,1
5,315.584936007878,1,1
5,366.778045351112,0,1
5,329.019611387549,0,1
5,367.830075210106,0,1
5,367.235722200904,0,1
5,341.259845503313,0,0
5,357.711734494092,1,0
5,384.728494831775,0,0
5,339.240652831776,0,1
5,365.194667159373,0,0
5,352.071977188814,1,0
5,412.152351834266,0,0
5,354.549016063526,0,1
5,355.293128517476,0,0
5,346.665846125071,0,1
5,374.083780940067,0,0
5,319.169569408556,1,1
5,358.604463095083,0,1
5,382.492935497578,0,0
5,346.91576890372,1,0
5,346.296281914436,1,1
5,365.989734074544,0,1
5,390.261991712995,0,0
5,367.891797657548,0,0
5,313.629228608133,0,0
5,365.749692164923,0,1
5,335.838336756784,1,0
5,347.576620702476,0,0
5,374.850025495083,0,0
5,360.230456984556,0,0
5,324.327665799413,0,1
5,395.059025897865,0,0
5,301.508884168758,0,1
5,321.808645311582,1,1
5,359.363400170402,1,0
5,330.636692416526,1,1
5,352.838253232677,1,0
5,331.99744841349,1,0
5,279.60844303625,1,1
5,371.37679033205,0,0
5,340.919077368005,0,1
5,349.327361688799,0,0
5,373.345575285807,0,0
5,373.599654808709,0,1
5,354.203448181825,0,0
5,326.159632003223,1,0
5,315.541490586184,1,1
5,366.819500627959,1,0
5,363.299273915313,0,0
5,329.164015796139,1,1
5,336.389992028171,1,0
5,329.493005263925,1,1
5,337.350490714351,1,0
5,368.885670079433,0,1
5,350.708651742609,0,0
5,376.369750519255,0,0
5,351.175321807565,0,1
5,372.854220927487,0,0
5,330.576376481261,1,1
5,360.371519409829,0,0
5,326.095339310481,1,0
5,410.187385216509,0,1
5,302.303200097907,1,1
5,378.759295031632,0,1
5,346.04444655883,0,1
5,306.802380945917,1,0
5,317.408868300634,1,1
5,298.108212454368,1,1
5,290.507001579085,1,1
5,385.778825627849,0,0
5,379.814077925986,1,0
5,303.121909223884,1,1
5,393.714238178312,0,0
5,366.414568579535,1,0
5,337.910577605312,0,0
5,313.081436126348,1,1
5,303.98638728441,1,0
5,367.534458800665,1,0
5,290.92233511258,1,1
5,281.490893283657,1,1
5,284.057642470303,1,1
5,340.010049476971,1,0
5,341.211369724567,0,1
5,363.934986171382,0,0
5,397.172924279399,0,0
5,363.880447548678,0,0
5,366.562568992468,0,0
5,332.857435764081,0,0
5,349.408111594525,0,0
5,350.986528314514,1,1
5,329.969958970805,0,1
5,318.928386117902,1,1
5,324.046417523365,1,0
5,373.975159444719,0,1
5,342.67529551079,1,1
5,369.060158322861,0,1
5,309.852583534119,1,1
5,367.823715734321,0,0
5,358.404788499992,1,0
5,372.626746064462,0,0
5,375.417434872044,0,1
5,350.375118270842,1,1
5,318.85121511506,1,1
5,380.796817701029,0,0
5,366.203818897677,0,0
5,352.679790643305,0,1
5,390.214696425507,0,0
5,334.735466277553,1,1
5,349.029948346918,1,1
5,354.268797696498,0,1
5,334.976479396304,1,0
5,367.972138250357,0,1
5,411.154737759645,0,0
5,308.893018239631,1,1
5,352.135726858573,0,1
5,313.065004062533,1,0
5,363.477723884131,0,1
5,309.077528208088,1,1
5,343.508892991511,1,0
5,394.613861087497,0,0
5,341.818274301172,1,0
5,381.895768900602,0,1
5,373.676719728901,0,0
5,346.330797411915,0,1
5,338.99568987149,1,1
5,393.012471371812,0,1
5,335.223160097071,0,0
5,294.947329034097,1,1
5,336.409321724909,1,1
5,333.378697715545,1,1
5,384.380445315961,0,0
6,290.06162326954,1,0
6,222.193591271109,1,1
6,324.820949265721,1,0
6,379.025239249856,0,0
6,359.838588296338,0,1
6,196.352257973825,1,1
6,323.430648417431,0,1
6,217.431872480311,1,1
6,258.688639915491,1,1
6,320.71120869294,1,0
6,319.66719598351,0,1
6,227.233349814821,1,1
6,246.293938434999,1,1
6,286.429599821283,1,0
6,274.397784395812,1,1
6,328.723399378949,0,0
6,221.61537873807,1,1
6,315.146716438127,0,1
6,330.055563430414,0,0
6,320.038757181194,1,0
6,362.436144444737,0,0
6,288.939234884847,1,0
6,223.608168027385,1,1
6,230.024455441606,1,1
6,352.778821149495,0,0
6,250.197552850529,1,1
6,230.781626141942,1,1
6,233.065032209722,1,1
6,225.344439206366,1,1
6,384.865014746663,0,0
6,319.318346073516,1,0
6,360.306661943701,0,0
6,222.760217809548,1,1
6,326.796592671645,0,0
6,321.53086525382,0,1
6,373.263847613505,0,0
6,214.593128558988,1,1
6,335.922782442881,0,1
6,343.787613665596,0,0
6,353.549022118573,0,0
6,343.903746275644,0,1
6,309.438304751373,0,0
6,378.343976131567,0,0
6,265.524678171408,1,1
6,310.700809989154,1,0
6,314.927907694927,0,0
6,306.140123426289,0,1
6,260.442987353195,1,1
6,313.410429661792,0,1
6,346.064783255758,0,1
6,305.492832924178,0,1
6,385.544914762929,0,0
6,312.676513410315,1,0
6,283.689900340768,1,0
6,335.646784694397,0,0
6,333.132361633118,0,0
6,257.513601225431,1,1
6,251.013524146906,1,1
6,278.236856555745,1,0
6,298.265347746857,1,0
6,291.764965025942,1,0
6,222.861714464903,1,1
6,257.410215544099,1,1
6,249.601653216266,1,1
6,252.547461206009,1,0
6,271.132659045339,1,0
6,293.83288161162,0,1
6,324.281889196296,0,1
6,232.191778954811,1,1
6,289.659523256113,1,0
6,235.397829758503,1,1
6,327.14694045627,0,0
6,292.116319167153,0,1
6,277.294011850011,1,1
6,322.012657489512,1,0
6,355.779624319438,0,0
6,290.117198429655,0,1
6,349.375870828341,0,0
6,233.538438267029,1,1
6,236.037495363714,1,1
6,337.258696893472,0,1
6,285.815131992549,0,1
6,238.152300272227,1,1
6,299.951848225973,0,1
6,331.228249736157,0,0
6,361.74390717395,0,0
6,315.208577311982,1,0
6,322.582374125093,0,0
6,238.144541998007,1,1
6,343.215940473237,0,0
6,378.548724178102,0,1
6,243.527759577164,1,1
6,368.661958638767,0,1
6,331.178920105723,0,1
6,369.8886810404,0,0
6,322.683048214775,0,1
6,309.796155259878,0,1
6,307.542525559711,0,0
6,272.276395404938,1,0
6,306.922296570867,0,1
6,313.525929576731,1,0
6,238.798426619505,1,1
6,325.134324469678,1,0
6,323.031410908092,0,0
6,298.859144127245,0,1
6,351.598419759986,0,0
6,261.280592605044,1,1
6,250.105372629497,1,1
6,313.052270456902,0,1
6,237.579759086696,1,1
6,308.933273766939,0,1
6,289.635326710621,1,1
6,290.334367084642,1,1
6,356.405703101075,0,1
6,237.5764413445,1,1
6,316.883963865602,0,1
6,334.066177026608,0,1
6,386.697938163278,0,0
6,345.736805218297,0,0
6,290.098774036751,1,0
6,382.131488275205,0,0
6,283.240791556938,1,1
6,301.507229050973,0,1
6,260.636116199855,1,1
6,343.364648473295,1,0
6,343.962987623643,0,0
6,299.796847246446,1,0
6,243.344780102724,1,1
6,226.955820193982,1,1
6,333.192475741294,1,0
6,293.347257872741,1,0
6,318.942920594886,0,0
6,329.741036411836,0,1
6,321.972728069778,1,0
6,368.078645983022,0,0
6,252.824078519219,1,0
6,289.368417268644,0,1
6,238.672124838645,1,1
6,287.251350463929,1,0
6,202.654144440698,1,1
6,343.621089313013,0,1
6,300.48355915819,1,0
6,290.658755963832,0,1
6,244.223764892836,1,1
6,267.503403446454,0,1
6,341.492799577818,0,0
6,310.223209925685,0,1
6,242.526727076325,1,1
6,289.022453361704,1,0
6,299.428311690687,1,0
6,314.141590059276,1,0
6,338.313282833363,0,0
6,359.787116739525,0,0
6,311.093365897178,0,0
6,268.85325642214,1,0
6,352.208914731363,0,0
6,329.64647005569,0,0
6,288.959374443479,0,1
6,308.60119992225,0,1
6,212.993631257314,1,1
6,307.5921913703,0,1
6,334.726389879329,0,1
6,295.41854734347,0,1
6,228.063681655126,1,1
6,321.150304705256,0,1
6,248.852016042689,1,1
6,299.324603571265,1,0
6,319.92797105097,1,0
6,359.378210289939,0,0
6,212.33647750885,1,1
6,344.377301539966,0,0
6,288.418877678191,1,0
6,315.019851101432,1,0
6,344.953950601149,0,0
6,274.10393376819,1,0
6,245.837250962066,1,1
6,398.924876377899,0,0
6,321.88604277207,1,0
6,305.515330290845,1,0
6,288.781978194012,1,0
6,328.094522987913,0,0
6,235.270539396793,1,1
6,351.416986046531,0,0
6,353.88621567679,0,0
6,227.002167923872,1,1
6,370.532775027028,0,0
6,262.705521765954,1,1
6,352.090897329403,0,1
6,351.869371501783,0,0
6,328.264329682215,0,1
6,320.546253594064,0,0
6,241.263422099795,1,1
6,372.487747308543,0,0
6,315.790088855549,0,0
6,371.780519354214,0,1
6,274.556022554263,1,1
6,245.562250507427,1,1
6,309.816172382887,1,0
6,316.97232479564,1,0
6,334.452867118835,0,0
7,360.802896380942,0,0
7,391.174368610109,0,0
7,385.82343573632,0,0
7,418.681493221775,0,0
7,399.765864568679,0,0
7,296.035791821415,1,1
7,379.631597580196,1,0
7,345.405517222702,1,0
7,312.975970760179,1,0
7,250.245234169386,1,1
7,374.932889357302,1,0
7,397.239245144862,0,0
7,289.389516614098,1,1
7,321.732543876601,1,0
7,282.917610638584,1,1
7,293.365283519403,1,1
7,261.831850691793,1,1
7,312.099026078346,1,1
7,312.053706831781,1,1
7,313.693197299854,1,0
7,328.06043472152,1,1
7,285.78041808811,1,1
7,365.64894684406,0,0
7,380.399956335112,0,0
7,281.948642607717,1,1
7,410.225049759321,0,1
7,380.011591095864,0,0
7,379.028616562409,0,0
7,387.521332537369,0,0
7,285.421650620414,1,1
7,387.797673626023,0,0
7,355.523883862145,1,0
7,390.327263872615,0,1
7,296.516513271808,1,1
7,346.054904053845,1,0
7,388.187759978703,0,0
7,359.232605114741,1,0
7,359.360076757761,1,0
7,329.095581774769,0,0
7,378.826674187187,1,0
7,349.115096322159,0,0
7,303.104230191528,1,1
7,263.845319333669,1,1
7,383.677564291221,0,1
7,414.886931669366,0,0
7,375.605694617712,0,1
7,395.136735443391,0,0
7,391.240318105814,0,0
7,379.5644940306,0,1
7,385.908687611906,1,0
7,389.772322705557,0,0
7,344.312290133581,1,0
7,388.132491659952,0,1
7,407.91363122726,0,1
7,323.347037464093,1,0
7,295.695425908948,1,1
7,295.087432169539,1,1
7,281.21278474515,1,1
7,351.640227160706,1,0
7,374.965174210839,0,1
7,318.494881313369,1,1
7,370.373040136131,1,0
7,381.694184150594,0,1
7,384.602957140254,1,0
7,377.928942016126,0,1
7,348.823763262855,1,0
7,359.641459050375,1,0
7,363.458389655883,1,0
7,402.634548048797,0,0
7,355.679661770599,1,0
7,374.024792252385,0,1
7,279.571311507057,1,1
7,390.722296142906,0,0
7,350.807733576873,1,0
7,360.565966370725,0,1
7,410.440330969311,0,0
7,349.469090678721,1,0
7,349.728138880078,0,1
7,360.425418388782,1,0
7,364.584922806446,1,0
7,381.551990489636,0,0
7,369.007474163478,1,0
7,374.231787349101,0,1
7,391.500835094743,0,0
7,376.096907476053,1,0
7,365.58494144176,0,1
7,400.696100839226,0,1
7,377.389783494861,0,0
7,373.45783302541,0,0
7,348.528424514843,1,0
7,368.723665839074,0,1
7,358.790385949628,0,1
7,358.442376210029,0,0
7,358.354292450164,0,1
7,385.744213025107,0,1
7,395.686955680089,0,0
7,301.812658684467,1,0
7,377.523698068006,1,0
7,381.777546298233,1,0
7,364.481614130393,0,1
7,266.848552734352,1,1
7,362.753742162557,0,1
7,285.105791578834,1,1
7,362.306133397894,0,0
7,412.438483253978,0,1
7,317.860470304472,1,1
7,323.101670041451,0,0
7,378.819200926841,1,0
7,278.381000514877,1,1
7,317.917307401691,1,1
7,379.947745542053,0,1
7,351.493827426767,1,0
7,308.239885775028,1,1
7,315.679004812347,1,1
7,397.589867238496,0,1
7,377.61138024076,0,1
7,378.007745604136,0,1
7,385.734541322191,0,1
7,414.027602380666,0,1
7,305.836360932377,1,1
7,384.398802003401,0,1
7,365.095779819849,1,0
7,365.410028478755,0,0
7,385.95962465836,1,0
7,317.538790257715,1,0
7,374.873084477643,0,1
7,380.661862634558,0,0
7,369.217338075219,0,1
7,334.056199707132,0,1
7,368.438686757694,0,0
7,351.802329278319,0,1
7,367.519170254059,0,1
7,404.38292908644,0,0
7,328.41506396433,1,1
7,376.737650432675,0,1
7,329.659631682098,1,1
7,331.335947181673,1,1
7,250.016612821815,1,1
7,385.6131006117,0,1
7,377.924128618714,1,0
7,376.672719975285,0,1
7,314.01803603409,1,0
7,302.22139905022,1,1
7,348.587207584772,1,0
7,357.195288708509,1,0
7,340.041108213905,1,0
7,311.176700816563,1,1
7,408.570659845113,0,0
7,307.398752859295,1,1
7,381.378062450436,0,1
7,397.122080155105,0,1
7,352.904981985248,0,1
7,303.455083670381,1,1
7,375.450306615938,0,0
7,376.913181829036,0,0
7,393.350605109088,0,0
7,349.374401576425,1,0
7,390.713372885783,0,1
7,398.995907208988,1,0
7,385.840574785231,0,0
7,377.620599908264,1,0
7,405.759266859166,0,0
7,334.50757422053,1,0
7,360.924589230795,0,1
7,346.761171478372,1,0
7,348.530991736791,1,0
7,411.523438050663,0,0
7,351.184335481767,1,0
7,334.737950366865,1,0
7,382.892868360422,0,1
7,319.436929747458,1,1
7,397.45799627094,0,0
7,374.646560510668,0,1
7,387.990544282937,0,0
7,383.541266356265,0,0
7,384.737218111591,0,1
7,363.08035130336,0,1
7,297.429852853708,1,1
7,265.147918714556,1,1
7,363.990527656288,0,1
7,393.767254580305,0,0
7,305.395709334935,1,1
7,310.154408198635,0,1
7,344.045454994936,0,1
7,313.167920227574,1,1
7,266.47223122459,1,1
7,344.518262912612,1,0
7,369.591206852371,1,0
7,299.402544704567,1,1
7,340.720426424849,0,0
7,318.186162953151,1,0
7,358.73378643261,0,1
7,311.688918890104,1,1
7,351.157059356598,0,1
7,289.100681103008,1,1
7,351.055836307946,0,1
7,296.044367110838,1,1
7,358.134066634355,1,0
7,406.384169783527,0,0
7,312.721285260974,1,1
8,383.37091026517,0,1
8,450.213834886505,0,0
8,327.140517675044,1,1
8,417.963671426404,0,0
8,407.429963789687,0,1
8,389.929902329762,0,1
8,345.91262816881,1,1
8,332.897815608243,1,1
8,423.514474874341,1,0
8,397.013771242219,0,1
8,404.102665997608,0,1
8,439.553167354483,0,0
8,420.974865200501,1,0
8,403.871292969755,1,0
8,427.505699583423,1,0
8,363.759783521142,0,1
8,429.4569254654,0,0
8,428.534914470738,0,0
8,432.956475882923,1,0
8,318.769451441597,1,1
8,376.889102684635,0,1
8,412.170896538216,0,0
8,378.175806682093,1,1
8,394.564292116953,0,1
8,405.244902210345,0,0
8,392.342441081619,0,1
8,369.818182524313,0,1
8,385.220993720793,0,1
8,379.284071794493,1,0
8,379.447203563515,0,1
8,351.664110194117,1,1
8,398.476738723794,0,1
8,404.536567983458,1,0
8,325.235624758683,1,1
8,352.143544010775,1,1
8,401.247286604179,0,1
8,332.732880870788,1,1
8,382.552912516194,0,1
8,390.793749080198,0,1
8,430.99802629867,0,0
8,376.50663836422,0,1
8,292.280213708546,1,1
8,410.436717686313,1,0
8,403.328803790653,0,1
8,431.65307563362,0,0
8,397.225649829867,1,0
8,398.51900023584,0,0
8,346.44661611409,1,1
8,348.583202369095,1,1
8,412.694019945383,0,0
8,401.311614819175,0,1
8,429.75477160532,0,0
8,451.16397972468,0,0
8,417.128155833809,0,1
8,354.657925148704,1,1
8,384.432110323158,0,1
8,448.29180426953,0,0
8,447.01381015045,0,0
8,380.779811884448,1,0
8,401.045808546708,1,0
8,407.083457531316,0,1
8,385.94714148107,1,0
8,394.521409252847,1,0
8,460.000498139107,0,0
8,442.029493709954,0,0
8,330.024810682235,1,1
8,409.439801451282,0,1
8,423.185395365496,1,0
8,405.551451084951,0,1
8,347.539638680354,1,1
8,399.497943563132,0,0
8,415.510786283224,0,0
8,440.359020040238,0,0
8,404.287460465991,1,0
8,448.533679799978,0,0
8,430.43695018795,1,0
8,460.806237525178,0,0
8,417.956701824011,0,1
8,383.117649537628,0,1
8,398.683371372559,1,0
8,332.219424123868,1,1
8,426.032003509869,0,0
8,379.596311957378,0,1
8,344.615231166224,1,1
8,357.98620983737,0,1
8,359.231766367975,0,1
8,407.104890538808,0,1
8,407.639327576368,0,0
8,403.419797038701,1,0
8,306.041857141614,1,1
8,405.485379699293,1,0
8,307.17413593835,1,1
8,353.226336360616,1,1
8,399.563909337817,0,1
8,313.188174945016,1,1
8,386.763954757362,0,1
8,348.927272155524,1,1
8,354.439284960985,1,1
8,412.150456922047,0,0
8,349.156826429404,1,1
8,431.835943678771,0,0
8,400.732372309465,0,1
8,368.567319819172,1,1
8,320.112661061642,1,1
8,461.330534717395,0,0
8,402.47384001479,1,0
8,400.050683552955,0,1
8,427.275261682326,1,0
8,336.916229382098,1,1
8,434.316837551117,0,0
8,420.561245156016,1,0
8,430.201215779289,0,0
8,312.026857722731,1,1
8,430.56333589405,0,1
8,384.646805246843,0,1
8,346.883927666626,0,1
8,299.580799225268,1,1
8,406.80433137223,0,0
8,406.769725326767,0,0
8,420.173707347675,1,0
8,468.173978034199,0,0
8,419.083388875175,0,0
8,375.873900656539,1,1
8,351.461089798062,1,1
8,362.236961163702,1,1
8,454.164570320499,0,0
8,423.843327371925,1,0
8,434.465895602197,0,0
8,362.38763137782,0,1
8,371.042562570194,1,1
8,398.41828222113,0,0
8,374.606098287489,0,1
8,455.856100271274,0,0
8,365.588733962802,1,1
8,383.727038610775,0,1
8,414.369727331494,0,0
8,392.256939263664,1,0
8,353.068624810896,0,1
8,415.250838884484,0,0
8,398.675443962202,0,0
8,302.030181101105,1,1
8,389.903750481732,0,1
8,401.337878412514,0,1
8,410.952242586852,1,0
8,327.018701729454,1,1
8,380.319001403249,0,1
8,393.577559934212,1,0
8,416.991763438483,0,0
8,413.715275302559,1,0
8,357.412707741233,1,1
8,316.492136165456,1,1
8,353.708103034394,0,1
8,408.318649540558,1,0
8,414.410617713429,0,0
8,442.984700737326,0,0
8,424.203601429639,1,0
8,417.680001740368,0,0
8,408.05115515164,1,0
8,428.595876158136,1,0
8,397.610560120757,0,1
8,358.908756338415,0,1
8,366.106404694031,1,1
8,329.641326165227,1,1
8,354.715800018012,0,1
8,348.706657433532,0,1
8,381.886762500882,0,1
8,335.681332165347,1,1
8,392.002146212267,1,0
8,413.062428442336,0,0
8,406.438686587547,0,0
8,429.459020939223,0,1
8,407.459758940881,0,0
8,371.291923591863,0,1
8,394.116020653786,1,0
8,421.437961122491,1,0
8,421.841172589026,0,0
8,445.195141603635,0,0
8,409.533933217091,0,1
8,405.920414930857,0,0
8,323.591217954394,1,1
8,400.891507843462,0,0
8,426.921042954722,0,1
8,393.046502313363,1,0
8,439.993153534226,1,0
8,418.027916285672,1,0
8,419.788980896419,0,1
8,354.239305722711,1,1
8,394.578563051386,0,0
8,435.409991339661,0,1
8,360.145056329959,1,1
8,406.522276029537,1,0
8,410.921352691352,0,1
8,449.588055574081,0,0
8,321.189777340018,1,1
8,405.2178937239,0,0
8,426.406410292667,1,0
8,336.349169931409,1,1
8,387.458666891695,0,1
8,411.817422382262,1,0
8,470.898404680774,0,0
9,342.379004476574,1,0
9,438.457256504851,0,0
9,344.814539862401,0,1
9,348.355122014372,0,1
9,405.952267514157,0,0
9,396.604088842607,0,1
9,391.587108282093,0,0
9,373.931828153533,0,0
9,330.604169690821,1,0
9,280.942483073523,1,1
9,443.135898700685,0,0
9,276.520642062901,1,1
9,308.211841536535,1,1
9,305.308662543802,1,1
9,380.196863984678,1,0
9,285.883426879996,1,1
9,330.820067994459,0,1
9,363.091349992037,0,1
9,275.045675623211,1,1
9,369.189625162328,1,0
9,358.505385224687,0,1
9,374.149039362946,1,0
9,406.424405013842,0,1
9,379.442876002428,1,0
9,347.056741166604,1,0
9,379.937613730548,0,0
9,294.440839312333,1,1
9,337.777753652106,1,0
9,391.312069092687,0,0
9,309.792017433515,1,1
9,360.418733035988,0,1
9,345.44157243618,1,0
9,327.524479731097,0,1
9,428.174657061151,0,0
9,342.252759224923,0,1
9,352.826767307199,0,0
9,348.919061040682,0,1
9,308.934902705903,1,1
9,348.153175707969,1,0
9,375.466083363758,1,0
9,357.343171530957,1,0
9,369.571886553539,1,0
9,401.619293926846,0,0
9,360.996718079379,1,0
9,357.677842027763,0,1
9,272.773479308148,1,1
9,404.693503853094,0,0
9,371.700546320021,0,1
9,387.203898588054,0,0
9,277.76438033853,1,1
9,394.576379578797,1,0
9,330.22739803299,1,0
9,355.236967337174,1,0
9,357.850480988956,1,0
9,380.152707147805,1,0
9,376.067131385628,0,1
9,392.773468786658,0,0
9,376.268660515404,0,1
9,263.401536341906,1,1
9,367.774765210228,0,1
9,375.073985158522,1,0
9,265.633028722687,1,1
9,422.739104713841,1,0
9,293.763100279143,1,1
9,369.30842580583,0,1
9,267.236939333304,1,1
9,397.023025758114,0,0
9,337.747261995581,1,0
9,348.818646124148,0,1
9,340.211374897932,0,1
9,356.718559387512,0,1
9,398.640301425833,0,0
9,272.451505778287,1,1
9,412.214814961047,0,0
9,367.866497579799,0,1
9,347.087029692889,0,1
9,274.083542539961,1,1
9,353.636227866204,0,1
9,304.915928907727,1,1
9,411.841238525804,0,0
9,369.275125394155,0,0
9,348.162657222654,0,1
9,347.434004539442,0,1
9,358.808609113692,0,0
9,307.916759709048,1,1
9,387.726954360715,0,0
9,364.090571390616,1,0
9,277.082291737646,1,1
9,355.029558788836,1,0
9,389.81708446758,0,0
9,391.21726482599,0,0
9,361.114954368341,0,1
9,343.479237823633,0,1
9,323.435052781658,1,1
9,359.648686891973,1,0
9,329.570070024919,1,0
9,328.955657467136,1,0
9,408.54951116854,0,0
9,362.777914268612,0,0
9,283.992163021358,1,1
9,258.709485146891,1,1
9,391.739668987905,1,0
9,266.497846658632,1,1
9,296.402643641209,1,1
9,328.873360184723,0,1
9,368.509345372212,0,0
9,284.897092419573,1,1
9,334.701701183629,0,1
9,395.59499744951,0,0
9,382.224524337998,0,1
9,369.861900684791,1,0
9,377.044523032351,0,1
9,298.686285671823,1,1
9,365.957507907372,0,1
9,361.514893616585,0,1
9,376.712787137906,1,0
9,360.164275620059,1,0
9,374.198349297998,0,0
9,385.459775555085,1,0
9,382.311916989559,0,1
9,275.75477452713,1,1
9,390.133976844525,1,0
9,390.043407794972,0,1
9,383.155988070943,1,0
9,349.174520892402,1,0
9,379.926465138052,0,1
9,410.019452713045,0,0
9,361.994752687343,1,0
9,267.875091017483,1,1
9,346.034706049725,0,1
9,272.991377184671,1,1
9,341.836947387409,1,0
9,396.590079917738,0,0
9,407.289360652489,0,0
9,386.329878100373,0,1
9,247.693609136011,1,1
9,276.28093758009,1,1
9,282.472150485428,1,1
9,422.912250929849,0,0
9,298.948109156024,1,1
9,339.929993975155,0,1
9,417.368483565872,0,0
9,300.816824195656,1,1
9,405.674218222477,0,0
9,370.175702435269,0,0
9,386.357324967867,0,1
9,309.556326518799,1,1
9,296.827142894559,1,1
9,323.048766702654,1,1
9,296.430324594654,1,1
9,394.477666704308,0,0
9,416.640167169557,1,0
9,389.334917640561,1,0
9,369.092088444965,0,0
9,351.089814704828,0,1
9,362.547492996974,1,0
9,285.701099716944,1,1
9,378.345633869333,1,0
9,339.706017193655,1,0
9,386.781660505264,1,0
9,380.425114544387,0,1
9,262.679016922646,1,1
9,374.222514698644,1,0
9,342.272391251938,1,0
9,431.438580153089,0,0
9,336.86624041054,0,1
9,351.441914912166,0,1
9,343.539386246082,1,0
9,365.042560195335,1,0
9,390.021496201218,0,0
9,349.833495989554,0,1
9,295.336919393061,1,1
9,344.543930695945,1,1
9,359.487502834384,1,0
9,338.683431959606,1,0
9,326.592147925164,1,0
9,426.885042009456,0,0
9,391.097070893412,0,0
9,363.334883176253,1,0
9,307.202021589566,1,1
9,408.877313456667,0,0
9,387.483733655009,1,0
9,388.293269086179,0,0
9,274.879100719648,1,1
9,348.16824502689,0,1
9,338.004657687218,0,1
9,393.435798673057,0,0
9,378.548356371396,0,1
9,272.244990054462,1,1
9,361.34800334407,0,1
9,305.254838971389,1,1
9,401.828320992341,0,0
9,267.984887839541,1,1
9,329.121394703811,0,1
9,416.963194320634,0,0
9,372.666987773884,0,1
9,386.46477256297,0,1
9,363.837118336916,0,1
9,294.277962729268,1,1
9,353.257629938731,0,0
10,391.250373498657,0,0
10,291.738396196235,1,1
10,368.52076347922,0,0
10,392.267244250668,0,0
10,381.286592190041,1,0
10,363.906935802287,0,1
10,378.156497755524,0,0
10,368.639821149086,0,1
10,366.93752746864,1,0
10,340.442914062786,1,0
10,346.786016988131,1,0
10,407.633589624319,1,0
10,370.148158957523,1,0
10,390.211924095209,0,0
10,384.276398140791,0,0
10,343.873499214461,1,0
10,391.46065979359,0,1
10,310.720810696432,1,1
10,355.917667813679,0,1
10,395.22615666446,0,0
10,371.655799066957,0,1
10,393.436737245338,1,0
10,372.775410064335,1,0
10,368.813698112505,1,0
10,349.929611469413,1,0
10,352.333882632701,0,1
10,394.532804040823,1,0
10,364.389464860571,0,1
10,385.669953526497,1,0
10,372.002327493021,0,1
10,332.589582809776,1,1
10,369.09172451989,1,0
10,377.183866401735,1,0
10,334.67234150329,1,1
10,380.424826215813,1,0
10,365.335749101365,1,0
10,368.668439795045,1,0
10,390.830005816447,0,0
10,340.545812701424,1,1
10,401.450717296583,0,1
10,363.121454282767,0,1
10,381.440384794139,0,1
10,392.093272695695,0,1
10,319.767514394583,1,0
10,350.530725327651,0,1
10,331.775465645804,1,0
10,386.134912413039,0,0
10,393.316266221365,1,0
10,343.953931493603,0,1
10,379.900727184989,0,1
10,351.546854288514,0,0
10,358.769131409114,1,0
10,396.104941535245,1,0
10,299.440994040687,1,1
10,376.73597035122,1,0
10,378.307218922131,1,0
10,381.806669206316,0,1
10,383.089452689748,1,1
10,322.612223106246,1,1
10,319.549440593914,1,1
10,302.084678985944,1,1
10,305.49523277083,1,0
10,397.004570892814,0,1
10,337.280579170802,1,0
10,373.03833866217,1,0
10,334.21616631268,1,1
10,369.499821645636,0,1
10,374.703012908106,1,0
10,403.433208326361,0,0
10,356.890846145204,0,0
10,396.846181884599,0,0
10,405.874308848953,0,1
10,396.582147886145,0,1
10,337.249061592887,1,0
10,321.064391018878,1,1
10,369.494208145929,0,0
10,313.404152503951,1,1
10,360.921771042111,0,0
10,314.505018620828,1,1
10,381.776512137625,0,1
10,364.973842937683,1,0
10,404.456498447308,0,0
10,370.073293838192,1,0
10,341.047143999448,1,0
10,347.986045557408,1,1
10,355.021077679312,1,0
10,385.968096015471,0,0
10,344.863056884954,1,0
10,363.702477782319,0,1
10,359.879017921648,1,0
10,374.12134744304,0,1
10,323.869084213729,1,0
10,356.246350111348,0,0
10,346.837098326482,1,1
10,356.144355535859,0,1
10,393.077226564894,0,0
10,362.208480486998,1,0
10,356.23949836188,1,0
10,355.535515967224,1,0
10,294.297812339891,1,1
10,335.394760157739,1,1
10,386.884192511802,1,0
10,317.570069572675,1,1
10,394.421605273857,0,0
10,374.727936059748,0,1
10,369.151226723267,1,0
10,345.894052451466,1,1
10,390.856118646869,0,0
10,352.707214259358,1,1
10,370.604602778291,1,0
10,303.479057019523,1,1
10,312.558417356106,1,1
10,376.063736415875,0,0
10,347.6937110592,0,1
10,311.947948836979,1,1
10,360.241045157259,0,1
10,349.03731604222,1,0
10,386.108534157645,0,1
10,303.551682293245,1,0
10,348.143445848745,0,1
10,355.902129345486,0,1
10,369.757475562809,1,1
10,324.416736277764,1,1
10,339.875144642144,0,1
10,400.136233088746,0,1
10,405.658141656894,0,0
10,397.09600142933,0,0
10,377.086619940602,0,0
10,360.410517199548,0,1
10,378.270225272766,0,0
10,343.199522176735,1,1
10,374.89741931706,1,0
10,348.866383095065,0,1
10,365.214341778518,1,0
10,337.781926198822,1,0
10,380.893721114634,1,0
10,356.361462641881,0,1
10,329.883586008373,1,0
10,342.617217504193,1,1
10,341.452627253128,0,0
10,371.82132790101,0,0
10,359.043237989496,1,0
10,306.349436510217,1,1
10,328.008200322987,1,1
10,360.163349098976,1,0
10,371.38816262791,0,1
10,356.35014676485,0,0
10,374.740716468693,0,1
10,290.046698716152,1,1
10,377.000802194768,0,1
10,369.587321829501,1,0
10,352.65516764885,0,1
10,372.951523555895,0,1
10,341.635470580015,1,1
10,354.536159797048,1,0
10,303.503027764008,1,1
10,364.753950356235,1,0
10,398.662424254081,0,0
10,362.929589097567,0,0
10,320.417924856485,1,1
10,326.583000845535,1,1
10,380.696133811087,0,0
10,364.92256363366,0,1
10,365.837358875377,0,1
10,392.96129285016,0,1
10,396.451411562878,0,0
10,349.220854350212,1,0
10,313.251375478018,1,1
10,397.917174994186,0,0
10,369.640193314914,1,0
10,383.684206567903,0,1
10,355.20888170869,1,0
10,313.16663007893,1,1
10,415.858584678339,1,0
10,395.048270019913,0,1
10,370.994483957564,0,1
10,344.885364891376,1,0
10,317.72908026691,1,1
10,375.327898952477,0,0
10,374.259917134862,1,0
10,382.049851946821,0,1
10,360.168164397428,0,0
10,394.31415076494,0,0
10,366.812535747264,0,1
10,391.219386720078,0,0
10,362.327238908828,0,1
10,369.784753027341,0,0
10,370.634402176881,0,0
10,382.751591175723,1,0
10,290.22130560972,1,1
10,364.533469362913,1,1
10,349.479309520817,1,0
10,302.768326202821,1,1
10,313.570095036763,1,1
10,380.32615183596,0,1
10,412.28100900638,0,1
10,371.0664989311,0,0
10,385.784443423808,1,0
10,406.622894156367,0,0
10,279.331535974654,1,1
11,306.374969220844,1,1
11,452.722478557133,0,0
11,326.636421382812,1,1
11,397.193353785781,0,0
11,304.642193394347,1,1
11,342.053011738399,1,1
11,297.958455751632,1,1
11,451.821058723054,0,0
11,353.590874919147,1,1
11,306.326768150271,1,1
11,398.158608762986,1,0
11,391.154906920622,0,1
11,441.719449300133,0,0
11,333.376974184553,1,1
11,313.586505784519,1,1
11,410.534004076871,0,0
11,287.563744000862,1,1
11,460.379480329379,0,0
11,288.982449316504,1,1
11,435.263743857071,0,0
11,394.203972214896,1,0
11,440.36050847033,0,0
11,438.049322440082,0,0
11,378.0173166942,0,1
11,404.368435951877,1,0
11,410.024718248963,1,0
11,315.972071654406,1,1
11,424.156170482426,0,0
11,379.548415631843,1,0
11,460.815642688656,0,0
11,333.1601984843,1,1
11,426.216829892387,0,0
11,442.651325642368,0,0
11,441.880754680084,0,0
11,320.519835240037,1,1
11,294.578221327385,1,1
11,409.690545496817,0,1
11,378.620700408638,1,0
11,307.719050503187,1,1
11,388.623458976995,0,1
11,427.342889409647,0,1
11,314.614129027949,1,1
11,361.559075998986,0,1
11,376.521724750814,0,1
11,392.327070254294,0,1
11,330.589519654325,1,1
11,304.151834631587,1,1
11,452.614416952134,0,0
11,434.958947003814,0,0
11,370.937303859499,0,1
11,458.931871772689,0,0
11,362.219180575625,0,1
11,400.46172123228,0,1
11,299.118638109983,1,1
11,393.666573052969,1,0
11,346.672208154273,1,1
11,374.503709928589,0,1
11,401.634904856182,1,0
11,434.817930888837,0,0
11,389.412646527616,0,1
11,403.04194715047,0,0
11,434.917010804056,0,0
11,374.022240444584,0,1
11,373.103272671855,0,1
11,410.326667097433,1,0
11,389.762762363969,1,0
11,299.523328985992,1,1
11,344.040647721786,1,1
11,315.922810669302,1,1
11,416.311875681368,1,0
11,369.85036229746,0,1
11,423.959896917181,1,0
11,384.945228053549,1,0
11,405.501293388117,0,1
11,304.191543521168,1,1
11,430.098052188193,0,0
11,314.867377376253,1,1
11,327.41058193346,1,1
11,277.369519926828,1,1
11,373.199815905305,1,0
11,444.540305460431,0,0
11,402.564303881144,0,0
11,424.216436771874,1,0
11,398.444933101313,1,0
11,439.965231980943,0,0
11,439.153795649041,0,0
11,453.502765856314,0,0
11,301.403926385256,1,1
11,288.105330111534,1,1
11,416.788607854762,1,0
11,295.539936579223,1,1
11,388.630193026009,0,1
11,348.501894299112,0,1
11,352.420901996613,1,0
11,300.058715667138,1,1
11,453.776384770294,0,0
11,420.578594643688,1,0
11,433.195515905613,0,0
11,445.71220527254,0,0
11,323.458663618452,1,1
11,408.001520112744,0,0
11,425.407211785433,0,0
11,408.845494344078,0,0
11,337.267741257202,1,1
11,378.721187853599,0,1
11,408.397564441987,0,1
11,416.684941774774,0,0
11,439.08416941412,0,0
11,425.021826603146,0,1
11,382.744009819158,0,0
11,312.923463843689,1,1
11,374.536661803423,0,1
11,361.345668765008,0,1
11,392.130355644665,1,0
11,404.558747139009,0,0
11,308.858107212141,1,1
11,439.073578800914,0,1
11,302.655449392459,1,1
11,387.353969487693,1,0
11,282.521106172908,1,1
11,357.9505970913,1,1
11,353.263351572151,1,1
11,362.182671395652,0,1
11,429.941239479085,0,1
11,471.005215827413,0,0
11,397.115104477539,1,0
11,401.950797950391,0,1
11,312.540654115921,1,1
11,374.663654855418,1,0
11,292.844996005339,1,1
11,359.02118801715,1,0
11,461.844520688469,0,0
11,385.351054938017,1,0
11,307.510476652361,1,1
11,291.200232145624,1,1
11,378.170246429429,0,0
11,364.959113974659,1,0
11,388.292862495193,0,1
11,376.133569565697,1,0
11,401.397338308229,1,0
11,389.090866068301,1,0
11,292.999570167314,1,1
11,302.663519992021,1,1
11,409.615242074781,1,0
11,420.610972593225,0,0
11,418.724402414836,0,0
11,382.904043270872,1,0
11,393.553013652175,0,1
11,403.471993915033,0,1
11,312.536129280805,1,1
11,457.007626570609,0,0
11,372.177633525887,0,1
11,429.051893404272,0,0
11,375.088324147857,1,0
11,334.792727689112,1,1
11,404.977981075906,0,1
11,455.260909730806,0,0
11,465.380442973848,0,0
11,398.494072227231,0,1
11,404.992847302279,0,1
11,326.599915039662,1,1
11,434.883887966942,1,0
11,371.911138240756,1,0
11,403.597278363553,0,1
11,364.554443791618,1,0
11,375.614070526866,1,0
11,436.120987156339,0,0
11,395.685734071356,0,1
11,307.825008988402,1,1
11,382.471556753682,1,0
11,375.307604299516,1,0
11,295.783174755646,1,1
11,429.582208489012,0,0
11,293.318994086741,1,1
11,405.969373107957,0,1
11,345.238772311146,1,0
11,424.172671725306,0,0
11,292.322359557525,1,1
11,361.216342085238,0,1
11,371.489707022711,0,1
11,383.903907081197,1,0
11,412.439248378387,0,0
11,396.577203689098,0,1
11,355.192737483045,1,0
11,385.846519909745,1,0
11,420.907233199736,0,0
11,355.074685976969,1,1
11,292.924596552694,1,1
11,389.973710701847,1,0
11,298.496868995186,1,1
11,392.614012450616,0,1
11,433.167189668024,0,0
11,417.884632732569,0,0
11,402.40547079777,0,1
11,411.032587984168,0,1
11,315.852230090189,1,1
11,393.409772059282,1,0
11,470.148485842983,0,0
11,424.442466516381,0,0
11,435.183056150526,0,0
12,400.379347669553,1,0
12,402.872125588068,1,0
12,349.994187923769,1,1
12,336.990276688592,1,1
12,409.346431049948,0,1
12,308.472214578403,1,1
12,368.614947670318,0,1
12,429.921789519707,0,0
12,381.366794437198,1,1
12,404.190776535093,0,1
12,397.317272474015,1,0
12,394.25096899661,0,0
12,452.120759188044,0,0
12,389.878009423845,0,1
12,385.882017875455,1,0
12,405.447907718188,0,1
12,423.575465633877,1,0
12,378.729501725928,0,1
12,383.922967298834,0,0
12,300.514343609387,1,1
12,382.132926287673,1,0
12,415.724232044405,0,0
12,297.620382393266,1,1
12,401.303947468295,0,0
12,440.093126433943,0,1
12,389.894630425985,1,0
12,421.762282270789,0,0
12,421.904068001372,0,0
12,377.975474049631,1,1
12,429.573704257623,0,0
12,384.004247844218,1,0
12,379.301064321871,1,1
12,303.414743901383,1,1
12,389.836676300174,0,1
12,425.210236022133,0,0
12,359.774932712454,0,1
12,360.045537054753,1,1
12,442.401783940237,1,0
12,399.343941839607,0,1
12,429.535920610328,0,0
12,439.490043091392,0,0
12,404.075267081991,1,0
12,422.546467633812,0,0
12,378.579853343806,1,0
12,335.404024420291,1,1
12,409.994739571801,1,0
12,411.875006863235,0,0
12,381.822645954863,0,0
12,291.85618412981,1,1
12,378.63297668641,1,0
12,407.636268721505,0,0
12,368.725261838157,1,1
12,371.042377850698,0,1
12,456.154826559635,0,0
12,376.828227476496,0,1
12,440.038882477548,0,0
12,425.492492031434,0,0
12,404.900508210507,1,0
12,386.600359128635,1,0
12,408.125782573173,0,1
12,442.241555231932,0,0
12,414.792333690369,0,0
12,393.105254009008,1,0
12,393.490332100452,0,0
12,347.862842365498,1,1
12,326.233984643653,1,1
12,450.214301823982,0,0
12,387.224353749378,0,0
12,340.587986336243,1,1
12,404.436902130253,0,1
12,343.372075446454,1,1
12,437.303899807494,0,0
12,402.812534072563,1,0
12,418.647990526823,0,1
12,355.90464985366,1,1
12,385.006991943085,0,1
12,402.91022574631,1,0
12,314.343716264214,1,1
12,377.189073494696,0,1
12,408.505834715954,0,1
12,332.64313484712,1,1
12,432.536390337544,0,0
12,389.189872499025,1,0
12,395.178296200352,0,0
12,377.753560600293,0,1
12,328.638338310671,1,1
12,306.186703168689,1,1
12,383.505687278843,0,1
12,357.000589821928,1,1
12,415.283730789839,0,0
12,357.111155667192,0,1
12,375.845041122444,0,1
12,365.060519350561,1,0
12,419.186367323593,0,1
12,433.136948878519,0,0
12,431.830645184692,0,0
12,410.409882955605,0,1
12,332.006534216007,1,1
12,387.309646973011,0,1
12,417.467511322452,0,0
12,396.008674829621,0,1
12,400.270997708288,1,0
12,400.341846770208,0,1
12,433.233476546171,1,0
12,409.069062229502,0,1
12,364.425167793668,1,1
12,427.567783703679,0,0
12,414.65614834211,0,0
12,400.188955417806,0,1
12,418.194681735523,0,0
12,423.742832459495,0,1
12,369.493441052108,0,1
12,415.040418257191,0,1
12,315.06240997087,1,1
12,415.888066712376,1,0
12,425.495588249943,0,0
12,335.352992601997,1,1
12,398.474941598703,0,1
12,342.390670408539,1,1
12,406.122106908165,0,0
12,337.038483193987,1,1
12,308.934918478856,1,1
12,452.457794636484,0,0
12,432.311818569476,0,0
12,363.200550120522,1,0
12,377.784678030595,1,0
12,388.949392504466,1,0
12,428.415678615385,0,0
12,427.703561927381,0,0
12,411.953988889851,0,1
12,391.850993442716,0,1
12,381.116971765255,0,1
12,342.346379431393,1,1
12,348.618179716143,1,1
12,415.77878303034,1,0
12,383.632526598736,1,0
12,340.47742589616,1,1
12,328.033991349285,1,1
12,416.936720515701,0,0
12,313.997967049223,1,1
12,315.109757745124,1,1
12,440.054370988442,0,0
12,399.487012717796,1,0
12,439.616902184447,1,0
12,343.372466976623,1,1
12,431.037113687187,0,0
12,448.708614696254,0,0
12,402.346762715904,1,0
12,426.738825135557,0,0
12,406.330996625064,1,0
12,423.935354884135,0,0
12,350.138885914042,1,1
12,395.291760495943,0,1
12,417.234915155399,0,0
12,394.049041070326,1,0
12,384.497271423548,0,1
12,392.352033947405,1,0
12,398.321653113427,0,1
12,377.640075683387,1,0
12,337.89165221197,1,1
12,306.198695545129,1,1
12,421.251466467462,1,0
12,379.562750339117,0,0
12,421.377421555884,0,0
12,421.187616488125,1,0
12,396.761316090493,0,0
12,394.982124406632,0,1
12,374.242346043042,0,1
12,431.418289262601,0,0
12,412.906516936482,0,0
12,414.864548234048,0,0
12,337.097956485717,1,1
12,363.150795787588,1,0
12,331.361389930733,1,1
12,362.446594777871,1,1
12,381.304289362914,1,0
12,381.090408211367,0,1
12,376.088105236288,1,1
12,431.331521925716,0,0
12,400.56679718841,1,0
12,409.807028841058,0,0
12,420.94787205812,0,0
12,422.440826182592,0,0
12,390.891880983827,1,0
12,336.602731322093,1,1
12,379.80042396339,0,1
12,431.330339661551,0,0
12,431.135890674727,1,0
12,429.614184487391,0,0
12,385.117631005172,1,0
12,405.740308864961,0,0
12,433.771960971934,0,1
12,321.280479391025,1,1
12,406.14943973468,0,1
12,348.69761596479,1,1
12,387.612984914737,0,1
12,317.748743825618,1,1
12,398.797190457235,0,1
12,378.104190855337,1,0
12,348.415902941199,1,1
13,365.083020098982,1,0
13,282.244343462114,1,1
13,420.072185863791,0,0
13,399.126727290634,0,0
13,434.016609710568,0,0
13,279.120729184128,1,1
13,326.762030327136,1,0
13,373.998251483703,0,1
13,368.393071270629,0,1
13,380.148206714128,0,0
13,362.798410439119,1,0
13,264.097500383495,1,1
13,364.858626402617,1,0
13,354.482286148827,1,0
13,387.93176675309,0,1
13,416.570503772322,0,0
13,281.617227635353,1,1
13,372.790024970812,0,1
13,388.26656171694,0,1
13,353.738120668522,0,1
13,420.161128482257,0,0
13,413.570136628368,0,0
13,412.093010791359,0,0
13,292.672714316782,1,1
13,369.926263090241,0,1
13,408.090523278858,0,0
13,359.518174651538,1,0
13,302.893139640392,1,1
13,397.668927528556,0,0
13,408.951126808905,0,0
13,342.733773270395,1,0
13,410.25174641203,0,0
13,265.875994146948,1,1
13,380.024664696909,0,1
13,366.551442022104,0,1
13,261.406764435768,1,1
13,378.803607387627,0,1
13,301.475162579387,1,1
13,329.734917688176,1,0
13,369.218890554649,0,1
13,281.60759835137,1,1
13,317.754472322709,1,1
13,299.206299035247,1,1
13,289.092013946861,1,1
13,360.876925873034,0,1
13,278.738596894819,1,1
13,348.127966707403,1,0
13,262.564623593774,1,1
13,324.174738502122,1,0
13,397.846187846696,0,0
13,298.780612315823,1,1
13,358.305078843652,0,1
13,315.452426754019,1,0
13,381.237550104533,0,1
13,355.142044770439,1,0
13,297.694631936241,1,1
13,315.387357092959,1,1
13,397.217250574723,0,1
13,399.900731281556,1,0
13,352.256087662712,1,0
13,374.659061435159,1,0
13,386.438736408477,0,0
13,283.825104851076,1,1
13,397.243248462543,0,1
13,285.787991071236,1,1
13,305.839120581599,1,1
13,352.892324149752,0,1
13,311.698882917059,1,1
13,296.675354564937,1,1
13,253.549901523315,1,1
13,385.114365673876,0,1
13,389.263503145119,0,0
13,397.476974698754,0,1
13,367.404632690798,0,1
13,399.027385746159,0,0
13,300.272549459545,1,1
13,379.928018428043,0,1
13,350.738110981454,0,1
13,342.952237609378,1,0
13,365.098275388556,0,0
13,361.906701388745,0,1
13,367.664123506317,0,1
13,374.798453732319,1,0
13,288.138704200646,1,1
13,289.723046135504,1,1
13,365.065039280469,0,0
13,407.824077053346,0,0
13,379.788181888342,0,0
13,342.963183080774,1,0
13,397.137510537644,0,1
13,369.385919152923,1,0
13,282.507848106996,1,1
13,318.147727691258,1,0
13,414.124347521172,0,0
13,431.853608947112,0,0
13,347.894408871749,1,0
13,427.76419022069,0,0
13,423.918114225815,0,0
13,350.875877228002,1,0
13,354.92302748,1,0
13,307.431705579763,1,1
13,356.253843397916,1,0
13,403.201834474427,0,1
13,395.373759240202,0,0
13,403.946808426206,0,0
13,358.639184767169,1,0
13,299.867917837916,1,1
13,365.723568024814,0,1
13,290.30696598844,1,1
13,287.629635927161,1,1
13,348.519816657285,1,0
13,273.899607862126,1,1
13,337.453537478077,1,1
13,405.811832895092,0,0
13,306.96717489802,1,1
13,395.494160996394,0,0
13,400.10866934415,0,1
13,339.132961875015,0,0
13,389.635342891577,0,1
13,393.798678909839,0,0
13,420.068963199239,0,0
13,277.130804526092,1,1
13,369.539199485685,0,1
13,445.352010832477,0,0
13,346.037078414498,1,0
13,408.278938645539,0,0
13,388.71272543917,0,0
13,370.358098487046,1,0
13,354.853847648865,1,0
13,387.342455159721,0,0
13,387.47767676911,0,1
13,363.430599719084,1,0
13,276.987076597288,1,1
13,356.052470856713,0,1
13,293.70186172933,1,1
13,343.356634080715,1,0
13,306.180364174046,1,1
13,335.783015683282,1,1
13,312.389123286149,1,1
13,380.166061782944,0,0
13,406.107295293719,0,1
13,347.556283774927,1,0
13,362.302025977226,0,1
13,395.175345558551,0,1
13,399.862944082287,0,0
13,392.917471032197,0,1
13,313.866432669192,1,1
13,410.413195287657,0,0
13,392.600126891523,0,1
13,410.155936378752,0,0
13,376.37152064479,0,0
13,295.529846554386,1,1
13,413.532135817959,0,1
13,294.548471628267,1,1
13,423.028417951148,0,1
13,374.231993953256,1,0
13,285.328788832408,1,1
13,315.018388984519,1,1
13,295.040812837755,1,1
13,405.105959801779,0,0
13,274.136197607636,1,1
13,354.883312830516,1,0
13,424.634972760874,0,0
13,303.154786704558,1,1
13,362.160026583789,1,0
13,401.156546812785,0,1
13,436.769903680025,0,0
13,297.885097995643,1,1
13,410.336652759562,0,0
13,321.700790803792,1,0
13,393.764545795094,0,0
13,391.518343242027,0,0
13,355.417221914528,1,0
13,377.829877986809,0,1
13,370.68109742354,1,0
13,306.910834415701,1,1
13,275.341256666868,1,1
13,406.077815116685,0,0
13,326.310272795111,1,0
13,371.2694148218,0,1
13,351.529032573375,1,0
13,291.107194214847,1,1
13,359.758445137192,0,1
13,386.99816103536,0,0
13,313.613213313632,1,0
13,401.565035524543,0,0
13,389.453194853217,0,1
13,359.652281101064,0,1
13,273.749869342148,1,1
13,391.723550417949,0,1
13,399.87512049443,0,1
13,406.432324477078,0,0
13,296.798606667268,1,1
13,316.513146070913,1,0
13,356.772456230351,1,0
13,355.008185632918,0,0
13,306.835726793454,1,1
13,303.928048834651,1,1
13,292.318112846386,1,1
13,363.637273320053,0,1
14,396.283790614928,0,1
14,326.517153592327,1,0
14,388.695636361319,0,1
14,330.946277729666,0,1
14,405.409209601313,0,1
14,400.687634333304,0,0
14,349.535476876069,1,0
14,370.892264421442,1,0
14,303.1823450975,1,0
14,383.579410522346,0,0
14,280.666509814834,1,1
14,354.952677031135,1,0
14,350.039496379072,0,1
14,389.311447852224,0,1
14,377.28242155809,0,1
14,361.770387932891,1,0
14,281.624194411013,1,1
14,415.973518048806,0,1
14,393.244117595525,0,1
14,375.985450062244,0,0
14,366.634501316053,0,0
14,308.92224441593,1,1
14,373.123014494462,0,1
14,382.147311005976,0,1
14,344.606229538178,1,0
14,387.209011350551,0,1
14,368.27484280269,0,0
14,325.387020427473,1,0
14,278.202605729459,1,1
14,414.559361394719,0,1
14,276.327079405233,1,1
14,304.47241799633,1,1
14,383.295369633002,0,0
14,403.146589932805,0,0
14,340.792783323088,1,0
14,354.685151119363,1,0
14,292.537807810383,1,1
14,408.873046466463,0,0
14,358.81158668487,0,1
14,315.504648373298,1,0
14,268.186890173898,1,1
14,323.173048921462,1,1
14,404.00216448537,0,1
14,374.427029857666,0,1
14,285.138853099749,1,1
14,254.440934444277,1,1
14,269.946047757204,1,1
14,297.067540392306,1,1
14,357.505190726938,1,0
14,379.845355186126,0,1
14,394.042944140549,0,1
14,368.317248803838,0,0
14,375.259540927262,0,0
14,290.360872612612,1,1
14,398.01885495369,0,0
14,392.670115109706,0,0
14,316.895878117469,1,1
14,375.508850869795,0,0
14,267.334889404434,1,1
14,409.235471972562,0,1
14,326.90165958827,1,0
14,381.982840543022,0,1
14,347.830404340613,0,0
14,323.268934897355,1,1
14,355.6716984344,0,0
14,392.799953561488,0,1
14,334.604644184204,1,0
14,343.965273367925,1,0
14,373.212986229246,0,0
14,358.873301159684,0,1
14,316.341807410352,1,1
14,329.694059216839,1,1
14,364.599095248385,0,0
14,302.035451920475,1,1
14,432.13150164941,0,1
14,301.400503520929,1,0
14,361.920505793524,1,0
14,290.999786799014,1,1
14,383.602696162914,0,1
14,311.720285480119,1,1
14,307.559504225496,1,1
14,326.232625706207,1,1
14,360.113693465074,0,1
14,340.346111911586,1,0
14,300.928881439127,1,1
14,369.327358801013,0,0
14,337.374020157735,0,0
14,404.745349435036,0,1
14,369.594878151191,0,0
14,399.672806446941,0,0
14,324.483040523753,1,0
14,374.189727726107,0,1
14,394.645665019654,0,0
14,410.094411947345,0,1
14,374.552745296302,0,1
14,407.338984459924,0,1
14,379.242918671946,0,0
14,411.282962022162,0,0
14,393.92144010412,0,1
14,379.618737286769,0,1
14,400.709653421883,0,0
14,289.033440421816,1,1
14,275.916643800445,1,1
14,369.818726567894,1,0
14,292.718386106538,1,1
14,335.145857583642,1,0
14,411.95084413517,0,1
14,385.177784034203,0,0
14,361.456563425198,1,0
14,376.34728685121,0,0
14,283.771218873474,1,1
14,394.290844969294,0,1
14,272.120143709079,1,1
14,414.802338220693,0,1
14,412.001474935735,0,1
14,296.42216732702,1,1
14,378.517175067215,1,0
14,419.241783788684,0,0
14,344.348240586408,1,0
14,334.709214779907,1,0
14,401.818333681095,0,1
14,389.597226167206,0,1
14,341.350085152909,1,0
14,398.715320400653,0,0
14,339.301133383819,1,0
14,313.293438110853,1,1
14,302.2418044284,1,1
14,273.503589527528,1,1
14,285.383684569424,1,1
14,282.86148787167,1,1
14,329.088121390791,1,0
14,383.493274575783,0,1
14,303.149475903634,1,0
14,354.683668078308,0,0
14,362.269626368579,1,0
14,282.28066495132,1,1
14,334.486722883399,1,0
14,340.496702697821,1,1
14,320.476592684195,1,1
14,372.901150057863,0,1
14,325.672348404473,1,1
14,442.309078246911,0,1
14,342.728711026809,1,0
14,301.351368935545,1,1
14,288.099088009521,1,1
14,403.599796210692,0,1
14,389.198354102508,0,1
14,390.814837893821,0,1
14,329.641148304816,1,0
14,391.281693652395,0,0
14,354.395827087507,1,0
14,306.501880323564,1,1
14,318.040727937559,1,1
14,371.302244120007,0,1
14,339.695063336167,1,1
14,398.957501116347,0,0
14,300.428808900874,1,1
14,376.23797471576,1,0
14,380.432182810406,0,1
14,313.070488142399,1,1
14,366.943124052936,0,0
14,373.824156758976,0,1
14,372.735233303652,0,1
14,418.510297456162,0,1
14,354.747336681734,1,0
14,393.796737257271,0,1
14,410.111175895289,0,1
14,363.195896216036,1,0
14,385.01211226575,0,1
14,359.177779030045,0,1
14,329.437241711145,1,0
14,380.153883257121,0,0
14,406.963545220574,0,1
14,380.179756443757,1,0
14,293.52663530402,1,1
14,308.588598576646,1,0
14,253.315659305263,1,1
14,383.831911929638,0,1
14,350.98764259085,0,0
14,397.850852961364,0,1
14,408.79837310482,0,1
14,314.69382273658,1,1
14,368.108784296249,1,0
14,296.329779451789,1,0
14,311.965840182141,1,1
14,344.653924487639,0,0
14,282.162260346291,1,1
14,376.00900081582,0,0
14,302.741927272562,1,1
14,299.183797137165,1,1
14,330.734704705385,1,0
14,365.142967940151,0,0
14,396.741963578835,0,0
14,391.188853385357,0,1
14,447.11143985324,0,1
14,403.848618266491,0,1
14,349.585305614181,1,0
14,387.955010960098,0,0
14,396.128370168234,0,0
14,399.228800907665,0,1
15,340.794956696986,0,1
15,352.695718267059,0,1
15,388.258561207255,0,0
15,240.96608852035,1,1
15,362.327325677907,0,0
15,345.475802607916,0,0
15,355.746790372375,0,1
15,343.14210231263,1,0
15,331.371272121637,1,0
15,379.235362375731,0,0
15,340.336181084083,1,0
15,349.729580869115,1,0
15,353.217400630043,1,0
15,324.841095064708,0,1
15,309.614052608763,1,0
15,246.833476130341,1,1
15,372.272364149123,0,0
15,240.304034284068,1,1
15,358.612462999665,0,0
15,253.509066067885,1,1
15,335.884033178119,0,1
15,363.897019638675,0,0
15,280.3378953775,1,1
15,343.531616835711,0,1
15,318.186477940937,1,0
15,334.842543914951,0,1
15,332.279169297595,0,1
15,340.043285719183,0,1
15,342.937877611943,0,1
15,360.960546113083,0,0
15,266.439259105241,1,1
15,233.997297042518,1,1
15,382.74813365139,0,0
15,358.716539456258,1,0
15,276.229437313209,1,1
15,354.784505060323,0,0
15,330.710292142832,0,1
15,396.393004735271,0,0
15,381.760379581815,0,0
15,322.291820288158,0,1
15,321.763891062763,1,0
15,248.56672063446,1,1
15,251.358643680309,1,1
15,361.796855046932,0,1
15,368.13430595052,0,0
15,333.246375113106,1,0
15,225.668831440899,1,1
15,329.382752440207,1,0
15,348.554977649511,1,0
15,365.58471516865,0,0
15,261.925498876943,1,1
15,327.190810592744,1,0
15,327.331559365765,0,1
15,377.956209469195,0,0
15,367.18096866069,0,1
15,378.496070853013,0,0
15,340.489383000084,0,1
15,372.898515452365,0,0
15,378.433400326292,0,0
15,379.601507452887,0,0
15,296.50688958172,1,0
15,346.348459075036,1,0
15,395.331955845116,0,0
15,370.88209105638,0,0
15,357.672525559809,0,0
15,255.207164163571,1,1
15,369.386461766827,1,0
15,248.40331558262,1,1
15,325.101061151127,0,1
15,356.68496856812,0,0
15,330.174803001099,0,1
15,389.064122401648,0,0
15,234.95697397634,1,1
15,349.664405858855,0,0
15,360.826487095594,1,0
15,312.952021048132,1,0
15,360.301343133396,1,0
15,212.588798012865,1,1
15,352.019841821645,0,1
15,235.739562375594,1,1
15,236.884569052756,1,1
15,346.385926622447,0,0
15,390.913001486044,0,0
15,292.22954951969,1,1
15,348.186837829069,1,0
15,272.00711899841,1,1
15,260.169306413061,1,1
15,363.735106520343,0,1
15,323.22313092617,0,1
15,347.071501911701,0,1
15,337.794560121227,0,1
15,334.235988986092,0,1
15,364.755956095908,0,0
15,334.294214980743,0,1
15,314.428410306658,0,1
15,339.074596971728,0,0
15,363.980080741566,0,0
15,248.2505808636,1,1
15,395.967439359025,0,0
15,359.580475279574,0,1
15,336.572720115941,0,1
15,244.695679441417,1,1
15,348.49941138498,0,1
15,252.687252839005,1,1
15,272.042072229946,1,1
15,386.289750953904,0,0
15,329.877873216488,0,1
15,363.457185020749,0,1
15,312.131298002269,1,0
15,337.089992583204,0,0
15,337.484156950637,1,0
15,244.064919316399,1,1
15,326.130480540138,0,1
15,334.188851009461,1,0
15,249.152810204402,1,1
15,336.727060576796,0,1
15,285.319199842681,1,1
15,246.676946578692,1,1
15,237.50895451406,1,1
15,263.707010495766,1,1
15,335.163562403427,1,0
15,336.948640144843,1,0
15,348.768557847406,0,1
15,288.772796184472,1,1
15,332.16080660447,1,0
15,359.676141885815,0,1
15,371.541539548067,1,0
15,336.714936369704,0,1
15,329.940624492986,0,1
15,219.627930895382,1,1
15,261.188690383918,1,1
15,351.470611118271,1,0
15,371.882084241313,0,0
15,268.977392435414,1,1
15,262.321677433578,1,1
15,330.007429025359,0,1
15,344.243579702828,1,0
15,366.611022695206,0,0
15,381.883382997333,0,0
15,359.321029872331,0,1
15,352.719656707283,0,1
15,251.031659656772,1,1
15,360.658106913252,0,0
15,343.782210330223,1,0
15,257.242952552101,1,1
15,273.351642625371,1,1
15,400.0230409201,0,0
15,321.274447940991,0,1
15,361.987699923865,0,1
15,335.369964324272,1,0
15,261.595903645049,1,1
15,256.303019614182,1,1
15,308.988829915734,0,1
15,242.024750098273,1,1
15,365.58215094074,0,0
15,365.124027917752,0,0
15,376.939127596497,0,0
15,354.731152854904,0,0
15,387.330455756695,0,0
15,337.010721728398,0,1
15,370.80003117721,1,0
15,365.47623928153,1,0
15,256.522204509885,1,1
15,399.725795590148,0,0
15,271.256418612629,1,1
15,257.230409912983,1,1
15,348.837583602416,0,0
15,319.996579117189,0,1
15,333.56142527619,1,0
15,316.104268755851,0,1
15,351.249431874103,0,1
15,380.884012400595,0,0
15,326.683973974736,1,0
15,322.233667044226,1,0
15,343.009995151142,1,0
15,318.613429873602,0,1
15,346.476174590648,0,1
15,323.290857139574,1,0
15,348.888232442335,0,1
15,381.905118434761,0,0
15,335.343559119861,0,0
15,232.443455654137,1,1
15,235.644935269855,1,1
15,325.233000790481,0,1
15,314.555896183641,0,0
15,363.583216432041,0,0
15,305.762766059777,0,1
15,385.002722492779,0,0
15,401.607513011218,0,0
15,256.371583700196,1,1
15,282.282449123987,1,1
15,336.358869715577,1,0
15,324.641271267062,1,0
15,387.716860029102,0,0
15,258.501475129871,1,1
15,292.043922048517,1,1
15,378.17258609392,0,0
15,239.481961584516,1,1
15,345.54897940665,0,0
15,327.174582947673,0,1
16,421.049441226984,0,0
16,390.841216771566,0,1
16,432.339210154454,0,1
16,351.172776434173,1,1
16,455.739318377299,0,0
16,411.839398522785,0,1
16,392.238576660559,0,0
16,379.137916795031,1,1
16,412.677121601423,0,0
16,372.44184815634,1,0
16,395.905052120425,0,1
16,389.386752587855,0,0
16,395.680931477513,0,1
16,381.153048225856,0,1
16,372.369069314616,1,1
16,434.394156362252,0,0
16,420.623475042541,0,1
16,380.575973116748,1,0
16,356.750219653399,1,1
16,387.49193313944,1,1
16,401.033572410773,1,0
16,385.432494996597,1,0
16,407.211857155359,0,0
16,368.493717606873,1,0
16,352.455397465706,1,1
16,370.122653536021,1,1
16,406.598266928874,0,1
16,437.711683387511,0,0
16,376.345144696671,1,0
16,420.774741023344,1,0
16,398.267539288498,1,1
16,415.75522192997,0,1
16,354.069658980489,1,1
16,344.307521858479,1,1
16,340.04038286077,1,1
16,396.621498569872,1,0
16,396.13974732056,1,1
16,419.340237553606,0,1
16,407.232362551934,1,0
16,409.473323874676,1,0
16,422.788399399882,0,0
16,405.717266239119,0,1
16,415.3142538309,0,1
16,359.233381357684,1,0
16,421.808663707198,0,1
16,343.354126049541,1,0
16,380.38549778372,0,1
16,406.531923396452,0,0
16,423.199729704561,0,1
16,460.584070066147,0,1
16,359.531859906062,1,0
16,394.933077123852,0,0
16,415.161799151575,0,0
16,418.699379735996,1,0
16,419.823364668621,1,0
16,342.887904083657,1,1
16,364.273807678097,1,1
16,428.734352433223,0,0
16,375.394765477445,1,1
16,420.977325350396,1,0
16,353.307982759898,1,1
16,367.08692096768,1,1
16,368.951857497293,1,0
16,409.280247929136,0,1
16,389.812167417795,1,1
16,419.609973134864,0,0
16,378.747302166636,1,1
16,385.633901255192,1,0
16,410.20069512687,0,1
16,385.620501246691,1,1
16,361.155194628438,1,1
16,398.871302804799,1,0
16,416.582917091481,1,0
16,407.199394519096,0,1
16,410.806312120737,0,0
16,357.498161083617,1,1
16,373.62603705502,1,1
16,436.02452015263,0,1
16,408.841066794327,0,0
16,307.675496414085,1,1
16,428.735040937284,0,1
16,421.366312061392,1,0
16,409.749895791019,1,0
16,344.641749015674,1,1
16,425.27111432069,0,1
16,331.783419394209,1,1
16,407.990491816416,1,0
16,401.460294584025,1,0
16,346.918738298184,1,1
16,428.259028719753,0,0
16,377.487765777535,1,0
16,376.002534388464,1,1
16,427.380283308766,0,0
16,391.695691600021,0,1
16,417.244356285568,0,0
16,424.214465559572,1,0
16,399.464179188421,1,0
16,430.01994264696,0,0
16,420.270186302999,0,0
16,420.089882921072,0,1
16,361.953085994673,1,1
16,422.58881203639,0,0
16,379.718730033672,0,0
16,416.353325094076,0,1
16,432.249956463582,0,1
16,403.341709312497,1,1
16,443.132333417672,0,0
16,378.103519549646,1,0
16,382.568810444425,1,0
16,387.512970383901,0,1
16,430.970604793235,0,1
16,416.925191385785,0,1
16,393.189440300458,1,0
16,414.006853674402,0,1
16,386.456957141268,1,0
16,370.392829413304,1,1
16,350.081525649415,1,0
16,380.322718829407,0,0
16,388.012424689707,1,0
16,403.264985603636,1,0
16,432.309751839121,0,1
16,339.370592080265,1,1
16,376.294139526137,0,0
16,385.368291004993,1,0
16,400.287527010097,0,0
16,397.537256771039,0,0
16,400.864445052484,1,0
16,417.385535323937,0,1
16,395.105453467332,0,0
16,390.331786920633,0,0
16,368.934693400906,1,1
16,410.899369361541,1,0
16,352.094157721136,1,1
16,428.421838311589,0,1
16,406.62182338205,1,0
16,388.141307114889,1,0
16,405.690205123201,1,0
16,372.276703288542,0,0
16,364.684865501237,1,1
16,403.173511062233,0,0
16,397.881142719377,0,1
16,430.43702170508,0,0
16,420.975409613229,1,0
16,419.992204210706,0,1
16,374.70139029867,1,1
16,400.555788666923,1,0
16,388.986680792452,1,0
16,383.212854255331,1,0
16,439.251092364409,0,0
16,375.975962705431,1,1
16,404.639210980935,0,1
16,441.087357085447,0,1
16,362.788533071409,1,1
16,382.369120863427,1,0
16,397.09098023687,0,1
16,347.462325015605,1,1
16,405.747512584977,1,0
16,382.466915934063,1,1
16,412.742530720283,1,0
16,466.048595467975,0,1
16,375.733442293796,0,0
16,426.289563910398,1,0
16,332.731006553269,1,1
16,449.195282664004,0,1
16,390.158562937108,1,1
16,383.233904701155,1,0
16,429.859448413748,0,0
16,353.585377271448,1,1
16,387.591595919934,1,0
16,337.847650115289,1,1
16,441.737062961776,0,0
16,396.748985481222,0,1
16,412.401308665381,0,1
16,398.572125238269,1,0
16,399.22635450836,0,0
16,416.778641902189,0,1
16,411.79299138199,0,0
16,421.215634854672,0,1
16,359.038121952762,1,1
16,369.831189502251,1,1
16,385.146807591355,1,0
16,399.298749202795,0,0
16,427.726015060975,0,1
16,354.000008472273,1,1
16,393.122131589452,1,0
16,383.142136702259,1,0
16,393.597774317828,0,0
16,437.027959763104,0,1
16,401.678618626425,0,0
16,417.612398296598,1,0
16,443.226982591744,0,1
16,399.611738122747,1,0
16,446.379142297245,0,1
16,421.465362582984,1,0
16,355.002348633561,1,0
16,416.886546216751,0,0
16,400.810271562256,0,1
16,411.346716272878,0,0
16,417.589148802849,0,1
16,423.269647070024,0,1
17,410.470836556498,1,0
17,350.814411957442,1,0
17,430.418833551913,0,0
17,410.116199714003,1,0
17,324.353910789455,1,1
17,355.957252978698,1,0
17,418.309970249927,0,0
17,325.017735377541,1,1
17,296.529157426312,1,1
17,419.45782478825,0,1
17,389.239099752339,1,0
17,378.469975047165,0,0
17,395.057236712239,1,0
17,380.010969028569,0,1
17,421.716202460298,0,0
17,338.41107753084,1,1
17,412.455990085066,0,1
17,400.862479425231,0,1
17,397.760751448118,1,0
17,369.161722426705,0,1
17,324.993944416939,1,1
17,436.249263061512,0,1
17,371.12581905278,1,0
17,419.60281589776,0,0
17,376.273188048398,0,0
17,375.084096084686,1,0
17,372.930959742063,0,1
17,395.723859984735,0,1
17,302.038738705043,1,1
17,337.148526973797,1,1
17,398.364830770303,0,1
17,310.622929981934,1,1
17,398.265985489798,1,0
17,402.71180304551,0,1
17,386.024904540241,1,0
17,367.201422293706,1,0
17,415.440649323093,0,1
17,408.131365928495,0,1
17,390.701886818723,1,0
17,402.762690462073,1,0
17,425.901879125677,0,0
17,411.694982159076,0,1
17,356.269014244126,1,0
17,390.874870444114,0,1
17,323.6015525235,1,1
17,428.162944456744,0,0
17,374.876765002979,1,0
17,412.632632675959,1,0
17,376.438018176972,0,1
17,366.640176183483,0,1
17,314.42598854884,1,1
17,434.757355369712,0,0
17,407.315931740436,1,0
17,369.953682815932,0,0
17,324.267602478359,1,1
17,325.534558647749,1,1
17,406.733753636029,0,1
17,331.917848013777,1,1
17,341.650966559514,1,0
17,386.50731208937,0,1
17,417.44331856968,0,0
17,367.44963889231,1,0
17,405.662037609205,0,1
17,437.80403100315,0,0
17,351.778180245415,1,1
17,293.030628374952,1,1
17,359.507215002174,1,0
17,414.893033402186,0,0
17,424.48360653477,0,1
17,383.126530571415,0,1
17,377.395668470696,1,0
17,398.491884393992,1,0
17,384.560681401484,0,0
17,392.310195349694,1,0
17,376.032529362285,0,1
17,439.464868447849,0,1
17,388.202581818022,0,1
17,411.353534152958,0,1
17,447.167399570569,0,0
17,421.091880622975,0,0
17,408.963428344805,1,0
17,371.480512635256,1,0
17,395.419649465712,1,0
17,382.458858696711,0,1
17,316.773054198052,1,1
17,297.778155610035,1,1
17,393.417986246636,0,1
17,301.577009789677,1,1
17,324.563457729505,1,1
17,321.527632439615,1,1
17,299.542321036968,1,1
17,401.146542470858,0,0
17,387.650152056041,1,0
17,385.26261805113,0,1
17,334.706550381382,1,1
17,381.225787170386,0,1
17,447.653973281867,0,1
17,387.439216036814,0,1
17,391.640650219477,1,0
17,437.245471712876,0,0
17,320.194259907531,1,1
17,443.743414982046,0,0
17,375.636281552212,1,0
17,427.646992358313,1,0
17,371.878572477278,1,0
17,367.482654001072,0,1
17,360.973641723483,1,0
17,320.187777728174,1,1
17,397.099977305985,0,0
17,362.000938196107,1,0
17,388.14622357492,1,0
17,367.71754345803,1,0
17,427.200210578512,0,1
17,417.025474042284,1,0
17,386.501789597775,1,0
17,380.618623579506,0,1
17,373.375127009437,1,0
17,396.098360552475,0,1
17,317.284504629744,1,1
17,396.470729642101,0,1
17,416.226869626679,0,0
17,396.074285001905,0,0
17,318.420358407832,1,1
17,390.684535883648,0,1
17,444.974688804705,0,1
17,382.666800678378,0,1
17,373.634783701817,0,1
17,402.219851169765,0,1
17,432.765255706512,0,0
17,411.107307879839,0,1
17,261.497510739326,1,1
17,377.91473393363,0,1
17,421.068999802318,1,0
17,287.811564977537,1,1
17,415.557472352226,0,0
17,388.21241330368,0,1
17,395.72217372141,0,0
17,326.074142378393,1,1
17,279.37820871604,1,1
17,430.413526710762,0,0
17,432.234713750357,0,0
17,389.108478409373,0,1
17,379.295066068924,0,0
17,306.016645681636,1,1
17,324.202046158916,1,1
17,330.143010725996,1,1
17,300.770142481451,1,1
17,315.18550357678,1,1
17,407.418100915659,0,0
17,378.845047290203,1,0
17,419.523811384578,0,0
17,391.91162749524,0,1
17,327.826891995723,1,0
17,425.590546642662,0,1
17,397.369042042899,1,0
17,420.527768054124,0,1
17,349.807736968506,0,1
17,296.232567180245,1,1
17,404.32217419235,0,0
17,386.155418665664,0,1
17,287.070906454363,1,1
17,313.055959220515,1,1
17,299.85938896628,1,1
17,360.208666556858,1,0
17,437.572737187035,0,0
17,405.700221797445,0,0
17,368.434858878091,1,0
17,402.960415370341,1,0
17,427.981768885985,0,0
17,382.027894777675,0,1
17,458.593425434367,0,0
17,395.211481928139,1,0
17,292.252873961117,1,1
17,266.750900119476,1,1
17,432.717432578447,0,0
17,409.854541688087,0,1
17,324.532792372137,1,1
17,435.538483731125,0,0
17,430.154718898723,1,0
17,338.721146064029,1,1
17,437.493667343376,0,0
17,347.163539902824,1,0
17,403.718514433373,1,0
17,322.846303052096,1,1
17,299.225620972882,1,1
17,316.344786296645,1,1
17,425.458971715907,0,0
17,396.429002904069,0,1
17,413.985738337329,0,1
17,366.09267388703,1,0
17,383.594356908037,0,1
17,391.741195932106,0,1
17,396.356633483153,0,0
17,416.766646004503,0,0
17,407.655321007893,1,0
17,397.831642485127,0,1
17,389.403539029912,0,1
17,413.802898644628,0,1
17,309.048816657314,1,1
17,314.276107262162,1,1
18,361.805721783156,0,0
18,376.151616544218,1,0
18,350.289361774552,0,1
18,384.989575403313,0,0
18,387.093311545439,1,0
18,338.406601818482,0,1
18,348.502534256223,0,1
18,394.826071373861,0,0
18,353.053491203918,1,0
18,280.204520555585,1,1
18,354.413220958364,0,1
18,403.312838467351,0,0
18,371.091275219975,1,0
18,387.614261711941,0,0
18,326.820483116646,0,1
18,348.606772608462,1,0
18,376.957118762105,1,0
18,362.964701505664,1,0
18,403.352220550132,0,0
18,381.389055765999,1,0
18,321.533340989727,0,1
18,322.75835063047,0,1
18,400.834956252855,0,0
18,332.320799162837,0,1
18,359.870273848967,0,1
18,328.557926129259,1,0
18,414.167976881324,0,0
18,349.345154746553,0,0
18,346.524484510615,0,1
18,281.227352434919,1,1
18,332.399291077746,0,1
18,384.525028744622,1,0
18,345.889080496871,0,1
18,367.85668113816,1,0
18,249.048694154734,1,1
18,260.306099158579,1,1
18,350.728712630854,1,0
18,361.729284089184,0,1
18,288.033376543443,1,1
18,326.901380503354,0,1
18,275.268149622576,1,1
18,385.070787061429,0,1
18,340.189731345399,0,1
18,386.557442417508,0,0
18,266.434011665329,1,1
18,351.73873577196,1,0
18,384.220169623654,0,0
18,343.057818947111,0,1
18,278.740058160492,1,1
18,320.211536731022,0,1
18,361.573462681058,0,1
18,290.415772179638,1,1
18,344.22567878669,0,1
18,360.179742686253,1,0
18,263.85179037248,1,1
18,251.798731610762,1,1
18,267.331533535993,1,1
18,431.57125217208,0,0
18,370.621856010773,1,0
18,256.172364318433,1,1
18,344.203086380121,1,0
18,320.753176281085,0,1
18,351.239565206011,0,1
18,353.286603395789,0,1
18,280.830636402101,1,1
18,386.074462717179,0,0
18,252.022825149339,1,1
18,383.116889010872,0,0
18,391.322933317394,0,0
18,261.469461018324,1,1
18,337.310214940654,1,0
18,264.964340367579,1,1
18,375.175471079909,0,0
18,348.34784007,1,0
18,274.190765391994,1,1
18,251.512891236671,1,1
18,371.670950787147,0,1
18,262.155732609201,1,1
18,390.692435648302,0,0
18,366.862675648041,1,0
18,331.674527954058,0,1
18,344.578772380199,1,0
18,256.020043424984,1,1
18,365.510366030099,0,1
18,228.399703333954,1,1
18,383.19613446098,0,1
18,254.242345586639,1,1
18,325.916306283945,1,0
18,328.326494125631,0,1
18,264.561801237055,1,1
18,379.604538387515,0,0
18,359.063191412222,1,0
18,348.267852561129,0,1
18,259.998887381679,1,1
18,311.64670327952,0,1
18,272.451631125678,1,1
18,417.698529609902,0,0
18,261.191711066086,1,1
18,348.61112899502,0,1
18,245.908738146907,1,1
18,258.261763108856,1,1
18,375.375692433551,0,1
18,388.601050313645,0,1
18,286.711229298992,1,1
18,245.5142698618,1,1
18,287.033985608473,1,1
18,287.309547819575,1,1
18,379.969751043898,1,0
18,284.204035623979,1,1
18,357.118454956338,0,1
18,365.956707297083,1,0
18,338.595928235244,0,1
18,304.187195751916,0,1
18,398.400172307117,0,0
18,288.970455781735,1,1
18,389.221396715404,0,0
18,348.672532147246,0,1
18,349.577462249516,0,1
18,328.748316558071,0,1
18,280.992090184155,1,1
18,296.197807166528,1,1
18,253.676605037513,1,1
18,338.951969660132,1,0
18,367.242301192578,1,0
18,360.042572094408,1,0
18,321.025364738303,0,1
18,373.948514993048,0,0
18,288.651020418008,1,1
18,303.665223725728,1,1
18,394.07053544714,1,0
18,391.242291663342,0,0
18,346.315651178564,1,0
18,411.614174349609,1,0
18,386.471801696431,0,0
18,253.160759535304,1,1
18,255.739574264668,1,1
18,247.435811683255,1,1
18,305.996091665022,1,0
18,394.962994607833,0,0
18,384.798888955113,0,0
18,367.421738769602,1,0
18,281.728770528231,1,1
18,288.361612066727,1,1
18,371.13788156661,0,1
18,356.545995266978,1,0
18,361.291911327313,0,1
18,401.069277387297,1,0
18,335.413129406388,1,0
18,289.861342818212,1,1
18,353.48544357803,0,1
18,344.88569766123,0,0
18,416.637910261118,0,0
18,378.583721181556,1,0
18,260.826057988023,1,1
18,371.421276542182,0,0
18,367.272201417467,0,1
18,424.762563791489,0,0
18,343.653191352577,0,0
18,368.401330226216,1,0
18,341.443874227874,0,1
18,351.014538036998,0,1
18,331.796754063954,0,1
18,350.88598408766,0,1
18,369.026460455105,1,0
18,373.962129610141,0,0
18,441.949502253869,0,0
18,373.134847245556,1,0
18,356.59412340754,0,1
18,388.372898616406,0,0
18,406.920789810165,0,0
18,337.743438902364,0,1
18,376.49852603515,0,0
18,281.028937822119,1,1
18,355.760231861194,0,1
18,349.87120692907,1,0
18,331.379135446038,0,1
18,354.175193253043,1,0
18,351.994540037488,1,0
18,275.175275408531,1,1
18,320.195783619826,1,1
18,247.668409073218,1,1
18,233.883051253481,1,1
18,396.898381196155,0,0
18,257.640617151971,1,1
18,375.347564692549,0,1
18,259.643616345069,1,1
18,354.214023228516,0,1
18,341.935939841267,0,1
18,350.352773419806,1,0
18,340.650555619029,1,0
18,394.188882897922,0,0
18,378.400653695757,1,0
18,250.154582804394,1,1
18,370.515676976008,0,0
18,372.718739326479,0,0
18,327.703802559827,1,0
18,365.233719171229,0,1
18,280.543957345853,1,1
18,373.751802855856,1,0
18,278.224553445068,1,1
19,354.143491403578,1,1
19,393.394827290197,0,0
19,389.665222001658,0,0
19,408.699003466816,0,0
19,444.236185343992,0,1
19,335.199655919003,1,1
19,421.009017017526,0,0
19,343.858883935083,1,0
19,401.546123565605,1,0
19,383.631453419048,0,1
19,333.527551856197,1,1
19,377.697380138773,1,0
19,335.13824028792,1,1
19,317.47632769827,1,1
19,395.721622249268,1,0
19,368.768606731541,1,0
19,392.472637174752,0,0
19,315.413071806906,1,1
19,342.421702032938,1,1
19,337.988588886635,1,0
19,384.506430649031,1,0
19,415.430205700744,0,1
19,313.710285543814,1,1
19,410.107716640283,1,0
19,389.75943219941,0,0
19,417.038457172813,0,0
19,381.452504080995,1,0
19,390.101183238953,0,0
19,357.124882531563,1,0
19,340.528765619198,1,1
19,389.012510981228,1,0
19,421.487806518408,0,0
19,420.497647487932,0,1
19,382.277494707202,1,0
19,341.55173555739,1,1
19,351.8728812486,1,1
19,392.482025202802,1,1
19,433.34731046432,0,1
19,414.3129428222,0,1
19,391.284715957728,0,1
19,351.171524691396,1,0
19,356.368831486025,1,0
19,345.389474941006,1,1
19,351.174285991034,1,0
19,328.688400813724,1,1
19,338.170492057247,1,0
19,450.231310609058,0,0
19,366.410331855483,1,0
19,390.62842613583,0,0
19,415.105682665568,0,0
19,386.67973180254,1,0
19,394.184828075312,0,0
19,338.391549897309,1,1
19,346.78031353992,1,1
19,393.003708137567,0,0
19,388.625542703599,1,0
19,355.359838229322,1,1
19,327.855756707269,1,1
19,408.223876175441,1,0
19,318.448824296467,1,1
19,334.511215520332,1,1
19,355.611278737967,1,0
19,327.440024788616,1,1
19,342.702995513644,1,1
19,328.372582548057,1,1
19,428.074610209551,0,1
19,372.386060659013,1,0
19,377.528270805611,1,0
19,364.662304309658,1,1
19,352.952742655921,1,1
19,369.774137501359,1,0
19,417.627676481623,0,0
19,345.721029588864,1,1
19,371.577978272765,1,0
19,417.342989607006,0,0
19,306.921687160443,1,1
19,359.089367468571,1,0
19,301.590761723311,1,1
19,323.948143186279,1,1
19,434.487472655447,0,0
19,330.948840459339,1,1
19,386.632210493635,0,1
19,327.503263764002,1,1
19,390.631553684592,0,0
19,331.035430985583,1,1
19,421.042730848306,1,0
19,340.060218591398,1,1
19,333.166168016751,1,1
19,359.173021173195,1,1
19,370.617603688608,1,0
19,438.804978040551,0,1
19,328.592235398256,1,1
19,351.45317016948,1,1
19,339.087104453578,1,1
19,333.063276581704,1,1
19,370.820019299444,0,0
19,359.517512179691,1,0
19,447.288957408641,0,1
19,333.426240333471,1,1
19,347.7053957019,1,0
19,408.367637231072,0,1
19,432.685672305148,0,0
19,435.604226845783,0,1
19,439.503981701124,0,0
19,350.843672715698,1,0
19,392.444947164048,0,1
19,422.537742922856,0,0
19,422.46799515783,0,0
19,308.599528314685,1,1
19,416.541947656356,0,0
19,389.709397313322,0,0
19,362.420562033473,1,1
19,444.877249667499,0,0
19,390.803836902348,0,1
19,409.211899919138,0,1
19,381.945454944095,1,0
19,429.753340915125,0,1
19,358.14972188782,1,0
19,378.067219840513,0,0
19,306.169390011514,1,1
19,377.090684068348,1,0
19,402.495987336884,0,1
19,427.251167670516,0,1
19,431.516569812477,0,0
19,341.214020840865,1,1
19,400.467314504431,1,0
19,366.011051387532,1,0
19,313.702628764878,1,1
19,321.112243284992,1,0
19,383.134336603856,0,0
19,447.167242594484,0,0
19,404.179583786167,0,1
19,462.101551296126,0,1
19,363.33117485193,1,0
19,351.528794434392,1,0
19,395.929924850554,0,1
19,371.511333510633,0,0
19,338.650919318467,1,1
19,289.045253611383,1,1
19,417.883712229475,0,0
19,390.049153319052,1,0
19,436.728823802428,0,0
19,382.444030439926,0,0
19,329.046765419705,1,1
19,328.218933211835,1,1
19,341.031136035535,1,1
19,408.795924227563,0,0
19,334.532069093298,1,1
19,352.235862900571,1,0
19,406.565784407182,0,1
19,360.543038862601,1,0
19,306.593648270455,1,1
19,306.100048068472,1,1
19,340.867700198216,1,1
19,418.057794348138,0,0
19,395.786931264643,1,0
19,321.318966663282,1,1
19,386.736115522711,0,1
19,317.075233986117,1,1
19,405.261186152708,0,1
19,369.451001903106,1,0
19,367.642482992821,1,0
19,386.539097516113,0,1
19,351.922634711176,1,0
19,386.306287033097,1,0
19,418.417017734864,0,0
19,405.890797139925,0,0
19,337.764290388857,1,1
19,429.977961772194,0,1
19,425.391007836364,0,1
19,346.088077234436,1,0
19,375.294074601195,1,0
19,393.710648980264,0,1
19,380.5621753555,1,1
19,401.107649432255,0,0
19,398.513265844145,1,0
19,418.320380567272,0,0
19,363.938525663194,1,0
19,438.23974296472,0,0
19,402.144224306141,0,0
19,410.543532937242,0,1
19,432.873282258435,0,1
19,304.554607374151,1,1
19,446.139027257834,0,1
19,370.759553584325,1,0
19,339.687542891755,1,1
19,331.072924015305,1,1
19,381.99497583261,1,0
19,334.089208230518,1,1
19,334.32315674046,1,0
19,439.684794664507,0,0
19,364.545965184335,1,0
19,401.295348236059,0,0
19,422.113460931779,0,1
19,411.468934875048,0,0
19,378.215534278099,0,0
19,339.927051907105,1,1
19,382.937988396509,0,0
19,409.659453727889,0,0
19,440.600102930926,0,0
20,399.056039855364,0,1
20,418.32428440466,0,0
20,397.307995211903,0,1
20,421.318108812172,0,1
20,328.6678562214,1,1
20,293.806486035399,1,1
20,396.178824526948,1,0
20,366.204727488803,0,1
20,387.36867221179,0,0
20,392.028494057812,0,1
20,376.502099815199,0,0
20,375.767985196151,1,0
20,376.238386121988,0,0
20,333.371817456248,1,1
20,365.164226715495,1,1
20,408.431843788287,0,0
20,331.237295682999,1,1
20,370.888113815288,1,0
20,303.377464405045,1,1
20,394.67412556347,0,0
20,362.633898111143,0,0
20,331.03214902062,1,1
20,308.848288693257,1,1
20,413.26640270393,0,0
20,349.738800623424,1,1
20,340.76195096168,1,1
20,359.662973272287,0,0
20,403.137041189173,0,0
20,422.867799467189,0,0
20,384.114813931553,1,0
20,394.665190934761,1,0
20,368.609007608426,1,1
20,368.33976415311,0,1
20,304.189587611092,1,1
20,367.389691763634,0,0
20,334.150379757116,1,1
20,382.055075571856,1,0
20,386.276560175642,0,1
20,303.915897181694,1,1
20,371.549405889412,0,0
20,390.170411455534,1,0
20,398.722269994422,0,1
20,332.61580137653,0,1
20,385.286332585278,1,0
20,350.373341518786,0,1
20,394.181348248893,0,0
20,331.516321011734,1,1
20,379.234361222469,0,1
20,332.224549639395,1,1
20,304.301265887299,1,1
20,363.072649823315,1,1
20,406.245511020298,1,0
20,425.507409875121,1,0
20,421.11128388653,0,0
20,431.066688483155,1,0
20,425.251813592105,0,0
20,423.130458781779,0,0
20,346.59363631145,1,1
20,381.141569857458,0,1
20,414.099493441432,1,0
20,417.224204422241,0,0
20,376.065061963557,0,0
20,373.255097041332,1,0
20,371.723476446775,0,1
20,364.327443413728,1,1
20,359.46793637382,0,1
20,381.860577548258,1,0
20,401.57298987224,0,0
20,400.644528492098,0,0
20,413.665786264186,0,0
20,372.250729261247,0,1
20,352.130103440901,1,0
20,410.042385081617,0,0
20,322.696637040769,1,1
20,436.203622725967,0,0
20,373.798793986399,0,1
20,305.48329355428,1,1
20,339.879434705988,1,1
20,406.293595406371,0,0
20,414.553639037971,0,0
20,370.584427747724,0,0
20,286.008477275881,1,1
20,401.568590701416,0,1
20,372.155914094407,0,1
20,329.973233595092,1,1
20,419.419203092832,1,0
20,412.012482386454,0,1
20,370.587416480363,0,1
20,380.623165083379,0,1
20,390.392713583486,0,1
20,316.142101555617,1,1
20,364.811838610872,1,1
20,411.341476695653,0,0
20,397.965437176501,1,0
20,376.393163205,0,1
20,420.033751878841,0,1
20,367.036096953349,1,0
20,302.11910097942,1,1
20,408.66359392633,0,0
20,321.834774031496,1,1
20,401.229917297148,0,0
20,332.976845686396,1,1
20,389.082422233859,1,0
20,392.746020173938,0,1
20,347.577088851434,0,1
20,315.044502077402,1,1
20,358.489773426532,0,1
20,396.23046080718,0,1
20,387.715138671425,0,0
20,372.854659508518,1,0
20,357.934758159903,0,1
20,407.213021826522,0,0
20,387.637947207553,0,1
20,302.268556996522,1,1
20,383.837382419668,0,1
20,383.49531160837,0,1
20,353.302756594959,0,1
20,336.84441703483,1,1
20,383.610114291304,1,0
20,371.776068929932,0,1
20,397.567546143829,1,0
20,403.392340496742,1,0
20,322.029824726689,1,1
20,363.502239553018,1,1
20,325.928097097862,1,1
20,338.587143657693,0,1
20,373.031423906709,1,0
20,311.108235919701,1,1
20,290.908180823926,1,1
20,424.580291276318,0,0
20,349.978747575539,0,1
20,338.353999103185,1,1
20,413.709266078529,1,0
20,314.059234757027,1,1
20,341.445818454841,1,1
20,407.072333980754,0,0
20,404.13068266152,0,0
20,405.307144415827,0,1
20,407.005299982771,1,0
20,423.58821025419,1,0
20,362.626248167296,1,0
20,340.844528651028,1,1
20,360.507249167385,0,1
20,334.39314106735,1,1
20,379.753310774,0,0
20,351.974857647666,0,1
20,393.93499408938,0,0
20,364.270099759421,0,1
20,384.463365659063,1,0
20,331.457032032769,1,1
20,367.388370124437,1,0
20,312.138872155999,1,1
20,396.514097518258,0,0
20,359.667486449647,1,0
20,415.034073476791,0,0
20,374.520842106028,1,1
20,405.933752677865,0,0
20,379.013362363873,0,1
20,408.592218191043,0,0
20,410.08698763601,0,0
20,312.809543616649,1,1
20,407.835065656164,1,0
20,326.718947904082,1,1
20,354.77793701148,0,1
20,366.333529946764,1,1
20,348.710542596779,0,1
20,281.881683298493,1,1
20,384.04055584982,0,1
20,425.873037291122,0,0
20,405.857905469736,1,0
20,392.81153031938,0,1
20,337.98044342527,1,1
20,337.575860668162,1,1
20,422.273017841336,0,0
20,396.291284761685,0,1
20,383.95251840732,1,0
20,353.646442994363,1,1
20,318.829134472413,1,1
20,371.707558068093,1,0
20,307.342912000535,1,1
20,405.797052075216,0,0
20,423.628624103114,0,1
20,430.382858820875,0,1
20,367.749614303602,0,1
20,369.487502911002,1,0
20,360.690440944133,0,1
20,382.915226194938,0,1
20,404.527753290221,0,1
20,411.924080011756,0,1
20,368.169352516326,1,1
20,396.680960053549,0,1
20,378.459749363011,1,0
20,397.497351010105,0,1
20,413.700168927105,1,0
20,392.194667985248,0,1
20,363.66565191763,0,1
20,387.090429353788,1,0
20,430.826553694015,0,0
20,427.635474857193,1,0
20,320.841707267496,1,1
