"species","chill","urban","method"
1,616.244519565518,0,0
1,749.910444397422,0,1
1,712.895168184442,0,1
1,733.527161704409,0,1
1,611.898203762059,0,0
1,379.375537127984,1,0
1,742.54633451736,0,1
1,609.608619846758,0,0
1,720.892413082894,0,1
1,629.900146731015,0,0
1,400.155498893302,1,0
1,411.687170354171,1,0
1,382.481605365017,1,0
1,468.851451240003,1,1
1,699.717112086897,0,1
1,698.374483293852,0,1
1,496.439549263782,1,1
1,390.619431543145,1,0
1,743.772578067522,0,1
1,633.539018794856,0,0
1,415.457427648855,1,0
1,485.471465769064,1,1
1,633.007285919355,0,0
1,706.85998270347,0,1
1,658.958079634688,0,0
1,500.56962205472,1,1
1,709.345280430367,0,1
1,409.081078846594,1,0
1,524.532138462834,1,1
1,628.192331907439,0,0
1,746.545534283111,0,1
1,732.159914345101,0,1
1,744.336512398742,0,1
1,385.260502925405,1,0
1,400.325963930866,1,0
1,462.031766670519,1,1
1,455.919833852519,1,1
1,473.36244982325,1,1
1,496.027959166368,1,1
1,449.092054446087,1,1
1,714.289172106544,0,1
1,463.656009009585,1,1
1,693.748197628761,0,1
1,498.813851647419,1,1
1,398.830161507424,1,0
1,754.165783653379,0,1
1,683.887060026899,0,1
1,607.305796483895,0,0
1,410.654902109607,1,0
1,474.898007585789,1,1
1,419.89867664237,1,0
1,685.554933879329,0,1
1,603.663714972539,0,0
1,406.559791866892,1,0
1,483.092090034513,1,1
1,490.920856042708,1,1
1,493.092642536487,1,1
1,390.022983781253,1,0
1,471.788905621752,1,1
1,349.896576860892,1,0
1,722.731716866822,0,1
1,493.123607791255,1,1
1,507.481045379174,1,1
1,376.547311226003,1,0
1,648.1640660276,0,0
1,686.249786882396,0,1
1,716.764491094465,0,1
1,383.508563875997,1,0
1,485.268036170975,1,1
1,750.808653586853,0,1
1,622.912409626242,0,0
1,752.17643526914,0,1
1,632.017164102504,0,0
1,658.924992022291,0,0
1,431.305419243979,1,0
1,738.82897613613,0,1
1,373.79266433116,1,0
1,467.877793653104,1,1
1,740.716413913868,0,1
1,484.210703974682,1,1
1,412.663979092405,1,0
1,406.72752000646,1,0
1,744.010560486985,0,1
1,719.568711058318,0,1
1,405.649267334169,1,0
1,716.362054622449,0,1
1,698.889807098584,0,1
1,383.901442135711,1,0
1,396.011553513019,1,0
1,496.813728753102,1,1
1,501.163743505259,1,1
1,433.986443256543,1,0
1,710.583351498655,0,1
1,655.123469060225,0,0
1,402.179673644989,1,0
1,581.913018142426,0,0
1,406.599245094523,1,0
1,724.394828492014,0,1
1,626.99554508308,0,0
1,521.415754818654,1,1
1,498.158083887969,1,1
1,707.406698045905,0,1
1,408.756531035898,1,0
1,689.085979598551,0,1
1,446.770652093113,1,1
1,522.074768068697,1,1
1,412.075553855221,1,0
1,452.225971698553,1,1
1,711.671470926154,0,1
1,729.495377471616,0,1
1,408.529080133212,1,0
1,516.076942907826,1,1
1,388.572454864374,1,0
1,488.891966637672,1,1
1,393.880244209327,1,0
1,636.427418279365,0,0
1,732.241950761954,0,1
1,720.284018500565,0,1
1,440.514374886418,1,1
1,495.011235173679,1,1
1,442.446005675516,1,1
1,478.39637470766,1,1
1,669.495013378031,0,0
1,704.280027006588,0,1
1,621.758123796191,0,0
1,367.516804846895,1,0
1,490.465034307468,1,1
1,437.036063360043,1,0
1,410.43116170124,1,0
1,727.268127242003,0,1
1,709.991509174088,0,1
1,401.326766322629,1,0
1,642.96949642921,0,0
1,720.921109739211,0,1
1,392.010810992106,1,0
1,473.746068264475,1,1
1,661.726826535712,0,0
1,496.085032501203,1,1
1,600.80231981856,0,0
1,381.516479422274,1,0
1,413.021189478467,1,0
1,723.10842540669,0,1
1,644.090314697696,0,0
1,634.536873851406,0,0
1,747.14169803649,0,1
1,652.795824975646,0,0
1,492.740073680741,1,1
1,625.208542455207,0,0
1,744.154530519341,0,1
1,636.808267035906,0,0
1,717.322061208706,0,1
1,495.556638814666,1,1
1,509.953654135786,1,1
1,441.672955545972,1,1
1,496.314021533858,1,1
1,378.398018216803,1,0
1,450.280622927833,1,1
1,730.732798381924,0,1
1,640.703899133523,0,0
1,383.433021944253,1,0
1,480.082141090208,1,1
1,465.433555917779,1,1
1,737.956601312159,0,1
1,730.339638442657,0,1
1,421.048557408085,1,0
1,438.205148376467,1,0
1,633.926153443001,0,0
1,643.760965225523,0,0
1,638.873101053528,0,0
1,742.679357793117,0,1
1,688.525883769409,0,1
1,650.770057899207,0,0
1,697.551516061797,0,1
1,386.25178032466,1,0
1,485.709422779291,1,1
1,467.759413342419,1,1
1,390.775199691293,1,0
1,505.038167369435,1,1
1,464.859071965963,1,1
1,508.079423967581,1,1
1,763.816475899452,0,1
1,486.55217545531,1,1
1,472.961175030616,1,1
1,729.511141237925,0,1
1,504.152328607555,1,1
1,406.830065316868,1,0
1,382.074238781961,1,0
1,727.944234244372,0,1
1,493.085761347744,1,1
1,348.604053335926,1,0
1,473.487111272568,1,1
1,757.329889259943,0,1
1,635.730210689856,0,0
1,404.226347022657,1,0
1,481.140314020186,1,1
1,704.873612068987,0,1
1,709.931650222994,0,1
1,596.787658591808,0,0
1,364.210703094163,1,0
1,420.285309489479,1,0
2,387.706644299348,1,0
2,599.8441345978,0,0
2,700.782996849539,0,1
2,672.56009147661,0,1
2,674.940467659515,0,1
2,576.740375862367,0,0
2,686.338551725975,0,1
2,446.77774051714,1,1
2,700.918541653251,0,1
2,676.028515612211,0,1
2,377.423609827177,1,0
2,575.776590617479,0,0
2,575.2079267853,0,0
2,459.163823246866,1,1
2,671.568657821603,0,1
2,695.469298927481,0,1
2,373.017033607773,1,0
2,383.902581388221,1,0
2,462.117979935622,1,1
2,673.94800351449,0,1
2,673.113680348239,0,1
2,692.89310563385,0,1
2,470.35712261148,1,1
2,436.130444124162,1,1
2,580.136435672069,0,0
2,610.00893618253,0,0
2,667.515408549512,0,1
2,438.613118520814,1,1
2,405.554751932753,1,0
2,594.566510279883,0,0
2,641.247399172403,0,1
2,427.875327191875,1,1
2,424.026743743295,1,1
2,624.025364806298,0,0
2,401.068795180282,1,1
2,442.839375074776,1,1
2,431.375557361543,1,1
2,604.592542219205,0,0
2,472.399278767203,1,1
2,441.695712813581,1,1
2,604.147306060755,0,0
2,689.442949568683,0,1
2,582.716279970284,0,0
2,405.592814082531,1,0
2,624.109728695625,0,0
2,434.907673985519,1,1
2,421.21624344706,1,1
2,609.000982097185,0,0
2,675.368279602713,0,1
2,395.056043116776,1,0
2,632.808407146184,0,1
2,713.479024372395,0,1
2,475.365115739729,1,1
2,383.803952871957,1,0
2,636.397640768688,0,0
2,386.100938139967,1,0
2,429.724414876837,1,1
2,599.760068516549,0,0
2,612.906476489302,0,0
2,593.398434787262,0,0
2,599.814391447379,0,0
2,573.783919691634,0,0
2,684.778839200654,0,1
2,424.635226070915,1,1
2,470.60755758614,1,1
2,685.379686432485,0,1
2,573.01095711456,0,0
2,593.369735078342,0,0
2,711.546595672496,0,1
2,604.411866032258,0,0
2,457.364246782118,1,1
2,353.62954196686,1,0
2,706.938791623098,0,1
2,468.72433323507,1,1
2,486.569479822079,1,1
2,674.84298719708,0,1
2,373.926874785809,1,0
2,409.180017726392,1,0
2,675.602242160218,0,1
2,438.843089680837,1,1
2,564.841048034687,0,0
2,388.578367321668,1,0
2,668.61735884193,0,1
2,371.016537992069,1,0
2,449.174475972001,1,1
2,436.726578144615,1,1
2,599.888536195741,0,0
2,673.26446712435,0,1
2,387.171375132726,1,0
2,694.981868049276,0,1
2,570.673592380489,0,0
2,581.218521526375,0,0
2,412.736758621029,1,0
2,433.789473095759,1,1
2,653.128261956454,0,1
2,440.993264208323,1,1
2,581.058210920602,0,0
2,418.831641073256,1,1
2,395.452074918962,1,1
2,410.029816220381,1,0
2,469.136538182122,1,1
2,658.609271751681,0,1
2,393.574760866944,1,0
2,579.776071182376,0,0
2,389.392852450217,1,0
2,582.376198265959,0,0
2,685.870186790775,0,1
2,652.886710742262,0,1
2,662.819829268955,0,1
2,362.114582110057,1,0
2,654.746460863543,0,1
2,676.872369209433,0,1
2,663.970051198013,0,1
2,606.576919944395,0,0
2,401.755180177351,1,0
2,687.329329767856,0,1
2,443.454057559475,1,1
2,698.648127319443,0,1
2,664.459572352992,0,1
2,593.621649186967,0,0
2,682.765410862013,0,1
2,607.366842844017,0,0
2,676.226469276252,0,1
2,464.102768743705,1,1
2,378.759735533708,1,0
2,609.306886573399,0,0
2,675.195310795393,0,1
2,427.009401396282,1,1
2,366.017082083238,1,0
2,587.055862121285,0,0
2,592.275574649419,0,0
2,387.147232643214,1,0
2,682.778838436165,0,1
2,687.19439067839,0,1
2,672.740089704195,0,1
2,363.641706213644,1,0
2,428.354309523586,1,1
2,411.799979170982,1,0
2,429.237134959738,1,1
2,592.519522923677,0,0
2,621.735581321207,0,0
2,566.172509844687,0,0
2,597.717547804001,0,0
2,399.646353630851,1,0
2,709.821458581955,0,1
2,563.798282603281,0,0
2,618.547148158998,0,0
2,468.47519583733,1,1
2,467.90865662838,1,1
2,380.691101122908,1,0
2,451.666695559971,1,1
2,449.520749829928,1,1
2,378.405230584793,1,0
2,595.632875051855,0,0
2,402.49123856309,1,0
2,450.002447258015,1,1
2,378.620901295414,1,0
2,673.964720457262,0,1
2,704.374060872872,0,1
2,597.228408792118,0,0
2,676.474210638162,0,1
2,612.515709776187,0,0
2,694.044246336917,0,1
2,672.136377853371,0,1
2,461.293658572915,1,1
2,463.786214002908,1,1
2,389.524790958344,1,0
2,622.76258810221,0,0
2,663.698525822222,0,1
2,437.105977661899,1,1
2,676.144207838153,0,1
2,454.204528403432,1,1
2,453.688827285793,1,1
2,580.98028056712,0,0
2,345.190376914006,1,0
2,455.253749816739,1,1
2,476.674386390482,1,1
2,724.081618897555,0,1
2,607.129329841109,0,0
2,359.381628867874,1,0
2,593.5208815231,0,0
2,466.8482303268,1,1
2,672.649835002608,0,1
2,419.64612102446,1,1
2,438.410768452093,1,1
2,592.804413280132,0,0
2,415.715802863949,1,0
2,464.985658936978,1,1
2,616.924300428386,0,0
2,612.469036406897,0,0
2,713.781860355828,0,1
2,667.202904182397,0,1
2,483.961363663651,1,1
2,432.650521327463,1,1
2,471.061627847775,1,1
2,379.758466292137,1,0
2,688.146415232155,0,1
2,606.909205574573,0,0
2,454.738885338021,1,1
2,711.174859283887,0,1
3,704.815794615889,0,1
3,529.597245751207,1,1
3,513.074633480294,1,1
3,758.391830962385,0,1
3,510.406574433129,1,1
3,495.345006850835,1,1
3,527.592715291627,1,1
3,498.744043180882,1,1
3,403.166810845751,1,0
3,637.401705880888,0,0
3,566.644436483253,0,0
3,753.81732676711,0,1
3,506.148700786508,1,1
3,626.085839073431,0,0
3,718.711971324016,0,1
3,520.304955226474,1,1
3,508.310784701734,1,1
3,383.093415435369,1,0
3,395.381731262113,1,0
3,385.132340503007,1,0
3,486.277571786703,1,1
3,688.710418389805,0,1
3,728.337369755646,0,1
3,380.533812394656,1,0
3,750.934357458796,0,1
3,428.155979196984,1,0
3,626.033937292088,0,0
3,399.646822917331,1,0
3,507.684754993268,1,1
3,549.34169454932,1,1
3,757.289079602109,0,1
3,619.815615184297,0,0
3,505.213740032104,1,1
3,511.794779093917,1,1
3,527.123545194568,1,1
3,641.019730301011,0,0
3,633.353233517644,0,0
3,655.825838966782,0,0
3,714.808349186095,0,1
3,499.760388866847,1,1
3,647.179436629887,0,0
3,435.429775029451,1,0
3,724.023349950468,0,1
3,491.797579737017,1,1
3,659.37922872376,0,0
3,546.843869740671,1,1
3,616.711927270435,0,0
3,403.548533734468,1,0
3,521.749976651525,1,1
3,496.295316264236,1,1
3,384.618025944085,1,0
3,531.701163152046,1,1
3,521.724699093418,1,1
3,768.197465251912,0,1
3,608.643904862388,0,0
3,489.764424280658,1,1
3,787.88317080363,0,1
3,395.430467014412,1,0
3,455.757768843877,1,0
3,536.625328145971,1,1
3,492.228142632845,1,1
3,493.429732862287,1,1
3,385.556476068694,1,0
3,494.780432941973,1,1
3,582.152241201062,0,0
3,633.00412290185,0,0
3,742.793348361853,0,1
3,559.611111602222,1,1
3,614.405900807024,0,0
3,390.938108458097,1,0
3,629.93106917506,0,0
3,352.396711471925,1,0
3,601.612155961276,0,0
3,687.090004726217,0,1
3,653.521322920567,0,0
3,528.621656893469,1,1
3,626.756165326916,0,0
3,744.931383917422,0,1
3,515.28402712694,1,1
3,714.60925016735,0,1
3,553.937172212403,1,1
3,398.557546967974,1,0
3,393.975074261139,1,0
3,739.605258610084,0,1
3,399.520128994446,1,0
3,434.458448468045,1,0
3,419.947543100881,1,0
3,782.529949491565,0,1
3,502.112770170245,1,1
3,735.630966182373,0,1
3,785.418496002757,0,1
3,387.037030274002,1,0
3,636.964393149661,0,0
3,432.364651803865,1,0
3,738.773984473355,0,1
3,759.167836069252,0,1
3,543.554069294515,1,1
3,711.715754061654,0,1
3,739.975461293152,0,1
3,415.802938874919,1,0
3,511.175274529919,1,1
3,747.390196936157,0,1
3,383.463448929961,1,0
3,607.396677279506,0,0
3,500.596354903996,1,1
3,511.715431183766,1,1
3,383.037060193689,1,0
3,712.628829968965,0,1
3,737.697593284205,0,1
3,391.716924308338,1,0
3,757.763954335362,0,1
3,491.252392423917,1,1
3,661.525699927733,0,0
3,376.734058424511,1,0
3,532.083685570059,1,1
3,629.835292639095,0,0
3,752.687821440978,0,1
3,734.760981915704,0,1
3,397.603228909092,1,0
3,404.444086981278,1,0
3,553.341300882543,1,1
3,604.594211391603,0,0
3,527.529138220239,1,1
3,510.262294708436,1,1
3,516.923218738243,1,1
3,698.85052422366,0,1
3,415.623628756194,1,0
3,741.153915155075,0,1
3,414.445861454196,1,0
3,505.165992858962,1,1
3,771.204228214186,0,1
3,746.869577574309,0,1
3,720.848366862995,0,1
3,607.69098693487,0,0
3,379.991006209615,1,0
3,495.113655735312,1,1
3,666.592673894126,0,0
3,403.676719994563,1,0
3,392.814700684051,1,0
3,553.425278978826,1,1
3,389.721755608939,1,0
3,625.960431594605,0,0
3,744.963431915985,0,1
3,393.411240815195,1,0
3,438.355457857738,1,0
3,490.868232008431,1,1
3,620.023987580842,0,0
3,444.321805184663,1,0
3,622.700153785019,0,0
3,498.208425442046,1,1
3,637.008419347309,0,0
3,625.599427208012,0,0
3,656.993469106698,0,0
3,395.90406458442,1,0
3,412.890269164223,1,0
3,604.694417474393,0,0
3,515.949352502298,1,1
3,717.84607183018,0,1
3,527.90479427975,1,1
3,389.551245215623,1,0
3,386.868020325762,1,0
3,615.696737326261,0,0
3,773.643845146591,0,1
3,498.336438875267,1,1
3,648.693906211317,0,0
3,409.620068792857,1,0
3,575.607587820676,0,0
3,509.046273376936,1,1
3,631.488335617852,0,0
3,712.984138966148,0,1
3,720.741506984763,0,1
3,619.546223466994,0,0
3,523.964598091811,1,1
3,533.97778481999,1,1
3,385.676922048867,1,0
3,419.26668356571,1,0
3,780.839635547464,0,1
3,428.553697722071,1,0
3,509.570007894474,1,1
3,618.468602489212,0,0
3,521.067311800729,1,1
3,637.578397219079,0,0
3,659.611695610412,0,0
3,522.226247922667,1,1
3,653.852864303184,0,0
3,434.549769931447,1,0
3,742.363458651948,0,1
3,540.975858774267,1,1
3,605.092914993072,0,0
3,715.996304641539,0,1
3,528.409243164928,1,1
3,764.857224179118,0,1
3,523.769639559414,1,1
3,409.384501742323,1,0
3,745.385191868673,0,1
3,652.148099854664,0,0
3,395.372125632089,1,0
3,661.253475103604,0,0
3,412.829328376048,1,0
3,411.221827873317,1,0
4,574.192830890986,1,1
4,705.912769608146,0,1
4,633.633057638201,0,0
4,413.532034493251,1,0
4,768.379638219076,0,1
4,494.979898454153,1,0
4,545.899402781577,1,1
4,592.349281201592,0,0
4,629.484752093608,0,0
4,569.797243352231,1,1
4,617.786789385082,0,0
4,606.068134576362,0,0
4,465.999166424888,1,0
4,532.044019259056,1,1
4,452.896004713983,1,0
4,411.377122641125,1,0
4,461.488567291547,1,0
4,562.792899684711,1,1
4,465.150512438512,1,0
4,440.858670393812,1,0
4,752.405298858959,0,1
4,759.241751231915,0,1
4,450.939741849199,1,0
4,544.554440737595,1,1
4,604.10317027893,0,0
4,457.453233719093,1,0
4,428.093575773606,1,0
4,725.424052580661,0,1
4,570.530805029413,1,1
4,612.545144375861,0,0
4,437.449193532549,1,0
4,424.3229969647,1,0
4,742.548194810262,0,1
4,550.138758674347,1,1
4,594.125753849977,0,0
4,531.357618329663,1,1
4,693.321201465875,0,1
4,562.214133556972,1,1
4,620.096718346755,0,0
4,440.200232501513,1,0
4,638.127125956833,0,0
4,599.673393100138,0,0
4,440.649258478865,1,0
4,454.823079841447,1,0
4,468.582612444644,1,0
4,736.553975943452,0,1
4,612.012307074284,0,0
4,512.68951442783,1,1
4,450.877237832601,1,0
4,717.916410876366,0,1
4,631.68390595703,0,0
4,580.052364367862,0,0
4,411.173291329722,1,0
4,535.317139736231,1,1
4,606.700969947395,0,0
4,593.740310326002,1,1
4,607.895705168379,0,0
4,756.135771517618,0,1
4,439.693645677756,1,0
4,620.289773641127,0,0
4,757.220331795196,0,1
4,724.063344855603,0,1
4,553.705698254438,1,1
4,757.500398691796,0,1
4,712.106189871345,0,1
4,581.91809705085,0,0
4,633.11833583461,0,0
4,588.66654877108,0,0
4,744.239259689266,0,1
4,405.940135456851,1,0
4,606.831742873587,0,0
4,777.310446830929,0,1
4,418.128322908775,1,0
4,631.516462585629,0,0
4,433.247808943069,1,0
4,615.45713661249,0,0
4,604.070911344628,0,0
4,569.785640779301,1,1
4,473.30135704062,1,0
4,427.474550824197,1,0
4,732.461434115635,0,1
4,616.362592574544,0,0
4,606.295411509794,0,0
4,723.949840278289,0,1
4,742.863648598181,0,1
4,685.19547583804,0,1
4,408.540859744468,1,0
4,455.062371801524,1,0
4,719.031855923113,0,1
4,619.253807294408,0,0
4,750.526340575671,0,1
4,548.498645594879,1,1
4,603.0111706224,0,0
4,736.312504417013,0,1
4,460.05564038372,1,0
4,554.812002124383,1,1
4,725.372820941444,0,1
4,452.6486442164,1,0
4,533.058688149715,1,1
4,732.301572796338,0,1
4,619.143659445398,0,0
4,438.153681337368,1,0
4,704.09336640901,0,1
4,620.59262988904,0,0
4,556.01188937374,1,1
4,745.768478786266,0,1
4,436.227806521101,1,0
4,445.115339032389,1,0
4,598.325152480908,0,0
4,634.970902874258,0,0
4,727.960869647149,0,1
4,594.136941067764,0,0
4,624.385133102442,0,0
4,758.674288152545,0,1
4,543.163256864446,1,1
4,456.399617918788,1,0
4,720.680911842768,0,1
4,528.130694433301,1,1
4,611.759738290662,0,0
4,749.008527612587,0,1
4,632.196823383561,0,0
4,588.370548196384,0,0
4,462.330711063251,1,0
4,451.471351798038,1,0
4,454.957601856333,1,0
4,597.872024038265,0,0
4,445.240161350671,1,0
4,584.158121079644,1,1
4,749.973972891892,0,1
4,559.523647667303,1,1
4,572.166771983059,1,1
4,581.762015996973,1,1
4,616.369632578168,0,0
4,436.234516559182,1,0
4,554.956720947417,1,1
4,413.636639778543,1,0
4,637.509223124645,0,0
4,472.404332141575,1,0
4,759.66079062643,0,1
4,457.914946592675,1,0
4,605.918544965367,0,0
4,549.848724381903,1,1
4,551.355121407638,1,1
4,489.637864496406,1,0
4,450.307126040545,1,0
4,565.962370974841,1,1
4,424.942657744681,1,0
4,618.767056134338,0,0
4,782.732381413642,0,1
4,618.685232859431,0,0
4,459.492552552673,1,0
4,719.663292750218,0,1
4,433.919330030985,1,0
4,537.606774849959,1,1
4,728.726755118148,0,1
4,735.058448463925,0,1
4,436.617978522635,1,0
4,471.961750575134,1,0
4,532.513507825757,1,1
4,574.804674557434,1,1
4,668.790031241685,0,0
4,445.703364205616,1,0
4,769.543301126464,0,1
4,457.324482848324,1,0
4,440.399851292111,1,0
4,577.576922745058,1,1
4,441.104259110698,1,0
4,696.266952577905,0,1
4,446.455002081651,1,0
4,542.382560001457,1,1
4,705.933994937774,0,1
4,534.887652798741,1,1
4,651.706309865084,0,0
4,535.357797021778,1,1
4,409.922939055836,1,0
4,440.671679401805,1,0
4,718.901691166755,0,1
4,443.923729626445,1,0
4,558.138559104454,1,1
4,596.188113972204,0,0
4,736.571315374109,0,1
4,440.015667206273,1,0
4,775.463850073545,0,1
4,423.434705279775,1,0
4,475.951003595182,1,0
4,542.95002886887,1,1
4,427.090553802159,1,0
4,589.257708574992,0,0
4,785.107813244123,0,1
4,441.306463353195,1,0
4,555.469498255101,1,1
4,478.474678733649,1,0
4,542.938519379674,1,1
4,414.684632953979,1,0
4,622.549988046932,0,0
4,617.289863784698,0,0
4,453.336529588013,1,0
4,431.000368917601,1,0
4,579.797643883499,1,1
4,487.669663384809,1,0
5,611.203986468328,0,0
5,722.725178390147,0,1
5,463.014825655945,1,0
5,731.585957783454,0,1
5,579.707585251506,0,0
5,528.089697628126,1,0
5,558.099926681279,1,1
5,659.793739731891,0,0
5,726.735000476763,0,1
5,727.76040874046,0,1
5,601.377964485478,0,0
5,572.906489686248,1,1
5,725.670758464422,0,1
5,622.082498606466,1,1
5,557.945835308772,1,1
5,494.563411560487,1,0
5,755.226447838262,0,1
5,494.549926614967,1,0
5,604.092322451425,0,0
5,575.982605532708,1,1
5,572.955196278461,1,1
5,614.892711476044,1,1
5,560.539795608716,1,1
5,569.366172120746,1,1
5,489.557792595639,1,0
5,506.573391397056,1,0
5,647.349439612864,0,0
5,585.327409658612,1,1
5,487.916364737239,1,0
5,745.45869751043,0,1
5,590.979245768269,0,0
5,607.490632961686,0,0
5,477.672753905286,1,0
5,636.240819803682,0,0
5,508.638996208037,1,0
5,733.620080131299,0,1
5,730.532354561998,0,1
5,702.868928917682,0,1
5,466.459250288234,1,0
5,503.545500247523,1,0
5,612.578005832512,0,0
5,646.316036523674,0,0
5,732.021868489399,0,1
5,740.286535481894,0,1
5,577.458824083676,1,1
5,748.926312538008,0,1
5,577.295137144507,1,1
5,510.310774038171,1,0
5,618.291831088731,0,0
5,593.583575208862,1,1
5,741.745469585773,0,1
5,558.006177767042,1,1
5,470.765174120031,1,0
5,738.042952074322,0,1
5,641.512087464391,0,0
5,567.475508641946,1,1
5,465.036104696662,1,0
5,649.96055852162,0,0
5,463.8611023656,1,0
5,699.520552434225,0,1
5,477.507733539747,1,0
5,707.539502824689,0,1
5,439.857004732284,1,0
5,621.075305848496,0,0
5,759.45908679259,0,1
5,577.001742255373,1,1
5,634.508445726442,0,0
5,577.318476642734,1,1
5,627.336043755359,0,0
5,493.121918545361,1,0
5,617.289490905577,0,0
5,471.2056219194,1,0
5,595.242851866792,1,1
5,725.931716169013,0,1
5,573.186937478784,1,1
5,479.601475284972,1,0
5,764.820214360416,0,1
5,595.945947921512,1,1
5,666.135216454838,0,0
5,480.738731941863,1,0
5,577.494246343901,1,1
5,547.94207867229,1,1
5,452.850405968633,1,0
5,723.864771094897,0,1
5,733.614387637926,0,1
5,585.517592905297,1,1
5,749.94533276436,0,1
5,750.546842528117,0,1
5,590.36666832689,1,1
5,597.943750305698,1,1
5,591.958854200509,1,1
5,492.642805574559,1,0
5,468.036386508628,1,0
5,751.362893780533,0,1
5,635.135763501453,0,0
5,490.467653614182,1,0
5,765.876747350268,0,1
5,594.835250783117,1,1
5,608.372169025325,0,0
5,611.644390311024,0,0
5,581.806033808162,1,1
5,493.626206960844,1,0
5,714.293465938957,0,1
5,460.414672297834,1,0
5,728.528074615243,0,1
5,482.456386476734,1,0
5,729.292204329401,0,1
5,763.778585745598,0,1
5,635.740126890964,0,0
5,515.177195418827,1,0
5,570.693396593476,1,1
5,633.463328018087,0,0
5,730.536485210492,0,1
5,617.3832687074,0,0
5,487.477214004908,1,0
5,758.466250368737,0,1
5,632.49683367964,0,0
5,741.800060499385,0,1
5,567.167794921508,1,1
5,456.597301901049,1,0
5,776.558015888583,0,1
5,581.713864094915,1,1
5,761.800254776511,0,1
5,607.436270426084,0,0
5,595.989667343447,1,1
5,567.730742939478,1,1
5,532.226304789107,1,0
5,630.609190895716,0,0
5,460.565456944191,1,0
5,655.232552087426,0,0
5,599.590880464395,1,1
5,728.965958633097,0,1
5,506.014141064699,1,0
5,498.53826395466,1,0
5,534.623524586856,1,0
5,634.148314339842,0,0
5,727.688269918964,0,1
5,727.034479882329,0,1
5,492.756108851922,1,0
5,770.50553270263,0,1
5,599.168088198233,1,1
5,448.358552632951,1,0
5,744.895215495649,0,1
5,728.582753478047,0,1
5,600.042745012151,1,1
5,508.401742848188,1,0
5,473.12149459709,1,0
5,569.864763915573,1,1
5,551.894373464213,1,1
5,510.154848401784,1,0
5,617.341649535836,0,0
5,729.477030380656,0,1
5,571.556704598,1,1
5,710.44301032944,0,1
5,564.571254726024,1,1
5,609.151975045376,1,1
5,495.022360278567,1,0
5,605.497757315805,1,1
5,584.135658193384,1,1
5,574.18009877232,1,1
5,607.777978340347,1,1
5,740.311737633727,0,1
5,752.129321265806,0,1
5,756.566109194433,0,1
5,520.848770613522,1,0
5,648.232376964282,0,0
5,623.825300803537,0,0
5,570.468931128273,1,1
5,595.779573866028,1,1
5,465.792506617193,1,0
5,625.168125837132,0,0
5,616.316658568146,0,0
5,619.148401044532,0,0
5,746.578561503002,0,1
5,632.97256193751,0,0
5,465.382215676465,1,0
5,586.907479137963,1,1
5,595.786858308465,1,1
5,499.806287489163,1,0
5,633.572099188385,0,0
5,663.251285166541,0,0
5,776.782491176225,0,1
5,636.842631716924,0,0
5,613.744125088606,1,1
5,487.998507126377,1,0
5,744.364228029292,0,1
5,752.13284476257,0,1
5,713.88190911715,0,1
5,474.853271524656,1,0
5,469.346684119567,1,0
5,497.04805547068,1,0
5,641.627100664273,0,0
5,484.042942524209,1,0
5,617.713677188546,1,1
5,554.329354492216,1,1
5,475.60286948039,1,0
5,570.779122047029,1,1
5,570.364981317873,1,1
5,726.385929855159,0,1
5,593.19090588368,0,0
6,313.606558619947,1,0
6,370.542664666669,1,0
6,317.988025507771,1,0
6,709.113119995232,0,1
6,668.673797113553,0,1
6,716.22394232666,0,1
6,359.755675614982,1,0
6,466.049699738263,1,1
6,703.107638017614,0,1
6,623.453485087424,0,0
6,393.033854595847,1,0
6,704.864389951937,0,1
6,700.650319393475,0,1
6,727.843627941487,0,1
6,607.659293507153,0,0
6,689.772005119177,0,1
6,372.795673423169,1,0
6,348.936753203817,1,0
6,751.47391908744,0,1
6,619.965175940869,0,0
6,691.393851233108,0,1
6,742.442194098356,0,1
6,441.463885586584,1,1
6,604.109737621875,0,0
6,607.561292299184,0,0
6,418.11044933148,1,1
6,705.98864604843,0,1
6,338.746392886817,1,0
6,352.291405885096,1,0
6,398.611728432919,1,1
6,636.405078856056,0,0
6,622.120829776301,0,0
6,448.64398486018,1,1
6,741.285953389063,0,1
6,353.696382796982,1,0
6,647.271570239781,0,0
6,366.318652289272,1,0
6,430.37976100181,1,1
6,681.537629960067,0,1
6,703.917116335822,0,1
6,733.021284903345,0,1
6,465.417138661417,1,1
6,453.215680920733,1,1
6,418.815995811097,1,1
6,352.822820291658,1,0
6,417.422825432024,1,1
6,590.499061831903,0,0
6,434.935163799692,1,1
6,599.76771945179,0,0
6,593.182273798895,0,0
6,728.449508641172,0,1
6,458.445502366281,1,1
6,631.476128757838,0,0
6,371.706401945807,1,0
6,417.71526286449,1,1
6,359.134258688866,1,0
6,692.364920524069,0,1
6,352.428724194167,1,0
6,726.878471185025,0,1
6,625.160557086271,0,0
6,605.546275268719,0,0
6,587.520027770254,0,0
6,733.607101045047,0,1
6,367.959871800894,1,0
6,604.857754550953,0,0
6,741.691455721387,0,1
6,451.362053627141,1,1
6,718.065135848804,0,1
6,448.584365188605,1,1
6,433.732389780199,1,1
6,709.75847333904,0,1
6,604.556580451442,0,0
6,462.640860686039,1,1
6,696.573596264845,0,1
6,641.45892722405,0,0
6,342.078014772246,1,0
6,372.100504514212,1,0
6,740.261447435241,0,1
6,367.397388137527,1,0
6,622.923559473018,0,0
6,352.807550070315,1,0
6,363.513242228135,1,0
6,448.283042808416,1,1
6,390.177831141279,1,0
6,370.78862580022,1,0
6,381.255748804542,1,0
6,720.124473023201,0,1
6,598.91294444479,0,0
6,712.80157417772,0,1
6,573.905997145382,0,0
6,647.357175770932,0,0
6,633.125517229872,0,0
6,447.057033879966,1,1
6,626.701473165792,0,0
6,372.135372847091,1,0
6,698.981743521486,0,1
6,380.00066753411,1,0
6,706.907166456128,0,1
6,613.203548500969,0,0
6,583.890769180529,0,0
6,364.197819659058,1,0
6,390.645468309761,1,0
6,415.743945979991,1,1
6,611.08043710067,0,0
6,351.402415998609,1,0
6,635.650704217665,0,0
6,400.46351611985,1,1
6,644.875543889038,0,0
6,331.49400861146,1,0
6,400.401657679451,1,0
6,605.905005707463,0,0
6,334.32770804039,1,0
6,698.435946386332,0,1
6,333.399734511818,1,0
6,701.826023237511,0,1
6,619.059971705958,0,0
6,601.480711986004,0,0
6,407.450736854283,1,1
6,734.292236480357,0,1
6,599.010800424871,0,0
6,367.399971380353,1,0
6,355.391938178013,1,0
6,465.823242704244,1,1
6,725.295197354332,0,1
6,706.471131955888,0,1
6,431.785371369366,1,1
6,438.093322766084,1,1
6,735.776387326262,0,1
6,707.490071007543,0,1
6,361.28062080059,1,0
6,447.403914226164,1,1
6,448.017263155662,1,1
6,447.404671764989,1,1
6,436.404023095361,1,1
6,722.089041545858,0,1
6,354.078168997797,1,0
6,426.257221375514,1,1
6,468.932655388952,1,1
6,628.179023825881,0,0
6,707.372830177215,0,1
6,314.707420010074,1,0
6,410.615400305073,1,1
6,617.336772606861,0,0
6,680.708718949343,0,1
6,331.906606461105,1,0
6,355.670155824648,1,0
6,407.34793861112,1,1
6,442.128158798679,1,1
6,674.864002902145,0,1
6,440.100215364548,1,1
6,345.755650172459,1,0
6,729.409286826323,0,1
6,599.711437881401,0,0
6,346.352829042974,1,0
6,606.003486566759,0,0
6,719.558201947937,0,1
6,731.731349712643,0,1
6,371.811309421016,1,0
6,586.925388003481,0,0
6,696.981324138191,0,1
6,428.889657551553,1,1
6,553.48332777317,0,0
6,713.314432883661,0,1
6,599.769956973356,0,0
6,580.543500338418,0,0
6,363.598237891546,1,0
6,689.925602727457,0,1
6,433.268915112256,1,1
6,690.409414016066,0,1
6,727.575033325923,0,1
6,388.130404991218,1,0
6,353.921823961117,1,0
6,572.187577649948,0,0
6,751.665632270063,0,1
6,621.988378190768,0,0
6,729.121689092682,0,1
6,713.063610959533,0,1
6,667.313868014321,0,0
6,391.281563728082,1,0
6,431.031870474887,1,1
6,437.231715128301,1,1
6,730.072064158281,0,1
6,691.31135438882,0,1
6,400.786961859247,1,0
6,626.156776484497,0,0
6,445.558636709309,1,1
6,353.446338636306,1,0
6,457.052736200543,1,1
6,447.202771528344,1,1
6,703.854334105203,0,1
6,698.887450070856,0,1
6,627.232324518265,0,0
6,434.335773332921,1,1
6,701.035521155995,0,1
6,454.807758176584,1,1
6,723.254165501305,0,1
6,608.58363692847,0,0
6,352.12373307787,1,0
6,742.102876865027,0,1
6,644.08906752676,0,0
7,508.127304717654,1,1
7,501.671558717028,1,1
7,418.34748660632,1,0
7,628.832091554599,0,0
7,624.74635543214,0,0
7,793.868979794126,0,1
7,531.018173626212,1,1
7,495.389590360417,1,1
7,667.281501339636,0,0
7,410.59561351962,1,0
7,510.241743033152,1,1
7,413.306456906428,1,0
7,399.74035500754,1,0
7,501.083240735833,1,1
7,521.526056984946,1,1
7,722.161822747867,0,1
7,411.013034731661,1,0
7,725.486273186113,0,1
7,512.261006752307,1,1
7,757.056650404477,0,1
7,410.138617012869,1,0
7,496.889640705581,1,1
7,508.494265035879,1,1
7,690.144361364771,0,0
7,738.155748262396,0,1
7,395.403027981436,1,0
7,511.704254884048,1,1
7,371.653987653565,1,0
7,657.470871928022,0,0
7,411.437118387117,1,0
7,443.357457151781,1,0
7,784.908901649739,0,1
7,755.032472145827,0,1
7,513.268166820656,1,1
7,735.989778808906,0,1
7,543.73680361958,1,1
7,634.739595798582,0,0
7,765.8002152782,0,1
7,685.288484904927,0,0
7,627.915905179812,0,0
7,378.386367673663,1,0
7,626.284559208909,0,0
7,525.570033899391,1,1
7,415.570032445671,1,0
7,740.41780102349,0,1
7,645.31477357398,0,0
7,356.269056050738,1,0
7,393.281831560676,1,0
7,424.461657128101,1,0
7,732.857423441603,0,1
7,726.544451967143,0,1
7,643.548127246367,0,0
7,398.25931971533,1,0
7,668.788767247277,0,0
7,505.157172272694,1,1
7,775.619437673305,0,1
7,440.123354411301,1,0
7,633.149072148822,0,0
7,418.017378554992,1,0
7,655.022777452087,0,0
7,731.265694738939,0,1
7,401.488406192843,1,0
7,532.395266790761,1,1
7,725.34872449597,0,1
7,510.190982481162,1,1
7,673.014219211823,0,0
7,691.593700268418,0,0
7,504.246615386435,1,1
7,725.090312587343,0,1
7,730.585630872254,0,1
7,395.311250367084,1,0
7,519.477194170755,1,1
7,426.901075905659,1,0
7,745.314418154594,0,1
7,669.850682256271,0,0
7,432.401604157386,1,0
7,622.412875918014,0,0
7,638.976825049991,0,0
7,669.712534924605,0,0
7,682.935933843488,0,0
7,780.335709653477,0,1
7,417.085049603078,1,0
7,736.236815583911,0,1
7,419.264252325157,1,0
7,655.332588005753,0,0
7,480.638362370193,1,1
7,522.975206015463,1,1
7,765.803925061053,0,1
7,401.760467669217,1,0
7,766.918130119829,0,1
7,651.444004006937,0,0
7,661.725536545501,0,0
7,686.839152607066,0,0
7,519.255488081154,1,1
7,514.169004128741,1,1
7,748.368451302531,0,1
7,531.534607657917,1,1
7,523.252509538854,1,1
7,481.496577088915,1,1
7,398.436113498742,1,0
7,513.775020906546,1,1
7,529.405018355071,1,1
7,430.527304389309,1,0
7,510.100404289162,1,1
7,473.597488145678,1,1
7,488.181567502605,1,1
7,487.449365755186,1,1
7,422.346047326051,1,0
7,457.512742258468,1,0
7,498.120617040306,1,1
7,643.347104452573,0,0
7,732.032111717028,0,1
7,538.525863261839,1,1
7,762.606102709088,0,1
7,497.482757225649,1,1
7,728.670362272864,0,1
7,741.18088663456,0,1
7,781.87552512884,0,1
7,666.17921605416,0,0
7,502.686563527316,1,1
7,780.425511268376,0,1
7,750.180748974455,0,1
7,760.932011767611,0,1
7,487.509462367863,1,1
7,393.960453447109,1,0
7,421.634769042691,1,0
7,746.960347229617,0,1
7,640.887670790107,0,0
7,413.535986512799,1,0
7,728.941316507403,0,1
7,414.91341156004,1,0
7,728.908854539618,0,1
7,410.33881296256,1,0
7,444.054694952137,1,0
7,714.589648368029,0,1
7,492.799695017482,1,1
7,632.518470459308,0,0
7,661.5751148529,0,0
7,638.523767421365,0,0
7,479.989538100987,1,1
7,377.024601321542,1,0
7,739.547753699484,0,1
7,635.509670774267,0,0
7,608.32117056792,0,0
7,482.382616812016,1,1
7,610.953589987971,0,0
7,766.752970930973,0,1
7,641.693188122214,0,0
7,783.560722064127,0,1
7,651.75453081663,0,0
7,764.487626186256,0,1
7,651.535830209495,0,0
7,498.299212376323,1,1
7,437.488536010865,1,0
7,757.07732029103,0,1
7,441.340233538502,1,0
7,480.313511009024,1,1
7,665.179386920188,0,0
7,526.866291540265,1,1
7,646.38954819345,0,0
7,648.2611075152,0,0
7,496.940441672904,1,1
7,643.301209928354,0,0
7,414.454739307615,1,0
7,687.774059358922,0,0
7,405.543993180188,1,0
7,758.329039435044,0,1
7,673.616274878678,0,0
7,465.912633957699,1,0
7,645.607482211802,0,0
7,653.62435898815,0,0
7,767.052867731308,0,1
7,531.044924431137,1,1
7,401.116092194952,1,0
7,376.334444002796,1,0
7,653.375928968805,0,0
7,781.65335161219,0,1
7,638.831605767566,0,0
7,401.803530368181,1,0
7,437.132279757653,1,0
7,731.041556118842,0,1
7,635.901599427796,0,0
7,540.07861395854,1,1
7,669.912820856959,0,0
7,422.535837963708,1,0
7,403.865154767826,1,0
7,498.993046272662,1,1
7,498.427661453173,1,1
7,495.513051414996,1,1
7,499.734008374015,1,1
7,388.359944449108,1,0
7,730.151064172128,0,1
7,614.816750143793,0,0
7,638.974850059023,0,0
7,493.4771968245,1,1
7,657.81229491409,0,0
7,650.749324440983,0,0
7,396.689470324289,1,0
7,645.192925310775,0,0
7,652.049031138244,0,0
8,597.241094473746,1,1
8,705.486645854592,0,0
8,695.704489873316,0,0
8,842.394998630233,0,1
8,682.348255171545,0,0
8,568.662443046669,1,1
8,620.605527103131,1,1
8,496.724850508282,1,0
8,634.545749569996,1,1
8,721.063067241798,0,0
8,483.129746474301,1,0
8,820.557581141873,0,1
8,818.507543243249,0,1
8,837.642635174168,0,1
8,592.522048048686,1,1
8,492.071283345434,1,0
8,588.59713209028,1,1
8,684.532392957457,0,0
8,793.439666782465,0,1
8,586.125092157098,1,1
8,612.809352343109,1,1
8,594.469336425889,1,1
8,701.530182342933,0,0
8,680.707749466704,0,0
8,699.279590756362,0,0
8,713.377189887165,0,0
8,489.172451779747,1,0
8,574.596833172149,1,1
8,817.05178533078,0,1
8,713.431400088425,0,0
8,696.432098512564,0,0
8,513.59675452665,1,0
8,855.970372409356,0,1
8,463.840796904897,1,0
8,598.7992641538,1,1
8,685.952765480064,0,0
8,730.246357375078,0,0
8,594.496278668609,1,1
8,678.849291394218,0,0
8,695.899393103088,0,0
8,818.138150965529,0,1
8,819.660936921632,0,1
8,612.05480502961,1,1
8,709.781969623312,0,0
8,496.336478170548,1,0
8,587.45238909015,1,1
8,507.147997604911,1,0
8,814.440402731831,0,1
8,626.505667760511,1,1
8,595.85230758738,1,1
8,703.3841293294,0,0
8,823.821671429092,0,1
8,602.457510432445,1,1
8,802.4946272373,0,1
8,823.943550112442,0,1
8,492.347364228079,1,0
8,694.892700029545,0,0
8,816.062492414726,0,1
8,832.267313478607,0,1
8,497.96594880988,1,0
8,678.502971546144,0,0
8,685.37570293441,0,0
8,855.476255923511,0,1
8,843.602172389056,0,1
8,517.672030251465,1,0
8,810.067203970024,0,1
8,689.326876795014,0,0
8,706.531883772232,0,0
8,658.952700888515,0,0
8,537.8975662828,1,0
8,524.991805510334,1,0
8,657.121180303305,0,0
8,839.457090132679,0,1
8,687.179179907893,0,0
8,814.430519128912,0,1
8,669.330856299973,0,0
8,696.445055415054,0,0
8,714.960671595488,0,0
8,494.799447952256,1,0
8,837.438199524082,0,1
8,675.504312085821,0,0
8,571.718359226089,1,1
8,565.89605696824,1,1
8,509.522098594679,1,0
8,481.501808079738,1,0
8,539.302618621469,1,0
8,721.344425100148,0,0
8,733.844386670316,0,0
8,713.134536685332,0,0
8,688.615353110795,0,0
8,621.072400359575,1,1
8,841.041119845625,0,1
8,477.509216960037,1,0
8,695.825224590022,0,0
8,595.046936996154,1,1
8,597.543885577847,1,1
8,700.405484083953,0,0
8,518.082282219163,1,0
8,813.955499924904,0,1
8,508.393960208175,1,0
8,700.836859457625,0,0
8,501.621554866665,1,0
8,638.274215044524,0,0
8,452.21927280801,1,0
8,621.511030738013,1,1
8,693.725265410688,0,0
8,800.505375986957,0,1
8,587.381897338934,1,1
8,830.614717629615,0,1
8,490.409801553546,1,0
8,815.765322375646,0,1
8,819.081019207299,0,1
8,752.221376649169,0,0
8,465.322409116675,1,0
8,473.353030748636,1,0
8,569.915741327387,1,1
8,712.067277484066,0,0
8,505.074606303938,1,0
8,853.21320786992,0,1
8,528.052911572663,1,0
8,701.739700053454,0,0
8,494.523403781314,1,0
8,501.557488523,1,0
8,716.186772198844,0,0
8,491.070182438805,1,0
8,489.178298417067,1,0
8,838.350444592018,0,1
8,538.677966204065,1,0
8,569.009792284194,1,1
8,587.636671175289,1,1
8,603.704110989255,1,1
8,660.490713223738,0,0
8,619.194997169135,1,1
8,804.221154951661,0,1
8,511.433017290761,1,0
8,580.840256801713,1,1
8,560.095606470791,1,1
8,807.581557932849,0,1
8,616.82437289932,1,1
8,644.575063209354,1,1
8,658.391271852651,0,0
8,585.909814656063,1,1
8,688.561970142925,0,0
8,490.559671137324,1,0
8,718.736856359636,0,0
8,831.213308299374,0,1
8,689.607407196653,0,0
8,630.033187976325,1,1
8,586.993511937563,1,1
8,613.18140734911,1,1
8,586.691516707909,1,1
8,824.793978632839,0,1
8,866.286966480459,0,1
8,702.740770188909,0,0
8,486.815967304326,1,0
8,705.378831428501,0,0
8,834.105598056715,0,1
8,478.2855200655,1,0
8,813.470999578784,0,1
8,703.859963994393,0,0
8,509.486827958021,1,0
8,513.476711035837,1,0
8,456.531257245675,1,0
8,828.199206287423,0,1
8,813.551897461963,0,1
8,597.464557340952,1,1
8,830.715793970877,0,1
8,639.040410260876,1,1
8,670.707809001612,0,0
8,813.267736277765,0,1
8,493.450776422119,1,0
8,786.338453088762,0,1
8,599.750902679025,1,1
8,683.792760064799,0,0
8,612.585232895859,1,1
8,614.791016681996,1,1
8,817.170621439407,0,1
8,578.105395391861,1,1
8,609.288910611647,1,1
8,608.139102215614,1,1
8,475.145340305956,1,0
8,532.279760194615,1,0
8,727.28174980753,0,0
8,598.218077799005,1,1
8,807.548817485779,0,1
8,483.662428772351,1,0
8,495.194430507738,1,0
8,801.518717618973,0,1
8,508.612917659263,1,0
8,695.04161363682,0,0
8,825.545384100698,0,1
8,619.03625475292,1,1
8,820.179882087902,0,1
8,674.153350617894,0,0
8,562.125465064706,1,0
8,834.829596291594,0,1
8,610.597245563172,1,1
8,802.53372246801,0,1
8,478.209461171085,1,0
8,540.595660667573,1,0
9,706.930123097343,0,1
9,460.925474827963,1,0
9,593.508021169125,0,0
9,456.363863261239,1,0
9,449.616667107202,1,0
9,763.403921534928,0,1
9,622.311337697519,0,0
9,521.086222571597,1,1
9,552.071320451565,1,1
9,440.074267305985,1,0
9,464.762033045409,1,0
9,524.239040997013,1,1
9,687.794014907309,0,1
9,485.918287599434,1,1
9,402.261699776104,1,0
9,532.481984639366,1,1
9,706.655609663259,0,1
9,534.817793408833,1,1
9,619.654186263845,0,0
9,533.731758074928,1,1
9,437.459166839608,1,0
9,489.573676977605,1,1
9,718.065041190532,0,1
9,464.25429037141,1,0
9,630.859534901463,0,0
9,592.699252466348,0,0
9,593.542762569101,0,0
9,623.876784965332,0,0
9,439.791030016664,1,0
9,437.013877154178,1,0
9,701.329599260919,0,1
9,647.361518130909,0,0
9,615.080649523823,0,0
9,577.127307542038,0,0
9,553.530089222402,1,1
9,450.835738583208,1,0
9,528.246320754041,1,1
9,506.378631636779,1,1
9,620.491889729202,0,0
9,443.199335964088,1,0
9,748.819041641157,0,1
9,596.7546135903,0,0
9,705.035642738693,0,1
9,613.29021145255,0,0
9,575.565523906599,0,0
9,690.584936221577,0,1
9,559.430083335118,1,1
9,589.363761417624,0,0
9,724.832610605067,0,1
9,495.222140449817,1,1
9,540.738092265541,1,1
9,724.251204784977,0,1
9,504.540959350829,1,1
9,437.290172677313,1,0
9,705.059340104872,0,1
9,640.614576821884,0,0
9,444.213704742357,1,0
9,523.871465338348,1,1
9,438.369653910227,1,0
9,529.566910943154,1,1
9,562.282730702626,0,0
9,431.500880912363,1,0
9,659.072828237776,0,1
9,423.547637801703,1,0
9,569.441670773606,1,1
9,727.508004105853,0,1
9,742.350418034115,0,1
9,422.209332233376,1,0
9,615.503048822772,0,0
9,736.947168597768,0,1
9,728.274546938193,0,1
9,691.555674725389,0,1
9,675.939378229343,0,1
9,522.834757789024,1,1
9,451.174515574513,1,0
9,725.701878515021,0,1
9,534.938057832154,1,1
9,635.707988900684,0,0
9,704.927997582602,0,1
9,463.362082496904,1,0
9,713.525621205331,0,1
9,525.846330824902,1,1
9,445.266740680099,1,0
9,511.279440173671,1,1
9,697.354520557945,0,1
9,490.758864767025,1,1
9,633.242307170836,0,0
9,645.468687828478,0,0
9,529.408383857927,1,1
9,530.458202102269,1,1
9,696.167180884838,0,1
9,597.219801973336,0,0
9,705.603629560768,0,1
9,507.218427545904,1,1
9,554.389757618622,1,1
9,637.918379906217,0,0
9,724.450139086031,0,1
9,465.93754457128,1,0
9,643.185212914278,0,0
9,435.034698535477,1,0
9,515.981699908534,1,1
9,436.199024222875,1,0
9,725.690594240445,0,1
9,729.824370380304,0,1
9,519.754558449202,1,1
9,538.149055316552,1,1
9,544.232501564559,1,1
9,624.62815337661,0,0
9,509.033930894915,1,1
9,653.085562810989,0,0
9,559.533779497657,1,1
9,463.890305328787,1,0
9,573.265156303105,1,1
9,698.133036354927,0,1
9,688.842766085215,0,1
9,495.164373444785,1,0
9,682.944569579896,0,1
9,533.569426635346,1,1
9,515.277566319982,1,1
9,703.357899085326,0,1
9,431.538105706706,1,0
9,430.853363565642,1,0
9,712.13500641466,0,1
9,638.53117857438,0,0
9,589.469946656767,0,0
9,621.801405109672,0,0
9,537.119473063906,1,1
9,687.702656085005,0,1
9,697.606330772509,0,1
9,524.159363820208,1,1
9,698.509914343389,0,1
9,455.409682199598,1,0
9,437.852938783783,1,0
9,445.316553330288,1,0
9,447.622083128192,1,0
9,672.102825130699,0,1
9,535.151692946734,1,1
9,553.220407372045,1,1
9,599.694071070785,0,0
9,692.430443865007,0,1
9,731.347196266996,0,1
9,745.40134350061,0,1
9,720.940675495367,0,1
9,495.811591133494,1,1
9,425.17152440589,1,0
9,442.041473503872,1,0
9,723.97697163922,0,1
9,527.625309857705,1,1
9,524.751917053762,1,1
9,425.288482299424,1,0
9,625.627644021959,0,0
9,699.87982444932,0,1
9,561.85913055321,1,1
9,690.271760382391,0,1
9,720.536717683162,0,1
9,437.843073994906,1,0
9,535.053175506827,1,1
9,590.512669634365,0,0
9,540.622721833755,1,1
9,673.584985113636,0,1
9,596.663986044057,0,0
9,692.660352889165,0,1
9,613.733486514311,0,0
9,598.791554630913,0,0
9,611.824508268964,0,0
9,487.482055752962,1,0
9,453.78534418137,1,0
9,611.774265073783,0,0
9,606.668209167479,0,0
9,612.794458617872,0,0
9,707.264609825884,0,1
9,678.298006132772,0,1
9,452.217222251226,1,0
9,738.348629465284,0,1
9,437.895327939706,1,0
9,596.721250990406,0,0
9,602.966582005309,0,0
9,534.600949107489,1,1
9,604.709448290037,0,0
9,450.691839976214,1,0
9,599.620193261409,0,0
9,619.544288870014,0,0
9,714.263744231964,0,1
9,741.672993356296,0,1
9,704.059198416447,0,1
9,438.434981626267,1,0
9,536.643521487748,1,1
9,456.061065409259,1,0
9,613.048949327884,0,0
9,565.109619525212,0,0
9,600.707773736464,0,0
9,473.699503076024,1,0
9,529.003414849506,1,1
9,713.783177095894,0,1
9,738.17776773657,0,1
9,678.44060534142,0,1
9,600.254326838227,0,0
9,524.452803544985,1,1
9,712.275342975025,0,1
9,703.388571423871,0,1
10,755.573916510576,0,1
10,524.25732213376,1,1
10,612.546180116953,0,0
10,490.508335322358,1,1
10,477.743631380203,1,1
10,502.491455448679,1,1
10,515.458460295359,1,1
10,650.367292553855,0,0
10,596.577441452156,0,0
10,493.470954178903,1,1
10,423.703559152359,1,0
10,718.409841724149,0,1
10,628.451376064887,0,0
10,611.490835194757,0,0
10,661.663698006418,0,0
10,506.38272174575,1,1
10,472.802448763866,1,1
10,499.338952227936,1,1
10,623.259235219569,0,0
10,676.366731804727,0,1
10,638.58265178788,0,0
10,592.328690835954,0,0
10,704.835670988196,0,1
10,517.37526153589,1,1
10,708.186565336239,0,1
10,611.941849677762,0,0
10,457.039888801458,1,0
10,732.689691744332,0,1
10,498.052423641633,1,1
10,418.948463878694,1,0
10,742.825735352443,0,1
10,629.458070501253,0,0
10,618.389290018379,0,0
10,597.31419679809,0,0
10,413.13613845198,1,0
10,435.344161210661,1,0
10,611.413132048725,0,0
10,437.092119859792,1,0
10,413.380490157409,1,0
10,529.257207621878,1,1
10,610.081835607884,0,0
10,495.670577411094,1,1
10,602.494096663348,0,0
10,720.76656170997,0,1
10,641.560171233661,0,0
10,426.235366880108,1,0
10,471.818886704661,1,1
10,639.267437288906,0,0
10,678.656448900373,0,1
10,631.053293232916,0,0
10,484.352766168927,1,1
10,481.267007237754,1,1
10,710.427570113413,0,1
10,492.808651229467,1,1
10,435.864038109191,1,0
10,573.663685284703,0,0
10,734.305232523583,0,1
10,677.094561629102,0,1
10,720.764491717934,0,1
10,601.126972384427,0,0
10,495.157286881304,1,1
10,609.922417712688,0,0
10,506.905042347242,1,1
10,418.221017863007,1,0
10,480.175860454945,1,1
10,588.968071049624,0,0
10,550.09559653422,1,1
10,724.050841772122,0,1
10,677.868439999944,0,1
10,411.86434514884,1,0
10,499.40583353172,1,1
10,417.51120492714,1,0
10,709.763333743254,0,1
10,727.367216610595,0,1
10,436.242719992301,1,0
10,496.199912350993,1,1
10,511.373274415728,1,1
10,448.21644799184,1,0
10,638.755309571101,0,0
10,693.50398429794,0,1
10,484.730597537659,1,1
10,608.892470647234,0,0
10,648.057273712482,0,0
10,700.42517508504,0,1
10,417.739150416273,1,0
10,692.074604120381,0,1
10,710.594328982269,0,1
10,528.6130308902,1,1
10,491.7662903726,1,1
10,584.786234445961,0,0
10,707.277981896233,0,1
10,724.761635562051,0,1
10,532.990830510815,1,1
10,511.906116191587,1,1
10,527.501917719262,1,1
10,629.951053384421,0,0
10,734.551721468978,0,1
10,497.470098003039,1,1
10,629.420330268138,0,0
10,712.783409474462,0,1
10,642.275787248416,0,0
10,641.842978032176,0,0
10,642.878433758443,0,0
10,634.09161508019,0,0
10,427.58181083434,1,0
10,713.622431761874,0,1
10,708.235942782491,0,1
10,628.010705758484,0,0
10,514.617483277227,1,1
10,527.708943466742,1,1
10,522.432224144102,1,1
10,615.995872556012,0,0
10,390.420465006748,1,0
10,406.99467608697,1,0
10,581.730554837818,0,0
10,631.285700766311,0,0
10,649.176311126271,0,0
10,501.872494476172,1,1
10,527.226298482646,1,1
10,414.454153228225,1,0
10,496.328399179075,1,1
10,459.324390624975,1,0
10,476.363308805408,1,0
10,518.746846880946,1,1
10,503.222633812784,1,1
10,618.652090915146,0,0
10,506.019544243141,1,1
10,647.439705149183,0,0
10,497.85453622938,1,1
10,707.913401383597,0,1
10,398.789313858646,1,0
10,614.638134807383,0,0
10,408.386333536383,1,0
10,435.715744249297,1,0
10,732.548708043341,0,1
10,431.555174469919,1,0
10,517.736146398257,1,1
10,744.857908995767,0,1
10,753.218677991148,0,1
10,647.802581117633,0,0
10,607.291379413273,0,0
10,517.693429883021,1,1
10,475.776387502726,1,1
10,531.563008762737,1,1
10,607.315032502237,0,0
10,501.287326853199,1,1
10,737.673674701851,0,1
10,657.165271227376,0,0
10,503.614606903496,1,1
10,498.558681551473,1,1
10,696.232480508105,0,1
10,736.214075143605,0,1
10,708.707141099171,0,1
10,711.363108813001,0,1
10,435.99297903176,1,0
10,615.572514892974,0,0
10,612.087850995123,0,0
10,430.227701516214,1,0
10,525.082778469192,1,1
10,506.984488943486,1,1
10,401.270256080786,1,0
10,422.405766116546,1,0
10,700.929686223596,0,1
10,502.605798670629,1,1
10,437.718946091004,1,0
10,507.567529115197,1,1
10,521.746654985114,1,1
10,426.012130525533,1,0
10,476.569104257198,1,1
10,382.025273378295,1,0
10,592.822684509443,0,0
10,420.002997028101,1,0
10,741.241285699144,0,1
10,445.204386545153,1,0
10,609.530428371225,0,0
10,394.026450413882,1,0
10,504.590308652079,1,1
10,744.768843049226,0,1
10,698.105307460079,0,1
10,448.871714534058,1,0
10,710.735463060832,0,1
10,402.733865824972,1,0
10,451.399954550749,1,0
10,736.549534322218,0,1
10,442.513238927391,1,0
10,646.050347249548,0,0
10,402.434472177073,1,0
10,494.841160417387,1,1
10,685.7325621193,0,1
10,621.733699344282,0,0
10,465.647175496315,1,0
10,724.353167398964,0,1
10,623.637236004162,0,0
10,417.20966054294,1,0
10,734.147705002312,0,1
10,723.358309030965,0,1
10,731.275898837571,0,1
10,621.203442327903,0,0
10,505.779078299235,1,1
10,687.665143690276,0,1
11,602.093155942768,0,0
11,731.621359576696,0,1
11,385.286873717856,1,0
11,582.135329393492,0,0
11,510.02203015937,1,1
11,684.303202637641,0,1
11,486.795569998587,1,1
11,427.634895852151,1,0
11,684.487263022484,0,1
11,702.575639715825,0,1
11,612.160225824485,0,0
11,667.431554953196,0,1
11,480.063295917376,1,1
11,416.256490351953,1,0
11,728.055716526302,0,1
11,604.755467345306,0,0
11,507.615825449808,1,1
11,682.528045695686,0,1
11,466.090823105466,1,1
11,550.674961789348,0,0
11,478.135432645395,1,1
11,709.763549800638,0,1
11,453.583148875279,1,1
11,601.236021087392,0,0
11,713.003149512965,0,1
11,692.311204641526,0,1
11,404.447141675962,1,0
11,591.423881970066,0,0
11,401.533352610648,1,0
11,629.960372712733,0,0
11,688.251495055831,0,1
11,622.450258187635,0,0
11,701.774132940805,0,1
11,424.344289607049,1,0
11,682.476028114562,0,1
11,484.545412737929,1,1
11,420.388617277318,1,0
11,690.674362389046,0,1
11,380.137620294476,1,0
11,507.547867934626,1,1
11,721.33502393155,0,1
11,607.37457182554,0,0
11,703.925746961548,0,1
11,619.389695806986,0,0
11,712.656326261195,0,1
11,590.869212282362,0,0
11,675.206288907677,0,1
11,474.262667536857,1,1
11,697.387103812418,0,1
11,712.781144637198,0,1
11,608.43266282886,0,0
11,464.95259865783,1,1
11,590.185122248602,0,0
11,505.594211535352,1,1
11,448.555537211878,1,1
11,700.875321709851,0,1
11,420.092366616269,1,0
11,612.475481691789,0,0
11,461.932452336237,1,1
11,715.043380421833,0,1
11,694.859384502647,0,1
11,367.361567182727,1,0
11,495.774020053897,1,1
11,692.617600615447,0,1
11,606.894373938679,0,0
11,389.996491644324,1,0
11,727.70886626246,0,1
11,464.168266674281,1,1
11,625.742838909454,0,0
11,399.827318291388,1,0
11,591.384229485561,0,0
11,409.936594636559,1,0
11,467.325953948258,1,1
11,463.991834344887,1,1
11,491.976081264555,1,1
11,703.408338115023,0,1
11,400.064877967123,1,0
11,699.459455846987,0,1
11,668.955627183259,0,1
11,731.967179464882,0,1
11,483.823431756707,1,1
11,721.881666856656,0,1
11,399.418284679165,1,0
11,567.724377082071,0,0
11,445.070330979293,1,0
11,618.787528316197,0,0
11,429.936666405882,1,0
11,688.187193960643,0,1
11,498.632664487811,1,1
11,732.735858100785,0,1
11,494.527872107956,1,1
11,461.054705571237,1,1
11,418.497285457963,1,0
11,603.035361676603,0,0
11,704.481630243786,0,1
11,625.696630022728,0,0
11,687.925911812331,0,1
11,413.463850253196,1,0
11,617.352778842948,0,0
11,367.237843258271,1,0
11,396.346959734543,1,0
11,375.393254127906,1,0
11,565.057965529161,0,0
11,620.798274244226,0,0
11,381.341924864966,1,0
11,693.272852800678,0,1
11,602.266399368722,0,0
11,718.378302850411,0,1
11,600.620899538296,0,0
11,420.074404944066,1,0
11,577.485053653152,0,0
11,477.509061441778,1,1
11,604.467319893674,0,0
11,648.600881400656,0,0
11,694.820642907717,0,1
11,480.471652122255,1,1
11,698.735962088261,0,1
11,383.919961581072,1,0
11,634.49442977635,0,0
11,474.795078888179,1,1
11,592.575194453648,0,0
11,392.23683328638,1,0
11,686.702527911802,0,1
11,407.439452748713,1,0
11,405.388216096403,1,0
11,686.105346444834,0,1
11,608.813802448974,0,0
11,652.370266236792,0,0
11,670.341871969352,0,1
11,399.75357550166,1,0
11,456.047272864395,1,1
11,406.273409568762,1,0
11,692.730243349545,0,1
11,597.321888668678,0,0
11,496.572448744148,1,1
11,604.391024093543,0,0
11,499.396938102144,1,1
11,485.079657680736,1,1
11,429.430436740591,1,0
11,372.775251719444,1,0
11,667.18598106219,0,1
11,486.915351212977,1,1
11,381.353429606647,1,0
11,369.131181333945,1,0
11,416.736486976462,1,0
11,597.930058408968,0,0
11,688.81323731276,0,1
11,670.712405306312,0,1
11,721.870715229142,0,1
11,481.626297695433,1,1
11,474.097468371073,1,1
11,690.262323458002,0,1
11,388.878598195913,1,0
11,590.69690566937,0,0
11,415.130083344963,1,0
11,433.232726228014,1,0
11,620.43738717904,0,0
11,600.154779093345,0,0
11,500.848176239732,1,1
11,694.240206690274,0,1
11,608.784611827493,0,0
11,573.669910790381,0,0
11,445.708284833426,1,1
11,390.55780518001,1,0
11,700.837216687599,0,1
11,697.257595568828,0,1
11,583.971965232209,0,0
11,482.455906764045,1,1
11,446.477761734638,1,0
11,683.700974727163,0,1
11,406.638442795728,1,0
11,441.528989666523,1,0
11,416.153822366408,1,0
11,429.301480335906,1,0
11,730.87913203111,0,1
11,622.284427007143,0,0
11,577.773150199183,0,0
11,702.554343798762,0,1
11,388.268285602148,1,0
11,413.805149329178,1,0
11,482.796890299946,1,1
11,423.161968561706,1,0
11,389.032404613006,1,0
11,683.329900015633,0,1
11,387.275536269136,1,0
11,679.472378252512,0,1
11,522.688060752261,1,1
11,417.850894719684,1,0
11,440.025293162634,1,0
11,575.372771236694,0,0
11,590.085696487328,0,0
11,479.992335469112,1,1
11,450.459309059252,1,1
11,424.404951623628,1,0
11,694.838104160418,0,1
11,474.394814523352,1,1
11,594.983692911527,0,0
11,686.205050704762,0,1
11,476.389435343279,1,1
11,602.697619204943,0,0
12,622.484339948858,0,1
12,312.639205381522,1,0
12,402.798727176414,1,1
12,458.781041191293,1,1
12,314.380396823989,1,0
12,450.959565831758,1,1
12,404.091517490958,1,1
12,440.628835782914,1,1
12,623.365888378887,0,1
12,531.954617803368,0,0
12,640.703990995895,0,1
12,417.003210086811,1,1
12,438.551001798228,1,1
12,692.86702070951,0,1
12,633.816096020191,0,1
12,548.696590302511,0,0
12,679.056639942656,0,1
12,328.914217939147,1,0
12,289.66824870341,1,0
12,549.697624289845,0,0
12,643.46956148263,0,1
12,560.423137976454,0,0
12,325.344606092151,1,0
12,406.934206423779,1,1
12,576.08505236519,0,0
12,427.452162889562,1,1
12,460.782238564408,1,1
12,665.393057494563,0,1
12,412.779540619452,1,1
12,335.752397632588,1,0
12,421.004253021098,1,1
12,402.997104435124,1,1
12,679.828401890978,0,1
12,538.351396025287,0,0
12,324.920478505852,1,0
12,414.72025573419,1,1
12,512.269861305606,0,0
12,313.062636134885,1,0
12,442.678710585665,1,1
12,442.563168011697,1,1
12,440.462974920361,1,1
12,334.81205601381,1,0
12,337.354419715582,1,0
12,328.487511906601,1,0
12,347.860887887654,1,0
12,349.215259866879,1,0
12,464.534933742273,1,1
12,331.219004096593,1,0
12,385.533876559521,1,0
12,362.530025778328,1,0
12,294.519490964056,1,0
12,417.555644481736,1,1
12,647.169551610867,0,1
12,287.524017964171,1,0
12,657.576551907116,0,1
12,449.925847038672,1,1
12,435.08844743595,1,1
12,363.905825057123,1,0
12,649.192929014093,0,1
12,443.31638309699,1,1
12,453.544275458179,1,1
12,349.229143564584,1,0
12,347.968203824331,1,0
12,347.679266600114,1,0
12,523.92788558267,0,0
12,307.960233120905,1,0
12,356.190355282051,1,0
12,513.915789941625,0,0
12,644.90977243469,0,1
12,413.908355722924,1,1
12,565.030405827282,0,0
12,414.916179831606,1,1
12,648.893721459429,0,1
12,427.380808010932,1,1
12,436.531453503402,1,1
12,678.514777409087,0,1
12,546.984974571584,0,0
12,662.010735667086,0,1
12,653.741880553274,0,1
12,563.139919931187,0,0
12,312.615510457086,1,0
12,401.862342746862,1,1
12,352.576440414934,1,0
12,526.02633492944,0,0
12,341.260211910202,1,0
12,645.41131201676,0,1
12,441.281860248814,1,1
12,454.574988885668,1,1
12,347.255192078984,1,0
12,454.269990374633,1,1
12,290.09348999034,1,0
12,438.713147414584,1,1
12,417.891545567115,1,1
12,331.767958223101,1,0
12,310.212303360952,1,0
12,647.576063977601,0,1
12,354.27128140253,1,0
12,310.517742901176,1,0
12,580.357937804024,0,0
12,350.762862565827,1,0
12,426.178266602094,1,1
12,453.843110274315,1,1
12,534.229736149794,0,0
12,317.701896983323,1,0
12,437.923761515207,1,1
12,526.428113656982,0,0
12,336.293567101108,1,0
12,658.393467241318,0,1
12,643.927284696923,0,1
12,327.033673468727,1,0
12,332.31773136212,1,0
12,341.81805195868,1,0
12,685.591755276215,0,1
12,323.757919972104,1,0
12,656.36786890468,0,1
12,351.099155290939,1,0
12,303.152343709389,1,0
12,536.720713643408,0,0
12,423.700078395345,1,1
12,435.993817616436,1,1
12,521.25673313911,0,0
12,402.881938681506,1,1
12,322.684759274073,1,0
12,568.532272221121,0,0
12,662.228360800116,0,1
12,336.2024735521,1,0
12,520.811335114727,0,0
12,448.880285628042,1,1
12,650.398362693084,0,1
12,545.280943872932,0,0
12,530.828694195564,0,0
12,433.011557578287,1,1
12,555.131933331582,0,0
12,346.976310147041,1,0
12,632.910095420779,0,1
12,654.774607173376,0,1
12,646.923859827765,0,1
12,634.075075819896,0,1
12,436.482198814324,1,1
12,562.634311740131,0,0
12,443.374370567336,1,1
12,535.685835538188,0,0
12,347.945076715395,1,0
12,359.671054913519,1,0
12,586.662655016125,0,0
12,409.043888868185,1,1
12,449.949991928243,1,1
12,653.625303606307,0,1
12,454.978315314438,1,1
12,544.301577007571,0,0
12,405.61363754758,1,1
12,531.927672868084,0,0
12,428.923497624074,1,1
12,423.670693225613,1,1
12,324.079325530074,1,0
12,313.306603800348,1,0
12,581.246701277655,0,0
12,658.955253892192,0,1
12,568.687880234381,0,0
12,527.11122150551,0,0
12,677.061512848416,0,1
12,651.953098495195,0,1
12,651.108636882447,0,1
12,520.503136690311,0,0
12,521.368551859728,0,0
12,434.688741632112,1,1
12,633.755533379575,0,1
12,554.534456374906,0,0
12,429.706828846971,1,1
12,449.900895756106,1,1
12,347.785322523379,1,0
12,304.757480807204,1,0
12,347.51524642975,1,0
12,444.191961529591,1,1
12,536.405700082637,0,0
12,347.897362562267,1,0
12,351.96951655779,1,0
12,337.50705125125,1,0
12,443.064402694211,1,1
12,590.259851695744,0,1
12,365.07078425542,1,0
12,329.703921151607,1,0
12,320.103043931889,1,0
12,408.917784565168,1,1
12,547.17153391712,0,0
12,450.578443022476,1,1
12,371.066180161965,1,0
12,534.479395265515,0,0
12,574.202187343965,0,0
12,554.111699483564,0,0
12,424.096385673184,1,1
12,403.258246400701,1,1
12,424.687091346012,1,1
12,340.069614920382,1,0
12,331.299780452474,1,0
12,353.428696527093,1,0
12,541.051634772882,0,0
12,341.938607766157,1,0
12,542.565058062944,0,0
12,345.357525262891,1,0
13,678.464220663343,1,1
13,723.22367600321,0,0
13,815.959641962402,0,1
13,619.302018529157,1,1
13,714.249771564395,0,0
13,814.718995500068,0,1
13,722.537970294959,0,0
13,683.571433524677,0,0
13,638.710316123042,1,1
13,718.538239435729,0,0
13,680.625571853591,1,1
13,791.420479861489,0,1
13,540.218920591576,1,0
13,535.633447957521,1,0
13,654.245531054099,1,1
13,528.402194831569,1,0
13,691.572566779838,0,0
13,806.520611527876,0,1
13,693.949467694336,0,0
13,699.350454075401,0,0
13,687.79496909434,0,0
13,826.098500861089,0,1
13,830.768190316482,0,1
13,651.969032430329,1,1
13,621.648520663291,1,1
13,527.716581496851,1,0
13,548.906661256392,1,0
13,680.025040019196,1,1
13,714.960876033979,0,0
13,716.211918601287,0,0
13,695.209801894496,1,1
13,506.708830999865,1,0
13,673.905704208481,0,0
13,624.162408093598,1,1
13,674.115576509577,1,1
13,864.923300167858,0,1
13,654.214823091202,1,1
13,546.040212911604,1,0
13,663.766713644806,1,1
13,550.566998518392,1,0
13,808.501834424787,0,1
13,519.017561303032,1,0
13,795.88158429819,0,1
13,701.862941606082,0,0
13,815.562528080578,0,1
13,811.201860567097,0,1
13,703.973203617216,0,0
13,725.329088812829,0,0
13,834.190785151486,0,1
13,696.998257882068,0,0
13,706.551379644837,0,0
13,552.725040750677,1,0
13,830.139869959413,0,1
13,857.901752131737,0,1
13,482.215066299993,1,0
13,700.077183628507,0,0
13,554.1184648634,1,0
13,669.892902875943,1,1
13,822.881701133597,0,1
13,551.527474717535,1,0
13,811.122925710529,0,1
13,633.035383441016,1,1
13,542.918428629123,1,0
13,690.39414065586,0,0
13,640.852724161881,1,1
13,655.395245314435,1,1
13,843.272436402318,0,1
13,682.595826393053,0,0
13,811.179703644283,0,1
13,676.884218550197,1,1
13,552.294405301284,1,0
13,526.696501459972,1,0
13,547.99764169471,1,0
13,814.654830426133,0,1
13,815.508830066284,0,1
13,640.541483903727,1,1
13,813.708459191648,0,1
13,541.155826302856,1,0
13,667.274203911952,1,1
13,733.598949130942,0,0
13,533.207828948244,1,0
13,748.731375969719,0,0
13,667.830187759495,1,1
13,499.696721655404,1,0
13,614.18528559269,1,1
13,802.513199992993,0,1
13,863.445257789853,0,1
13,520.53381076302,1,0
13,695.137453094847,0,0
13,533.024086536007,1,0
13,632.420241314857,1,1
13,637.502739638812,1,1
13,666.436726671915,1,1
13,717.149223748498,0,0
13,655.461778012005,0,0
13,716.018031226786,0,0
13,672.171661611183,1,1
13,624.962679241928,1,1
13,791.719200803815,0,1
13,828.168866444821,0,1
13,542.128702779147,1,0
13,572.673858346433,1,0
13,651.243038564903,1,1
13,707.703048597858,0,0
13,843.715565546847,0,1
13,784.646416415643,0,1
13,645.662399726546,1,1
13,705.983076370633,0,0
13,803.783534045981,0,1
13,828.742895460708,0,1
13,700.663557937203,0,0
13,696.013527920339,0,0
13,698.280508116551,0,0
13,634.308244592859,1,1
13,662.974502874307,1,1
13,563.124255582043,1,0
13,829.185887228246,0,1
13,708.485744263235,0,0
13,810.746273595337,0,1
13,548.138481517324,1,0
13,669.548256505059,1,1
13,656.858870304053,1,1
13,541.511015341144,1,0
13,636.565232380857,1,1
13,831.563715639068,0,1
13,717.554391250291,0,0
13,581.978496125214,1,0
13,548.617409421302,1,0
13,814.369829754605,0,1
13,546.167728251341,1,0
13,582.332558582112,1,0
13,693.698797547066,0,0
13,834.277657436591,0,1
13,832.759514813278,0,1
13,795.759873740595,0,1
13,628.66837744501,1,1
13,578.39318047039,1,0
13,798.568973741519,0,1
13,846.68041429125,0,1
13,827.45064663833,0,1
13,533.159124615649,1,0
13,693.0531286689,0,0
13,774.204213345968,0,1
13,723.87476356531,0,0
13,835.946883301272,0,1
13,576.275266228773,1,0
13,672.898104497533,1,1
13,724.901832387753,0,0
13,540.042028636922,1,0
13,705.018134101012,0,0
13,533.784262791576,1,0
13,567.531478794519,1,0
13,691.851022404897,1,1
13,573.254112284687,1,0
13,643.08443830807,1,1
13,818.227793571868,0,1
13,834.112921940491,0,1
13,641.969131924146,1,1
13,827.456112923927,0,1
13,806.524261802677,0,1
13,836.457642732553,0,1
13,826.47414717111,0,1
13,644.125573972628,1,1
13,706.367469582554,0,0
13,524.987328266024,1,0
13,864.68661448657,0,1
13,675.848495763353,1,1
13,675.960256854593,0,0
13,623.12713491955,1,1
13,530.574528451691,1,0
13,682.974223079375,0,0
13,664.649599603229,1,1
13,561.787139943797,1,0
13,652.436335860713,1,1
13,649.490964258888,1,1
13,833.928223145449,0,1
13,821.674791130962,0,1
13,570.880619715759,1,0
13,566.460943458162,1,0
13,682.435441386048,1,1
13,669.638671467793,0,0
13,723.758533134778,0,0
13,687.21868457636,0,0
13,716.617093802791,0,0
13,559.136421007041,1,0
13,537.21736344763,1,0
13,703.125598320585,0,0
13,785.474674755543,0,1
13,812.339537394583,0,1
13,813.683006965265,0,1
13,793.171378712813,0,1
13,505.850454275851,1,0
13,566.542791486209,1,0
13,650.563024394637,1,1
13,722.124447202359,0,0
13,809.235480992545,0,1
13,822.122622592003,0,1
13,823.04262494444,0,1
13,639.284159317045,1,1
13,597.319503061361,1,0
14,552.520946456092,1,1
14,714.597766193363,0,1
14,423.062211589903,1,0
14,644.229580777405,0,0
14,702.077330562185,0,1
14,639.458244381215,0,0
14,720.893900316281,0,1
14,739.178211194578,0,1
14,525.83376343443,1,1
14,515.877499313948,1,1
14,622.315092766671,0,0
14,469.076626283796,1,0
14,523.677647187168,1,1
14,459.603044508568,1,0
14,585.625544703338,1,1
14,473.186975494625,1,0
14,718.713531656872,0,1
14,440.886783455505,1,0
14,735.252756536602,0,1
14,718.404866389716,0,1
14,614.326367882138,0,0
14,462.885002104884,1,0
14,531.501284332157,1,1
14,430.227694216583,1,0
14,635.297908821806,0,0
14,549.713822125866,1,1
14,523.212047077452,1,1
14,515.645586714328,1,1
14,578.691540901804,1,1
14,506.846163903399,1,1
14,458.663029349773,1,0
14,670.28091636498,0,0
14,440.162755448763,1,0
14,541.397801879083,1,1
14,457.402267712022,1,0
14,731.411797467697,0,1
14,537.896942776255,1,1
14,674.347413453071,0,0
14,459.270006517432,1,0
14,660.528581076655,0,0
14,635.431457706406,0,0
14,538.986822600672,1,1
14,613.417531485109,0,0
14,445.307018745908,1,0
14,533.300029127403,1,1
14,725.641909814411,0,1
14,446.179850457408,1,0
14,537.160496693534,1,1
14,508.034017887443,1,1
14,711.413086664704,0,1
14,453.371958123204,1,0
14,756.51120322234,0,1
14,525.058938797305,1,1
14,643.047016767509,0,0
14,496.095046923809,1,1
14,509.167022561722,1,1
14,439.387977593316,1,0
14,481.178087209089,1,1
14,455.506083761151,1,0
14,602.425577967115,0,0
14,641.77027473503,0,0
14,516.997841695656,1,1
14,424.284709486195,1,0
14,671.147132948808,0,0
14,727.170170743567,0,1
14,525.879460578623,1,1
14,742.889954098917,0,1
14,716.566180561083,0,1
14,737.158500041983,0,1
14,439.124036313411,1,0
14,734.659750387404,0,1
14,761.967737067358,0,1
14,769.691645539654,0,1
14,529.284355698081,1,1
14,511.093052068931,1,1
14,606.317586851382,0,0
14,441.170164947485,1,0
14,718.203155245764,0,1
14,608.825853873623,0,0
14,448.962874374141,1,0
14,722.850216078719,0,1
14,549.589487580284,1,1
14,667.622730948229,0,0
14,443.305101202317,1,0
14,644.020050781614,0,0
14,726.168195518232,0,1
14,735.449714448828,0,1
14,522.70335165958,1,1
14,667.070888422384,0,0
14,539.259608872279,1,1
14,532.413059151102,1,1
14,742.539619345044,0,1
14,743.246576537977,0,1
14,417.511799409748,1,0
14,543.702167884666,1,1
14,561.400471095521,1,1
14,772.192208803474,0,1
14,520.317778965367,1,1
14,741.422640447861,0,1
14,551.540240681108,1,1
14,519.408337871529,1,1
14,424.482326610611,1,0
14,705.78936101979,0,1
14,725.18286766974,0,1
14,438.48960270475,1,0
14,724.472521761121,0,1
14,448.010880713317,1,0
14,700.59285023942,0,1
14,431.674688799375,1,0
14,438.677984374761,1,0
14,741.090401836233,0,1
14,738.073657552787,0,1
14,422.991788857033,1,0
14,607.790001544879,0,0
14,425.323885261362,1,0
14,633.212482462528,0,0
14,423.976204835463,1,0
14,725.883979128005,0,1
14,517.852871696281,1,1
14,647.991565270964,0,0
14,458.598666381707,1,0
14,532.802713908027,1,1
14,703.390418047983,0,1
14,435.969833344403,1,0
14,740.405443811002,0,1
14,637.874213093272,0,0
14,545.113106720535,1,1
14,727.332309216105,0,1
14,525.081335785996,1,1
14,733.380028535226,0,1
14,499.962855141749,1,1
14,442.851853056944,1,0
14,444.638219208581,1,0
14,464.464425073395,1,0
14,654.882698410159,0,0
14,650.68958098601,0,0
14,446.014579430038,1,0
14,571.840565567935,1,1
14,524.749985022633,1,1
14,732.433052353462,0,1
14,452.645744278254,1,0
14,758.448871819701,0,1
14,628.514443671546,0,0
14,750.73547340898,0,1
14,538.440972924898,1,1
14,459.336036305708,1,0
14,450.530325319462,1,0
14,702.173583547205,0,1
14,445.734581111106,1,0
14,648.169991317984,0,0
14,542.975459785244,1,1
14,498.167318037941,1,1
14,544.085599823302,1,1
14,446.576215188563,1,0
14,470.700155580612,1,0
14,505.986424051637,1,1
14,442.02554327334,1,0
14,541.118513228269,1,1
14,731.591859609364,0,1
14,529.263818211067,1,1
14,629.028823213904,0,0
14,449.55455383051,1,0
14,491.17004737924,1,0
14,500.461623435546,1,1
14,457.776642270964,1,0
14,457.812758539611,1,0
14,545.750867321855,1,1
14,672.015651591441,0,0
14,746.863320317777,0,1
14,436.524433224053,1,0
14,527.066972838893,1,1
14,540.470604184646,1,1
14,746.74399186122,0,1
14,567.313539055628,1,1
14,456.507514020506,1,0
14,739.478928866342,0,1
14,525.54042959654,1,1
14,641.603263956939,0,0
14,635.770017120353,0,0
14,550.566852383747,1,1
14,425.824454798204,1,0
14,715.95751750083,0,1
14,470.504766802001,1,0
14,658.064211901536,0,0
14,728.950824420673,0,1
14,488.183287375678,1,1
14,726.880433430421,0,1
14,679.461647619933,0,1
14,550.785590309532,1,1
14,537.00988715909,1,1
14,760.12840777466,0,1
14,456.291328390286,1,0
14,483.62412767241,1,1
14,508.052209014071,1,1
14,616.394768418558,0,0
14,622.472238121517,0,0
14,530.025858085567,1,1
14,695.694141599631,0,0
14,649.231722269446,0,0
14,640.692357458743,0,0
15,396.187603757565,1,0
15,717.460066906184,0,1
15,475.434741138928,1,1
15,385.277500243633,1,0
15,393.201168741876,1,0
15,703.841698669477,0,1
15,387.99363831223,1,0
15,651.214022948379,0,0
15,493.552037285239,1,1
15,473.129580672907,1,1
15,401.475334527001,1,0
15,688.500906565093,0,1
15,396.108690043114,1,0
15,615.373304984585,0,0
15,461.03264180736,1,1
15,655.153156168752,0,0
15,598.140237999958,0,0
15,407.909388544758,1,0
15,615.511460190633,0,0
15,392.567339751959,1,0
15,500.10834241872,1,1
15,488.480216346588,1,1
15,480.046662687831,1,1
15,702.08722532436,0,1
15,738.067497703222,0,1
15,702.100870526343,0,1
15,473.557188687843,1,1
15,377.172199841786,1,0
15,623.325857212481,0,0
15,687.395495743715,0,1
15,707.266974248635,0,1
15,678.632391376285,0,1
15,477.30991824637,1,1
15,679.077061531049,0,1
15,406.812248110499,1,0
15,746.416190320533,0,1
15,384.136046451883,1,0
15,493.630136841253,1,1
15,608.550124370843,0,0
15,727.98443731457,0,1
15,698.257489337556,0,1
15,474.640598468803,1,1
15,483.06350630247,1,1
15,691.444437424107,0,1
15,391.071185542403,1,0
15,625.758721124859,0,0
15,381.724029128475,1,0
15,408.415161161503,1,0
15,723.735909774939,0,1
15,648.320443493226,0,0
15,646.635811983885,0,0
15,620.90959673834,0,0
15,376.07318870489,1,0
15,401.08990673595,1,0
15,613.227999521734,0,0
15,486.978705453665,1,1
15,383.005978536588,1,0
15,677.436897001408,0,1
15,485.531800348918,1,1
15,384.346701351076,1,0
15,426.370051727312,1,0
15,413.80007618938,1,0
15,678.357748523001,0,1
15,622.189345076485,0,0
15,375.79779287013,1,0
15,435.806526057599,1,0
15,622.810617597871,0,0
15,706.804363330247,0,1
15,718.668265189677,0,1
15,472.556985697348,1,1
15,728.809296116812,0,1
15,451.789812191689,1,1
15,606.935898410175,0,0
15,480.778426263078,1,1
15,703.403480679356,0,1
15,495.563568335536,1,1
15,479.529036893065,1,1
15,482.020372582204,1,1
15,650.025547710385,0,1
15,720.098419802218,0,1
15,380.734741399554,1,0
15,716.189461926353,0,1
15,375.848465595586,1,0
15,460.808942650666,1,1
15,367.083615290127,1,0
15,401.670790629453,1,0
15,612.196074525325,0,0
15,512.447206495841,1,1
15,381.237361312632,1,0
15,403.880836113797,1,0
15,405.53389964668,1,0
15,696.573786668989,0,1
15,709.945333651701,0,1
15,479.903292184187,1,1
15,634.378927409699,0,0
15,438.35856369779,1,1
15,633.828867067911,0,0
15,377.949866347893,1,0
15,478.293817542334,1,1
15,615.84517757578,0,0
15,463.53977270979,1,1
15,496.530543633035,1,1
15,465.157335823409,1,1
15,490.136465671687,1,1
15,460.964925308106,1,1
15,388.766167471278,1,0
15,651.755606586807,0,0
15,583.96208960827,0,0
15,376.285126710919,1,0
15,632.332885292839,0,0
15,363.427643997207,1,0
15,696.955160749493,0,1
15,662.767398559074,0,0
15,413.972387486351,1,0
15,448.47932777805,1,1
15,727.908722408293,0,1
15,717.162918728094,0,1
15,487.813730195247,1,1
15,409.710564753626,1,0
15,682.148852053897,0,1
15,487.837313634348,1,1
15,579.905307980673,0,0
15,487.02673050836,1,1
15,666.024958553623,0,1
15,689.291977194398,0,1
15,613.195160861823,0,0
15,493.881753674752,1,1
15,473.968996904368,1,1
15,685.104254967297,0,1
15,579.137351021615,0,0
15,400.694767723566,1,0
15,674.967869624821,0,1
15,589.393349329768,0,0
15,394.498566162741,1,0
15,397.745336276369,1,0
15,719.124750999682,0,1
15,746.103362243709,0,1
15,697.098705608,0,1
15,387.568610402044,1,0
15,610.418326689466,0,0
15,398.957891598803,1,0
15,475.972709618018,1,1
15,592.049449944581,0,0
15,482.867044969038,1,1
15,406.130605417296,1,0
15,704.992393191704,0,1
15,480.423091992135,1,1
15,667.751474315956,0,1
15,713.799929937958,0,1
15,597.097004016924,0,0
15,496.72342798683,1,1
15,467.403439984003,1,1
15,693.21195638975,0,1
15,608.724978858039,0,0
15,388.039919828777,1,0
15,437.875426175506,1,1
15,677.232688207776,0,1
15,604.272813751311,0,0
15,484.285040040673,1,1
15,443.666861761077,1,1
15,357.246896253799,1,0
15,451.829826238587,1,1
15,622.074722501425,0,0
15,667.593302947059,0,1
15,472.776123547352,1,1
15,394.580624256432,1,0
15,600.200371948792,0,0
15,595.151364965994,0,0
15,494.242704878444,1,1
15,393.215956954389,1,0
15,480.927851220246,1,1
15,618.38836130249,0,0
15,692.591088614334,0,1
15,713.747857772495,0,1
15,366.2340351219,1,0
15,517.627588173219,1,1
15,456.763707011727,1,1
15,620.582389978725,0,0
15,600.712261947923,0,0
15,474.42429377736,1,1
15,593.85881490727,0,0
15,605.100656796353,0,0
15,490.01180190043,1,1
15,419.620935181136,1,0
15,625.214610720388,0,0
15,599.559094280187,0,0
15,475.950489454477,1,1
15,610.784665595585,0,0
15,492.454939833858,1,1
15,725.110843094866,0,1
15,724.327037995435,0,1
15,598.87979506196,0,0
15,570.002874157896,0,0
15,669.921364265277,0,1
15,494.682271258946,1,1
15,709.239267054078,0,1
15,681.364386295733,0,1
15,365.019491387458,1,0
15,628.306372862579,0,0
15,392.763487629494,1,0
16,476.37861376235,1,0
16,756.798465304878,0,1
16,681.117751159005,0,0
16,441.529467344833,1,0
16,550.882638296783,1,1
16,427.54358752446,1,0
16,668.678932729224,0,0
16,462.285646706965,1,0
16,583.907696370601,1,1
16,674.44121886755,0,0
16,536.237616421196,1,1
16,545.655315546861,1,1
16,583.199310221442,1,1
16,805.350928630141,0,1
16,753.534051432003,0,1
16,542.809264863236,1,1
16,525.157841736815,1,1
16,671.702015547661,0,0
16,791.808543992371,0,1
16,781.613816054831,0,1
16,490.765987483172,1,0
16,486.22637065525,1,0
16,575.833429227508,1,1
16,476.413654722564,1,0
16,660.751132139308,0,0
16,541.914397935501,1,1
16,786.538900521943,0,1
16,587.490431041656,1,1
16,658.85716900768,0,0
16,445.291849436633,1,0
16,478.423883382498,1,0
16,504.325029902236,1,1
16,776.397453619338,0,1
16,647.464283461184,0,0
16,675.020434964537,0,0
16,579.718857596956,1,1
16,587.192589711353,1,1
16,449.907792012522,1,0
16,488.182258532097,1,0
16,665.247797117409,0,0
16,806.55074872485,0,1
16,752.4660985509,0,1
16,755.425772015498,0,1
16,496.226499733191,1,0
16,800.313844776135,0,1
16,462.444074548915,1,0
16,437.401413715254,1,0
16,455.667308716497,1,0
16,686.651968321658,0,0
16,489.822660235847,1,0
16,456.71439238299,1,0
16,565.966482680986,1,1
16,535.331933027435,1,1
16,658.796863431603,0,0
16,805.782655731252,0,1
16,659.063457015972,0,0
16,759.481531152954,0,1
16,566.232351760581,1,1
16,488.855663625444,1,0
16,484.186375075347,1,0
16,660.219000944428,0,0
16,541.791073792518,1,1
16,471.827115431823,1,0
16,550.036207978804,1,1
16,533.8399167214,1,0
16,686.022053859305,0,0
16,448.235191814234,1,0
16,658.193530403058,0,0
16,791.921836299373,0,1
16,463.742484522897,1,0
16,571.101294775788,1,1
16,502.265668789726,1,0
16,464.580292038476,1,0
16,748.996592135808,0,1
16,560.055998334609,1,1
16,572.062704951932,1,1
16,778.669926029832,0,1
16,694.641426941529,0,0
16,446.983649092998,1,0
16,812.20520474012,0,1
16,742.045986546864,0,1
16,569.601588869911,1,1
16,700.451951647067,0,0
16,772.944561096945,0,1
16,555.193928733372,1,1
16,452.119283174334,1,0
16,470.437961580509,1,0
16,551.895164523827,1,1
16,676.866644863233,0,0
16,674.121350961058,0,0
16,490.554200085135,1,0
16,549.039462273023,1,1
16,547.688888556059,1,1
16,583.482587020702,1,1
16,671.210743128479,0,0
16,671.726235219257,0,0
16,708.500699707821,0,0
16,772.067352211639,0,1
16,459.511130076183,1,0
16,453.554975912822,1,0
16,552.245554773801,1,1
16,469.320156422323,1,0
16,567.02649388189,1,1
16,663.139901213154,0,0
16,698.624728266866,0,0
16,792.162431663796,0,1
16,572.665273690018,1,1
16,672.322334988566,0,0
16,543.175012477056,1,1
16,683.60521331133,0,0
16,758.653983522723,0,1
16,641.928436770968,0,0
16,442.58224861483,1,0
16,480.488568503466,1,0
16,539.31013871084,1,1
16,692.273591555532,0,0
16,706.215493366789,0,0
16,562.723374281696,1,1
16,532.248826522684,1,1
16,771.555083082186,0,1
16,547.566532945903,1,1
16,575.696931931961,1,1
16,799.323506520877,0,1
16,773.405735026796,0,1
16,557.374134770631,1,1
16,778.596799542176,0,1
16,662.085617789056,0,0
16,551.768332581654,1,1
16,572.841485384761,1,1
16,694.535318347645,0,0
16,561.861537851389,1,1
16,464.270823421975,1,0
16,784.441434404649,0,1
16,773.831398843986,0,1
16,772.871927432446,0,1
16,686.523155713246,0,0
16,541.800572763893,1,1
16,561.845465634385,1,1
16,487.417727828925,1,0
16,668.710362106805,0,0
16,794.555276429547,0,1
16,562.94683433607,1,1
16,777.661127463874,0,1
16,531.365572058129,1,1
16,756.941679186187,0,1
16,552.322831859777,1,1
16,587.988952588342,1,1
16,778.597246059263,0,1
16,661.481280421292,0,0
16,479.861568842958,1,0
16,498.945755483361,1,0
16,662.167525444606,0,0
16,708.357416053362,0,1
16,777.806082094059,0,1
16,550.633302594779,1,1
16,448.4739851766,1,0
16,801.0156899201,0,1
16,681.187481047548,0,0
16,470.87091929924,1,0
16,815.587529976019,0,1
16,643.636936678839,0,0
16,773.520066569121,0,1
16,667.977169201152,0,0
16,786.642102963167,0,1
16,554.941179885214,1,1
16,504.670227992836,1,0
16,446.403799022753,1,0
16,672.120005359724,0,0
16,671.167771708606,0,0
16,784.189140117437,0,1
16,546.885512821679,1,1
16,783.709222660006,0,1
16,777.284893777372,0,1
16,761.239415500849,0,1
16,749.587404710122,0,1
16,760.839178211084,0,1
16,809.182520775975,0,1
16,469.650988466977,1,0
16,691.998633351854,0,0
16,436.805316982338,1,0
16,658.611893298911,0,0
16,563.952476573456,1,1
16,700.208560785239,0,0
16,631.141798291825,0,0
16,781.885290302047,0,1
16,790.19620894651,0,1
16,676.922224305477,0,0
16,784.66436359958,0,1
16,565.262673388042,1,1
16,683.286492235603,0,0
16,806.979976690395,0,1
16,504.010094300343,1,0
16,665.297606594995,0,0
16,488.389265095794,1,0
16,805.863472625509,0,1
16,670.809971164353,0,0
16,521.721780049863,1,0
16,522.109443818584,1,1
16,746.938670097713,0,1
16,639.465031758928,0,0
17,380.892136843977,1,0
17,473.469692274988,1,1
17,502.166997561012,1,1
17,708.408187991049,0,1
17,694.642295803743,0,1
17,455.347056501506,1,1
17,665.749150392671,0,1
17,760.211969665842,0,1
17,507.564903452928,1,1
17,362.929828,1,0
17,474.0455650887,1,1
17,342.532490209756,1,0
17,703.55609187443,0,1
17,617.067607322944,0,0
17,685.202839856161,0,1
17,484.638876979024,1,1
17,667.880020415781,0,1
17,455.049366413981,1,1
17,376.806079622346,1,0
17,573.852559445125,0,0
17,373.711506654258,1,0
17,386.39835298849,1,0
17,594.719984903137,0,0
17,701.233753241111,0,1
17,455.254514492497,1,1
17,392.619482517586,1,0
17,477.414717958824,1,1
17,491.248559120992,1,1
17,595.680226990608,0,0
17,462.18383831164,1,1
17,580.063025100084,0,0
17,464.310900091199,1,1
17,614.805827303641,0,0
17,544.84910157678,0,0
17,604.049668756899,0,0
17,580.663663839457,0,0
17,492.376532293106,1,1
17,459.134299409115,1,1
17,474.563237364905,1,1
17,407.880624888143,1,0
17,710.594883012078,0,1
17,571.472986409075,0,0
17,683.721506571227,0,1
17,610.315654895255,0,0
17,584.34776340846,0,0
17,574.571550619734,0,0
17,693.708563695894,0,1
17,364.880247812536,1,0
17,379.998004447467,1,0
17,475.898970724032,1,1
17,597.569326273489,0,0
17,461.753068153495,1,1
17,591.113187702941,0,0
17,498.479199217724,1,1
17,412.962549592224,1,0
17,563.502286968799,0,0
17,682.460646730251,0,1
17,570.040163992341,0,0
17,598.093086928745,0,0
17,592.14546617077,0,0
17,392.50821138454,1,0
17,405.570298544633,1,0
17,574.399524370319,0,0
17,580.543773331458,0,0
17,455.437061619958,1,1
17,703.796048294375,0,1
17,582.217951156346,0,0
17,702.079017410745,0,1
17,696.516952084762,0,1
17,364.921236053863,1,0
17,493.429185721424,1,1
17,689.370787898248,0,1
17,374.787618756577,1,0
17,463.385043367879,1,1
17,460.669462985727,1,1
17,687.360412954006,0,1
17,673.985589470163,0,1
17,404.938700271468,1,0
17,688.815008371682,0,1
17,382.799646599675,1,0
17,397.154353169911,1,0
17,453.573818291076,1,1
17,653.952013787129,0,1
17,703.034644778506,0,1
17,604.403815083088,0,0
17,461.738072441915,1,1
17,472.58628021775,1,1
17,475.638399552959,1,1
17,436.350437174888,1,1
17,477.714387256536,1,1
17,732.599276477422,0,1
17,480.745026628193,1,1
17,460.640013339871,1,1
17,490.686643481251,1,1
17,368.044022500483,1,0
17,487.6870878506,1,1
17,376.104735405744,1,0
17,370.683349022993,1,0
17,696.122966441163,0,1
17,382.00438055476,1,0
17,698.947019821065,0,1
17,592.576056703335,0,0
17,682.660402378014,0,1
17,687.905453680097,0,1
17,591.47373864477,0,0
17,621.492825875519,0,0
17,655.690297388899,0,1
17,331.483472223635,1,0
17,459.173675303171,1,1
17,563.54637540318,0,0
17,357.033303951373,1,0
17,369.880983168276,1,0
17,600.546030442342,0,0
17,382.023627579323,1,0
17,467.200870916586,1,1
17,713.573886853232,0,1
17,399.908666676503,1,0
17,538.916919470856,0,0
17,705.179903297508,0,1
17,408.892330945315,1,0
17,479.956933532517,1,1
17,376.856963500581,1,0
17,700.438816449762,0,1
17,388.572170709507,1,0
17,359.740258232559,1,0
17,606.841940747567,0,0
17,668.630089769096,0,1
17,495.523554975198,1,1
17,613.85544801459,0,0
17,709.217781121405,0,1
17,686.274128471126,0,1
17,468.951823903644,1,1
17,479.441296136444,1,1
17,602.770145973395,0,0
17,474.935267356484,1,1
17,455.404578538609,1,1
17,697.283794331497,0,1
17,475.670882918048,1,1
17,369.939794395289,1,0
17,442.465952417046,1,1
17,460.150023644797,1,1
17,699.508357464162,0,1
17,664.05395326871,0,1
17,720.096190892823,0,1
17,473.556853195525,1,1
17,692.470978354807,0,1
17,670.363050887315,0,1
17,682.275449639207,0,1
17,363.037328776837,1,0
17,590.914050979645,0,0
17,681.8151600264,0,1
17,449.924885544351,1,1
17,731.868613157858,0,1
17,720.521789397798,0,1
17,474.121877278843,1,1
17,478.115981035592,1,1
17,732.743408868299,0,1
17,596.090112164128,0,0
17,356.951608083584,1,0
17,461.065394387387,1,1
17,334.72428738582,1,0
17,461.085810352984,1,1
17,447.296978654494,1,1
17,711.676277344111,0,1
17,463.947706269432,1,1
17,405.828705705695,1,0
17,712.089264852053,0,1
17,464.610793021784,1,1
17,689.799109638528,0,1
17,632.935392005581,0,0
17,389.458951906551,1,0
17,572.709123341769,0,0
17,582.163254751745,0,0
17,715.585424307635,0,1
17,705.945818020479,0,1
17,460.850718433638,1,1
17,381.925209093789,1,0
17,403.887850014286,1,0
17,653.926064738022,0,1
17,685.279031332212,0,1
17,636.520716277333,0,0
17,336.703192371979,1,0
17,368.907174584452,1,0
17,603.038548397248,0,0
17,691.85815379547,0,1
17,469.532003247018,1,1
17,457.949027271268,1,1
17,474.522758550486,1,1
17,394.872078891512,1,0
17,609.339553617616,0,0
17,694.683468464883,0,1
17,350.703730650529,1,0
17,567.591518308054,0,0
17,706.919418019481,0,1
17,367.074927326471,1,0
17,459.547531166328,1,1
17,465.966105402335,1,1
17,565.429575006863,0,0
17,636.429393640207,0,0
17,386.209160640071,1,0
18,540.749778195317,1,1
18,684.285816719816,0,0
18,661.233722876438,0,0
18,789.494429477995,0,1
18,533.125015070851,1,1
18,543.47797999244,1,1
18,409.684032312289,1,0
18,652.135190991501,0,0
18,699.366281130262,0,0
18,531.522531258224,1,1
18,741.398579169519,0,1
18,405.030503299888,1,0
18,404.515996570398,1,0
18,441.893220022452,1,0
18,661.712749104049,0,0
18,687.310534963048,0,0
18,667.781835271407,0,0
18,784.953125224372,0,1
18,401.878747989657,1,0
18,759.945528018462,0,1
18,505.93802248308,1,1
18,676.992881709532,0,0
18,529.130826046088,1,1
18,619.656764418858,0,0
18,709.005913922602,0,0
18,420.152474506604,1,0
18,411.255374049258,1,0
18,787.430073395547,0,1
18,415.762333050834,1,0
18,780.765591029285,0,1
18,537.62679247181,1,1
18,517.326727707711,1,1
18,665.565504442585,0,0
18,427.237131566103,1,0
18,397.887989302985,1,0
18,787.938010155538,0,1
18,440.068682164872,1,0
18,797.650355890928,0,1
18,775.937568889012,0,1
18,513.536789095387,1,1
18,671.166262783806,0,0
18,500.846683601637,1,1
18,524.663811021589,1,1
18,652.606688560686,0,0
18,780.939728313305,0,1
18,717.122375883123,0,0
18,448.349592741885,1,0
18,523.209829143796,1,1
18,759.412164676071,0,1
18,751.15248314528,0,1
18,446.5252165157,1,0
18,530.018077751883,1,1
18,660.002099451818,0,0
18,558.285000526393,1,1
18,803.083648355592,0,1
18,485.737095490913,1,1
18,432.41146983031,1,0
18,796.167860574597,0,1
18,794.993773368134,0,1
18,764.336548382977,0,1
18,517.550028121356,1,1
18,777.609228667425,0,1
18,655.710724946619,0,0
18,522.307541143138,1,1
18,533.134003919781,1,1
18,805.490984772082,0,1
18,783.938290989502,0,1
18,765.318050777753,0,1
18,739.290056381171,0,1
18,415.728614524224,1,0
18,429.771335473324,1,0
18,515.06711414404,1,1
18,543.712421065192,1,1
18,650.549970735021,0,0
18,521.316887339943,1,1
18,458.907090749653,1,0
18,415.570432019861,1,0
18,696.50912247444,0,0
18,531.342272790485,1,1
18,514.718065291541,1,1
18,634.022666273212,0,0
18,676.760151373672,0,0
18,659.302922841166,0,0
18,757.207525533361,0,1
18,806.701173495524,0,1
18,702.683226259752,0,0
18,401.996534997239,1,0
18,778.505469799853,0,1
18,664.767517034136,0,0
18,419.408603654893,1,0
18,652.864038736994,0,0
18,669.01633238232,0,0
18,551.055286732505,1,1
18,655.237427465967,0,0
18,515.299069740968,1,1
18,679.061112820917,0,0
18,411.568396196394,1,0
18,524.919316924724,1,1
18,424.348018017658,1,0
18,440.598897958005,1,0
18,670.875255201317,0,0
18,682.585809636391,0,0
18,733.362501496663,0,1
18,410.981474363335,1,0
18,523.900625196189,1,1
18,767.228717522739,0,1
18,703.207335963495,0,0
18,761.323265320835,0,1
18,510.548499239731,1,1
18,777.080521868097,0,1
18,547.306716545534,1,1
18,527.463319308141,1,1
18,648.3071589865,0,0
18,482.167833164002,1,0
18,491.16162559768,1,1
18,786.205516660522,0,1
18,771.065316697444,0,1
18,654.077769777822,0,0
18,676.221070580222,0,0
18,445.715298665775,1,0
18,535.775577376565,1,1
18,507.993218619011,1,1
18,514.168979376983,1,1
18,761.058460791662,0,1
18,631.221120915753,0,0
18,392.733353854289,1,0
18,788.686496829179,0,1
18,785.786842930122,0,1
18,544.356260335562,1,1
18,762.395442233741,0,1
18,767.13615490598,0,1
18,689.176468376261,0,0
18,453.182009101576,1,0
18,430.200720680877,1,0
18,772.864199933973,0,1
18,781.499988413373,0,1
18,504.027095504922,1,1
18,531.394478590716,1,1
18,431.304768753628,1,0
18,394.388850644819,1,0
18,770.109837474027,0,1
18,720.677663387088,0,0
18,553.044034122401,1,1
18,556.971736372928,1,1
18,527.994580787467,1,1
18,405.101261032088,1,0
18,545.562801656219,1,1
18,512.284727500009,1,1
18,538.664291484416,1,1
18,743.384186206233,0,1
18,668.878007123512,0,0
18,523.065355655258,1,1
18,676.979151435599,0,0
18,645.904978806204,0,0
18,523.674678760352,1,1
18,824.346644663114,0,1
18,803.413794263112,0,1
18,540.981983829451,1,1
18,529.792179245501,1,1
18,512.727555329888,1,1
18,534.060681124555,1,1
18,806.848381686814,0,1
18,528.78961074334,1,1
18,754.85737256832,0,1
18,794.353981182186,0,1
18,397.65860565405,1,0
18,666.733713363872,0,0
18,410.256680394411,1,0
18,787.728924928634,0,1
18,501.778601784848,1,1
18,681.54650717961,0,0
18,523.602500370845,1,1
18,780.294835862152,0,1
18,666.100010937577,0,0
18,790.934071981274,0,1
18,435.873836689245,1,0
18,641.343509031203,0,0
18,784.313311291051,0,1
18,713.839370348316,0,0
18,424.55374157635,1,0
18,750.09603521015,0,1
18,402.261024961869,1,0
18,670.460438625517,0,0
18,425.062707161485,1,0
18,648.830614992992,0,0
18,479.863010691232,1,1
18,766.256246366138,0,1
18,796.981300849116,0,1
18,801.210415062768,0,1
18,689.753862115827,0,0
18,515.5801231139,1,1
18,801.129398244665,0,1
18,770.308745145777,0,1
18,414.219490917304,1,0
18,685.812296010302,0,0
18,530.788908141731,1,1
18,816.123225584614,0,1
18,561.464369918863,1,1
18,654.640049733672,0,0
18,776.002147980269,0,1
19,767.336500835625,0,1
19,502.458992120918,1,1
19,812.432023877437,0,1
19,686.275309558806,0,0
19,807.700339992279,0,1
19,787.120994109521,0,1
19,554.202488839855,1,1
19,531.794284481365,1,1
19,501.425158560366,1,1
19,700.539861457533,0,0
19,385.99736398284,1,0
19,444.157300797899,1,0
19,806.471161061187,0,1
19,797.144201158511,0,1
19,528.973055922331,1,1
19,532.067463606261,1,1
19,459.407956067021,1,0
19,447.319726523436,1,0
19,395.378916503457,1,0
19,784.455416633772,0,1
19,727.471394488995,0,0
19,544.826084272947,1,1
19,411.800582060928,1,0
19,488.472070306386,1,1
19,673.939249015216,0,0
19,415.332047711333,1,0
19,421.388705432022,1,0
19,807.27983303572,0,1
19,690.550884416264,0,0
19,528.507702423893,1,1
19,788.880277967462,0,1
19,412.897792265442,1,0
19,395.747843554473,1,0
19,672.66368176585,0,0
19,426.112660695097,1,0
19,499.843907915564,1,1
19,437.869433528226,1,0
19,669.462522260972,0,0
19,418.427723808258,1,0
19,522.724831949332,1,1
19,805.43096911036,0,1
19,701.75827306068,0,0
19,782.070456461752,0,1
19,535.156661742613,1,1
19,507.558671672447,1,1
19,398.727879575445,1,0
19,474.057222109797,1,1
19,406.342195510406,1,0
19,690.156054182966,0,0
19,536.63724868534,1,1
19,717.459132077336,0,0
19,830.879345997586,0,1
19,687.472443541121,0,0
19,813.466140257776,0,1
19,807.554808752782,0,1
19,705.576001135599,0,0
19,814.258605879359,0,1
19,660.555120434829,0,0
19,517.771312857849,1,1
19,507.03540075472,1,1
19,436.921078300561,1,0
19,421.239656962443,1,0
19,707.148562903903,0,0
19,779.984901836087,0,1
19,782.621333239412,0,1
19,423.577386808103,1,0
19,406.560657809147,1,0
19,527.023553585247,1,1
19,822.525814053454,0,1
19,804.673062528305,0,1
19,496.478637969754,1,1
19,494.792134817539,1,1
19,827.510851546415,0,1
19,795.926175666361,0,1
19,795.434514758747,0,1
19,422.139738916629,1,0
19,787.296376840158,0,1
19,528.873840469333,1,1
19,522.37909430231,1,1
19,786.885566540486,0,1
19,507.7988191059,1,1
19,798.059755620499,0,1
19,500.535016105684,1,1
19,407.989814436832,1,0
19,373.761645577175,1,0
19,775.145284162485,0,1
19,787.075969617784,0,1
19,500.746331434496,1,1
19,424.654160540061,1,0
19,538.718184615368,1,1
19,392.302078626396,1,0
19,846.905855677026,0,1
19,498.031501227507,1,1
19,426.114635256,1,0
19,511.206532867847,1,1
19,393.747052613989,1,0
19,689.575660555347,0,0
19,525.1860246417,1,1
19,688.173763993162,0,0
19,817.270268891446,0,1
19,793.093075791002,0,1
19,417.561723696939,1,0
19,506.604074088109,1,1
19,779.550127136413,0,1
19,516.649651189629,1,1
19,824.947698197069,0,1
19,522.032660419649,1,1
19,818.15887014744,0,1
19,425.746059665681,1,0
19,466.299954736975,1,0
19,575.159540053752,1,1
19,389.758290239125,1,0
19,709.19105748523,0,0
19,723.54874497906,0,0
19,538.087683012726,1,1
19,753.237715511241,0,1
19,423.102517832216,1,0
19,703.932026171733,0,0
19,699.110582791686,0,0
19,696.381219208895,0,0
19,696.3176613843,0,0
19,706.473452850269,0,0
19,435.484975305902,1,0
19,508.289541594337,1,1
19,784.390628585189,0,1
19,831.8486872255,0,1
19,804.357823629035,0,1
19,706.65492244349,0,0
19,422.271532308678,1,0
19,467.754629276497,1,0
19,400.649996867443,1,0
19,690.695401150616,0,0
19,685.380267448551,0,0
19,793.979696462,0,1
19,466.421182986792,1,1
19,734.43850630459,0,0
19,445.290881871391,1,0
19,691.322197090927,0,0
19,702.196170901296,0,0
19,796.170414165253,0,1
19,417.851202807192,1,0
19,782.43833606393,0,1
19,819.620012241651,0,1
19,507.074826993576,1,1
19,440.609594676937,1,0
19,426.545311021568,1,0
19,686.408577927017,0,0
19,704.341814614541,0,0
19,676.841138950016,0,0
19,407.145524971255,1,0
19,791.874229878705,0,1
19,669.5922426651,0,0
19,811.869058936681,0,1
19,484.536290122736,1,1
19,801.524478663112,0,1
19,390.331390066266,1,0
19,778.117556003013,0,1
19,697.353711662316,0,0
19,820.614184358258,0,1
19,765.583815731679,0,1
19,798.53304017997,0,1
19,797.983952663389,0,1
19,739.48229525044,0,0
19,695.590631989897,0,0
19,428.373997421328,1,0
19,459.699026495015,1,0
19,477.309427110778,1,1
19,440.250596741398,1,0
19,766.549277531516,0,1
19,510.24185261815,1,1
19,525.333945038664,1,1
19,376.510519937615,1,0
19,408.317280317387,1,0
19,681.548636598403,0,0
19,704.072425053094,0,0
19,514.150328798805,1,1
19,711.642364625023,0,0
19,693.971374974061,0,0
19,731.129616687057,0,0
19,543.442213028874,1,1
19,433.700217879004,1,0
19,434.454491046791,1,0
19,708.598302176252,0,0
19,414.718679025535,1,0
19,810.543352265928,0,1
19,502.059981244748,1,1
19,420.930229788205,1,0
19,767.834148627131,0,1
19,426.154937764902,1,0
19,681.750255900897,0,0
19,815.825416156166,0,1
19,444.641285285527,1,0
19,394.951872563375,1,0
19,429.94672302177,1,0
19,676.245915087321,0,0
19,781.283416182131,0,1
19,395.459344965746,1,0
19,688.040612615962,0,0
19,795.677078015681,0,1
19,424.183174766995,1,0
20,721.038691749867,0,1
20,742.449533379611,0,1
20,390.476416631707,1,0
20,747.417317390621,0,1
20,388.06753961098,1,0
20,499.352837793712,1,1
20,477.728079438588,1,1
20,641.872264620622,0,0
20,514.236700364104,1,1
20,531.425568812384,1,1
20,673.075185894181,0,0
20,769.911182147977,0,1
20,511.763662961868,1,1
20,538.717011755077,1,1
20,422.077879731552,1,0
20,625.947608022514,0,0
20,735.968200802957,0,1
20,423.076490061716,1,0
20,707.714240791516,0,1
20,673.793355629944,0,0
20,404.858499431642,1,0
20,486.637466905725,1,1
20,750.476709803031,0,1
20,412.462374579969,1,0
20,656.5978949395,0,0
20,734.122432950398,0,1
20,646.065592574085,0,0
20,652.605261846589,0,0
20,436.283366962802,1,0
20,534.843563588537,1,1
20,603.214972321127,0,0
20,669.256616551639,0,0
20,737.816884417698,0,1
20,421.299935066605,1,0
20,751.060262353052,0,1
20,403.912999799436,1,0
20,527.752442983295,1,1
20,711.334441411928,0,1
20,414.884845306489,1,0
20,611.077686885632,0,0
20,404.348176932177,1,0
20,488.206791386644,1,1
20,624.850735366636,0,0
20,491.063096582108,1,1
20,644.807767845049,0,0
20,406.600547102975,1,0
20,641.299178597143,0,0
20,681.57757602256,0,0
20,531.655841000299,1,1
20,502.395822407113,1,1
20,727.095436059518,0,1
20,752.12178936527,0,1
20,411.495154717271,1,0
20,755.667631790245,0,1
20,516.782548937206,1,1
20,427.020041812742,1,0
20,498.561640503291,1,1
20,464.632187909523,1,1
20,743.199896695244,0,1
20,741.126850240753,0,1
20,723.157215101964,0,1
20,422.413613543404,1,0
20,730.741749563535,0,1
20,447.903749613905,1,0
20,636.28950214573,0,0
20,514.786887408237,1,1
20,494.960038101151,1,1
20,716.120313354048,0,1
20,398.865045263963,1,0
20,519.617238731037,1,1
20,702.244440270852,0,1
20,625.725100108384,0,0
20,404.376229646606,1,0
20,726.819377765338,0,1
20,392.447210038068,1,0
20,434.663345831414,1,0
20,441.85103782426,1,0
20,495.019857719632,1,1
20,387.863788086977,1,0
20,414.732743991184,1,0
20,531.094937038428,1,1
20,680.600332086295,0,0
20,486.334410546627,1,1
20,702.121626612122,0,1
20,654.413006275328,0,0
20,752.804178285294,0,1
20,637.311115614391,0,0
20,414.772890207631,1,0
20,742.450638217854,0,1
20,498.64555432541,1,1
20,490.233625013106,1,1
20,741.399573351945,0,1
20,444.632204930145,1,0
20,749.092708994171,0,1
20,466.340683240017,1,1
20,748.423901216297,0,1
20,651.358545440732,0,0
20,507.287895490219,1,1
20,633.590103739572,0,0
20,485.82095894108,1,1
20,663.419954236933,0,0
20,495.215894332663,1,1
20,522.958707305908,1,1
20,630.940714578478,0,0
20,664.425656454797,0,0
20,759.37715535089,0,1
20,400.957304274508,1,0
20,760.11158467569,0,1
20,727.783772605799,0,1
20,401.251395161371,1,0
20,486.150623004751,1,1
20,744.78030529934,0,1
20,415.405322859767,1,0
20,634.333982113159,0,0
20,455.59625911471,1,0
20,447.826677820304,1,0
20,641.152230153578,0,0
20,424.624943749945,1,0
20,413.871433372406,1,0
20,665.821437904136,0,0
20,484.146913990272,1,1
20,639.888658410193,0,0
20,718.948476917292,0,1
20,512.116932208276,1,1
20,735.191542537053,0,1
20,721.50931915554,0,1
20,619.638490376169,0,0
20,748.821725857212,0,1
20,585.730971990851,0,0
20,412.689724899039,1,0
20,642.65296552607,0,0
20,546.055304709093,1,1
20,652.176031288926,0,0
20,526.066320768667,1,1
20,509.517503888205,1,1
20,726.00013627536,0,1
20,410.314220279939,1,0
20,430.06856539578,1,0
20,419.92352195106,1,0
20,736.548861727828,0,1
20,659.201999135038,0,0
20,620.109012322626,0,0
20,481.831270705122,1,1
20,719.835603403917,0,1
20,520.002709195488,1,1
20,412.88559284854,1,0
20,485.505139317832,1,1
20,443.566668769747,1,0
20,448.155203386321,1,0
20,453.655963311556,1,0
20,623.208041859038,0,0
20,750.404518295893,0,1
20,597.38901765871,0,0
20,473.225613572196,1,1
20,638.885517653363,0,0
20,500.574691660349,1,1
20,739.958091626773,0,1
20,749.987862711022,0,1
20,479.723986640053,1,1
20,421.155666720307,1,0
20,488.727663622513,1,1
20,598.774039439179,0,0
20,747.646859917143,0,1
20,654.375372747761,0,0
20,663.534094776555,0,0
20,492.175619328398,1,1
20,750.848620391096,0,1
20,736.54203503039,0,1
20,762.290442846921,0,1
20,725.840535248882,0,1
20,730.677005268472,0,1
20,446.788123565967,1,0
20,633.667689682748,0,0
20,512.458497391546,1,1
20,427.897634081911,1,0
20,728.182544954388,0,1
20,392.721705641486,1,0
20,410.322627707238,1,0
20,662.659897888561,0,0
20,423.639594689194,1,0
20,696.19257758708,0,1
20,743.166258810561,0,1
20,442.24894484349,1,0
20,395.740996584331,1,0
20,737.272646511587,0,1
20,406.769983199231,1,0
20,389.968648585471,1,0
20,651.188446899074,0,0
20,507.318505668819,1,1
20,401.311535620769,1,0
20,655.676983235871,0,0
20,405.091561174648,1,0
20,376.901747133275,1,0
20,527.52277138428,1,1
20,524.133899638769,1,1
20,616.921238894804,0,0
20,632.190523487182,0,0
20,429.518276925369,1,0
20,501.408309738625,1,1
20,640.508117094388,0,0
