"date.time","temp","date","year","doy","hour","tempcalib","climatetype"
"10/3/18 13:00",24.158,2018-10-03,"2018",276,"13",24.9146875,"arb5"
"10/3/18 14:00",21.282,2018-10-03,"2018",276,"14",22.0386875,"arb5"
"10/3/18 15:00",18.236,2018-10-03,"2018",276,"15",18.9926875,"arb5"
"10/3/18 16:00",16.427,2018-10-03,"2018",276,"16",17.1836875,"arb5"
"10/3/18 17:00",16.332,2018-10-03,"2018",276,"17",17.0886875,"arb5"
"10/3/18 18:00",15.378,2018-10-03,"2018",276,"18",16.1346875,"arb5"
"10/3/18 19:00",14.996,2018-10-03,"2018",276,"19",15.7526875,"arb5"
"10/3/18 20:00",14.996,2018-10-03,"2018",276,"20",15.7526875,"arb5"
"10/3/18 21:00",14.996,2018-10-03,"2018",276,"21",15.7526875,"arb5"
"10/3/18 22:00",14.804,2018-10-03,"2018",276,"22",15.5606875,"arb5"
"10/3/18 23:00",14.804,2018-10-03,"2018",276,"23",15.5606875,"arb5"
"10/4/18 0:00",14.613,2018-10-04,"2018",277,"0",15.3696875,"arb5"
"10/4/18 1:00",14.23,2018-10-04,"2018",277,"1",14.9866875,"arb5"
"10/4/18 2:00",13.558,2018-10-04,"2018",277,"2",14.3146875,"arb5"
"10/4/18 3:00",13.75,2018-10-04,"2018",277,"3",14.5066875,"arb5"
"10/4/18 4:00",14.038,2018-10-04,"2018",277,"4",14.7946875,"arb5"
"10/4/18 5:00",14.421,2018-10-04,"2018",277,"5",15.1776875,"arb5"
"10/4/18 6:00",14.325,2018-10-04,"2018",277,"6",15.0816875,"arb5"
"10/4/18 7:00",14.421,2018-10-04,"2018",277,"7",15.1776875,"arb5"
"10/4/18 8:00",15.187,2018-10-04,"2018",277,"8",15.9436875,"arb5"
"10/4/18 9:00",16.903,2018-10-04,"2018",277,"9",17.6596875,"arb5"
"10/4/18 10:00",21.473,2018-10-04,"2018",277,"10",22.2296875,"arb5"
"10/4/18 11:00",26.683,2018-10-04,"2018",277,"11",27.4396875,"arb5"
"10/4/18 12:00",21.473,2018-10-04,"2018",277,"12",22.2296875,"arb5"
"10/4/18 13:00",22.717,2018-10-04,"2018",277,"13",23.4736875,"arb5"
"10/4/18 14:00",22.046,2018-10-04,"2018",277,"14",22.8026875,"arb5"
"10/4/18 15:00",22.046,2018-10-04,"2018",277,"15",22.8026875,"arb5"
"10/4/18 16:00",20.996,2018-10-04,"2018",277,"16",21.7526875,"arb5"
"10/4/18 17:00",19.948,2018-10-04,"2018",277,"17",20.7046875,"arb5"
"10/4/18 18:00",19.472,2018-10-04,"2018",277,"18",20.2286875,"arb5"
"10/4/18 19:00",19.187,2018-10-04,"2018",277,"19",19.9436875,"arb5"
"10/4/18 20:00",19.282,2018-10-04,"2018",277,"20",20.0386875,"arb5"
"10/4/18 21:00",19.187,2018-10-04,"2018",277,"21",19.9436875,"arb5"
"10/4/18 22:00",18.806,2018-10-04,"2018",277,"22",19.5626875,"arb5"
"10/4/18 23:00",18.901,2018-10-04,"2018",277,"23",19.6576875,"arb5"
"10/5/18 0:00",17.76,2018-10-05,"2018",278,"0",18.5166875,"arb5"
"10/5/18 1:00",18.426,2018-10-05,"2018",278,"1",19.1826875,"arb5"
"10/5/18 2:00",17.95,2018-10-05,"2018",278,"2",18.7066875,"arb5"
"10/5/18 3:00",16.523,2018-10-05,"2018",278,"3",17.2796875,"arb5"
"10/5/18 4:00",15.664,2018-10-05,"2018",278,"4",16.4206875,"arb5"
"10/5/18 5:00",14.325,2018-10-05,"2018",278,"5",15.0816875,"arb5"
"10/5/18 6:00",13.558,2018-10-05,"2018",278,"6",14.3146875,"arb5"
"10/5/18 7:00",13.173,2018-10-05,"2018",278,"7",13.9296875,"arb5"
"10/5/18 8:00",12.98,2018-10-05,"2018",278,"8",13.7366875,"arb5"
"10/5/18 9:00",15.951,2018-10-05,"2018",278,"9",16.7076875,"arb5"
"10/5/18 10:00",21.569,2018-10-05,"2018",278,"10",22.3256875,"arb5"
"10/5/18 11:00",24.641,2018-10-05,"2018",278,"11",25.3976875,"arb5"
"10/5/18 12:00",15.091,2018-10-05,"2018",278,"12",15.8476875,"arb5"
"10/5/18 13:00",14.421,2018-10-05,"2018",278,"13",15.1776875,"arb5"
"10/5/18 14:00",13.942,2018-10-05,"2018",278,"14",14.6986875,"arb5"
"10/5/18 15:00",13.846,2018-10-05,"2018",278,"15",14.6026875,"arb5"
"10/5/18 16:00",12.69,2018-10-05,"2018",278,"16",13.4466875,"arb5"
"10/5/18 17:00",12.304,2018-10-05,"2018",278,"17",13.0606875,"arb5"
"10/5/18 18:00",10.651,2018-10-05,"2018",278,"18",11.4076875,"arb5"
"10/5/18 19:00",8.382,2018-10-05,"2018",278,"19",9.1386875,"arb5"
"10/5/18 20:00",7.381,2018-10-05,"2018",278,"20",8.1376875,"arb5"
"10/5/18 21:00",6.877,2018-10-05,"2018",278,"21",7.6336875,"arb5"
"10/5/18 22:00",6.573,2018-10-05,"2018",278,"22",7.3296875,"arb5"
"10/5/18 23:00",6.268,2018-10-05,"2018",278,"23",7.0246875,"arb5"
"10/6/18 0:00",6.268,2018-10-06,"2018",279,"0",7.0246875,"arb5"
"10/6/18 1:00",6.166,2018-10-06,"2018",279,"1",6.9226875,"arb5"
"10/6/18 2:00",6.064,2018-10-06,"2018",279,"2",6.8206875,"arb5"
"10/6/18 3:00",6.166,2018-10-06,"2018",279,"3",6.9226875,"arb5"
"10/6/18 4:00",6.877,2018-10-06,"2018",279,"4",7.6336875,"arb5"
"10/6/18 5:00",7.983,2018-10-06,"2018",279,"5",8.7396875,"arb5"
"10/6/18 6:00",8.282,2018-10-06,"2018",279,"6",9.0386875,"arb5"
"10/6/18 7:00",8.481,2018-10-06,"2018",279,"7",9.2376875,"arb5"
"10/6/18 8:00",8.779,2018-10-06,"2018",279,"8",9.5356875,"arb5"
"10/6/18 9:00",13.076,2018-10-06,"2018",279,"9",13.8326875,"arb5"
"10/6/18 10:00",14.23,2018-10-06,"2018",279,"10",14.9866875,"arb5"
"10/6/18 11:00",18.331,2018-10-06,"2018",279,"11",19.0876875,"arb5"
"10/6/18 12:00",17.094,2018-10-06,"2018",279,"12",17.8506875,"arb5"
"10/6/18 13:00",16.427,2018-10-06,"2018",279,"13",17.1836875,"arb5"
"10/6/18 14:00",16.332,2018-10-06,"2018",279,"14",17.0886875,"arb5"
"10/6/18 15:00",17.094,2018-10-06,"2018",279,"15",17.8506875,"arb5"
"10/6/18 16:00",15.855,2018-10-06,"2018",279,"16",16.6116875,"arb5"
"10/6/18 17:00",15.187,2018-10-06,"2018",279,"17",15.9436875,"arb5"
"10/6/18 18:00",14.421,2018-10-06,"2018",279,"18",15.1776875,"arb5"
"10/6/18 19:00",14.038,2018-10-06,"2018",279,"19",14.7946875,"arb5"
"10/6/18 20:00",14.421,2018-10-06,"2018",279,"20",15.1776875,"arb5"
"10/6/18 21:00",14.421,2018-10-06,"2018",279,"21",15.1776875,"arb5"
"10/6/18 22:00",14.134,2018-10-06,"2018",279,"22",14.8906875,"arb5"
"10/6/18 23:00",14.325,2018-10-06,"2018",279,"23",15.0816875,"arb5"
"10/7/18 0:00",14.325,2018-10-07,"2018",280,"0",15.0816875,"arb5"
"10/7/18 1:00",14.996,2018-10-07,"2018",280,"1",15.7526875,"arb5"
"10/7/18 2:00",15.187,2018-10-07,"2018",280,"2",15.9436875,"arb5"
"10/7/18 3:00",15.378,2018-10-07,"2018",280,"3",16.1346875,"arb5"
"10/7/18 4:00",15.76,2018-10-07,"2018",280,"4",16.5166875,"arb5"
"10/7/18 5:00",15.951,2018-10-07,"2018",280,"5",16.7076875,"arb5"
"10/7/18 6:00",16.141,2018-10-07,"2018",280,"6",16.8976875,"arb5"
"10/7/18 7:00",16.523,2018-10-07,"2018",280,"7",17.2796875,"arb5"
"10/7/18 8:00",17.855,2018-10-07,"2018",280,"8",18.6116875,"arb5"
"10/7/18 9:00",19.567,2018-10-07,"2018",280,"9",20.3236875,"arb5"
"10/7/18 10:00",23.869,2018-10-07,"2018",280,"10",24.6256875,"arb5"
"10/7/18 11:00",23.292,2018-10-07,"2018",280,"11",24.0486875,"arb5"
"10/7/18 12:00",24.931,2018-10-07,"2018",280,"12",25.6876875,"arb5"
"10/7/18 13:00",24.931,2018-10-07,"2018",280,"13",25.6876875,"arb5"
"10/7/18 14:00",23.966,2018-10-07,"2018",280,"14",24.7226875,"arb5"
"10/7/18 15:00",23.677,2018-10-07,"2018",280,"15",24.4336875,"arb5"
"10/7/18 16:00",19.662,2018-10-07,"2018",280,"16",20.4186875,"arb5"
"10/7/18 17:00",17.57,2018-10-07,"2018",280,"17",18.3266875,"arb5"
"10/7/18 18:00",16.141,2018-10-07,"2018",280,"18",16.8976875,"arb5"
"10/7/18 19:00",15.76,2018-10-07,"2018",280,"19",16.5166875,"arb5"
"10/7/18 20:00",15.569,2018-10-07,"2018",280,"20",16.3256875,"arb5"
"10/7/18 21:00",14.613,2018-10-07,"2018",280,"21",15.3696875,"arb5"
"10/7/18 22:00",14.613,2018-10-07,"2018",280,"22",15.3696875,"arb5"
"10/7/18 23:00",14.613,2018-10-07,"2018",280,"23",15.3696875,"arb5"
"10/8/18 0:00",14.421,2018-10-08,"2018",281,"0",15.1776875,"arb5"
"10/8/18 1:00",14.517,2018-10-08,"2018",281,"1",15.2736875,"arb5"
"10/8/18 2:00",14.23,2018-10-08,"2018",281,"2",14.9866875,"arb5"
"10/8/18 3:00",14.134,2018-10-08,"2018",281,"3",14.8906875,"arb5"
"10/8/18 4:00",14.038,2018-10-08,"2018",281,"4",14.7946875,"arb5"
"10/8/18 5:00",13.654,2018-10-08,"2018",281,"5",14.4106875,"arb5"
"10/8/18 6:00",13.076,2018-10-08,"2018",281,"6",13.8326875,"arb5"
"10/8/18 7:00",12.787,2018-10-08,"2018",281,"7",13.5436875,"arb5"
"10/8/18 8:00",12.787,2018-10-08,"2018",281,"8",13.5436875,"arb5"
"10/8/18 9:00",12.883,2018-10-08,"2018",281,"9",13.6396875,"arb5"
"10/8/18 10:00",13.365,2018-10-08,"2018",281,"10",14.1216875,"arb5"
"10/8/18 11:00",13.846,2018-10-08,"2018",281,"11",14.6026875,"arb5"
"10/8/18 12:00",13.654,2018-10-08,"2018",281,"12",14.4106875,"arb5"
"10/8/18 13:00",13.365,2018-10-08,"2018",281,"13",14.1216875,"arb5"
"10/8/18 14:00",13.173,2018-10-08,"2018",281,"14",13.9296875,"arb5"
"10/8/18 15:00",13.173,2018-10-08,"2018",281,"15",13.9296875,"arb5"
"10/8/18 16:00",12.883,2018-10-08,"2018",281,"16",13.6396875,"arb5"
"10/8/18 17:00",12.787,2018-10-08,"2018",281,"17",13.5436875,"arb5"
"10/8/18 18:00",12.787,2018-10-08,"2018",281,"18",13.5436875,"arb5"
"10/8/18 19:00",12.883,2018-10-08,"2018",281,"19",13.6396875,"arb5"
"10/8/18 20:00",12.98,2018-10-08,"2018",281,"20",13.7366875,"arb5"
"10/8/18 21:00",13.173,2018-10-08,"2018",281,"21",13.9296875,"arb5"
"10/8/18 22:00",13.076,2018-10-08,"2018",281,"22",13.8326875,"arb5"
"10/8/18 23:00",12.98,2018-10-08,"2018",281,"23",13.7366875,"arb5"
"10/9/18 0:00",12.883,2018-10-09,"2018",282,"0",13.6396875,"arb5"
"10/9/18 1:00",13.269,2018-10-09,"2018",282,"1",14.0256875,"arb5"
"10/9/18 2:00",13.654,2018-10-09,"2018",282,"2",14.4106875,"arb5"
"10/9/18 3:00",14.038,2018-10-09,"2018",282,"3",14.7946875,"arb5"
"10/9/18 4:00",14.804,2018-10-09,"2018",282,"4",15.5606875,"arb5"
"10/9/18 5:00",15.569,2018-10-09,"2018",282,"5",16.3256875,"arb5"
"10/9/18 6:00",16.046,2018-10-09,"2018",282,"6",16.8026875,"arb5"
"10/9/18 7:00",16.618,2018-10-09,"2018",282,"7",17.3746875,"arb5"
"10/9/18 8:00",17.665,2018-10-09,"2018",282,"8",18.4216875,"arb5"
"10/9/18 9:00",19.092,2018-10-09,"2018",282,"9",19.8486875,"arb5"
"10/9/18 10:00",22.142,2018-10-09,"2018",282,"10",22.8986875,"arb5"
"10/9/18 11:00",27.665,2018-10-09,"2018",282,"11",28.4216875,"arb5"
"10/9/18 12:00",24.641,2018-10-09,"2018",282,"12",25.3976875,"arb5"
"10/9/18 13:00",24.641,2018-10-09,"2018",282,"13",25.3976875,"arb5"
"10/9/18 14:00",24.545,2018-10-09,"2018",282,"14",25.3016875,"arb5"
"10/9/18 15:00",24.545,2018-10-09,"2018",282,"15",25.3016875,"arb5"
"10/9/18 16:00",24.351,2018-10-09,"2018",282,"16",25.1076875,"arb5"
"10/9/18 17:00",23.677,2018-10-09,"2018",282,"17",24.4336875,"arb5"
"10/9/18 18:00",20.996,2018-10-09,"2018",282,"18",21.7526875,"arb5"
"10/9/18 19:00",20.138,2018-10-09,"2018",282,"19",20.8946875,"arb5"
"10/9/18 20:00",20.424,2018-10-09,"2018",282,"20",21.1806875,"arb5"
"10/9/18 21:00",19.853,2018-10-09,"2018",282,"21",20.6096875,"arb5"
"10/9/18 22:00",19.662,2018-10-09,"2018",282,"22",20.4186875,"arb5"
"10/9/18 23:00",19.377,2018-10-09,"2018",282,"23",20.1336875,"arb5"
"10/10/18 0:00",19.377,2018-10-10,"2018",283,"0",20.1336875,"arb5"
"10/10/18 1:00",19.472,2018-10-10,"2018",283,"1",20.2286875,"arb5"
"10/10/18 2:00",19.472,2018-10-10,"2018",283,"2",20.2286875,"arb5"
"10/10/18 3:00",18.711,2018-10-10,"2018",283,"3",19.4676875,"arb5"
"10/10/18 4:00",18.14,2018-10-10,"2018",283,"4",18.8966875,"arb5"
"10/10/18 5:00",17.475,2018-10-10,"2018",283,"5",18.2316875,"arb5"
"10/10/18 6:00",18.14,2018-10-10,"2018",283,"6",18.8966875,"arb5"
"10/10/18 7:00",18.045,2018-10-10,"2018",283,"7",18.8016875,"arb5"
"10/10/18 8:00",19.282,2018-10-10,"2018",283,"8",20.0386875,"arb5"
"10/10/18 9:00",24.062,2018-10-10,"2018",283,"9",24.8186875,"arb5"
"10/10/18 10:00",30.457,2018-10-10,"2018",283,"10",31.2136875,"arb5"
"10/10/18 11:00",30.76,2018-10-10,"2018",283,"11",31.5166875,"arb5"
"10/10/18 12:00",26.097,2018-10-10,"2018",283,"12",26.8536875,"arb5"
"10/10/18 13:00",26.292,2018-10-10,"2018",283,"13",27.0486875,"arb5"
"10/10/18 14:00",26.488,2018-10-10,"2018",283,"14",27.2446875,"arb5"
"10/10/18 15:00",26.879,2018-10-10,"2018",283,"15",27.6356875,"arb5"
"10/10/18 16:00",25.319,2018-10-10,"2018",283,"16",26.0756875,"arb5"
"10/10/18 17:00",24.641,2018-10-10,"2018",283,"17",25.3976875,"arb5"
"10/10/18 18:00",21.76,2018-10-10,"2018",283,"18",22.5166875,"arb5"
"10/10/18 19:00",20.424,2018-10-10,"2018",283,"19",21.1806875,"arb5"
"10/10/18 20:00",21.091,2018-10-10,"2018",283,"20",21.8476875,"arb5"
"10/10/18 21:00",21.091,2018-10-10,"2018",283,"21",21.8476875,"arb5"
"10/10/18 22:00",20.329,2018-10-10,"2018",283,"22",21.0856875,"arb5"
"10/10/18 23:00",19.853,2018-10-10,"2018",283,"23",20.6096875,"arb5"
"10/11/18 0:00",20.805,2018-10-11,"2018",284,"0",21.5616875,"arb5"
"10/11/18 1:00",20.329,2018-10-11,"2018",284,"1",21.0856875,"arb5"
"10/11/18 2:00",18.806,2018-10-11,"2018",284,"2",19.5626875,"arb5"
"10/11/18 3:00",18.996,2018-10-11,"2018",284,"3",19.7526875,"arb5"
"10/11/18 4:00",19.282,2018-10-11,"2018",284,"4",20.0386875,"arb5"
"10/11/18 5:00",18.996,2018-10-11,"2018",284,"5",19.7526875,"arb5"
"10/11/18 6:00",17.094,2018-10-11,"2018",284,"6",17.8506875,"arb5"
"10/11/18 7:00",16.523,2018-10-11,"2018",284,"7",17.2796875,"arb5"
"10/11/18 8:00",16.332,2018-10-11,"2018",284,"8",17.0886875,"arb5"
"10/11/18 9:00",16.523,2018-10-11,"2018",284,"9",17.2796875,"arb5"
"10/11/18 10:00",16.999,2018-10-11,"2018",284,"10",17.7556875,"arb5"
"10/11/18 11:00",17.189,2018-10-11,"2018",284,"11",17.9456875,"arb5"
"10/11/18 12:00",18.521,2018-10-11,"2018",284,"12",19.2776875,"arb5"
"10/11/18 13:00",19.472,2018-10-11,"2018",284,"13",20.2286875,"arb5"
"10/11/18 14:00",18.996,2018-10-11,"2018",284,"14",19.7526875,"arb5"
"10/11/18 15:00",16.046,2018-10-11,"2018",284,"15",16.8026875,"arb5"
"10/11/18 16:00",15.282,2018-10-11,"2018",284,"16",16.0386875,"arb5"
"10/11/18 17:00",14.517,2018-10-11,"2018",284,"17",15.2736875,"arb5"
"10/11/18 18:00",14.804,2018-10-11,"2018",284,"18",15.5606875,"arb5"
"10/11/18 19:00",14.9,2018-10-11,"2018",284,"19",15.6566875,"arb5"
"10/11/18 20:00",14.325,2018-10-11,"2018",284,"20",15.0816875,"arb5"
"10/11/18 21:00",14.23,2018-10-11,"2018",284,"21",14.9866875,"arb5"
"10/11/18 22:00",13.942,2018-10-11,"2018",284,"22",14.6986875,"arb5"
"10/11/18 23:00",13.846,2018-10-11,"2018",284,"23",14.6026875,"arb5"
"10/12/18 0:00",13.942,2018-10-12,"2018",285,"0",14.6986875,"arb5"
"10/12/18 1:00",14.134,2018-10-12,"2018",285,"1",14.8906875,"arb5"
"10/12/18 2:00",14.134,2018-10-12,"2018",285,"2",14.8906875,"arb5"
"10/12/18 3:00",14.134,2018-10-12,"2018",285,"3",14.8906875,"arb5"
"10/12/18 4:00",14.134,2018-10-12,"2018",285,"4",14.8906875,"arb5"
"10/12/18 5:00",14.038,2018-10-12,"2018",285,"5",14.7946875,"arb5"
"10/12/18 6:00",13.942,2018-10-12,"2018",285,"6",14.6986875,"arb5"
"10/12/18 7:00",14.038,2018-10-12,"2018",285,"7",14.7946875,"arb5"
"10/12/18 8:00",14.038,2018-10-12,"2018",285,"8",14.7946875,"arb5"
"10/12/18 9:00",13.461,2018-10-12,"2018",285,"9",14.2176875,"arb5"
"10/12/18 10:00",13.173,2018-10-12,"2018",285,"10",13.9296875,"arb5"
"10/12/18 11:00",12.594,2018-10-12,"2018",285,"11",13.3506875,"arb5"
"10/12/18 12:00",12.304,2018-10-12,"2018",285,"12",13.0606875,"arb5"
"10/12/18 13:00",13.365,2018-10-12,"2018",285,"13",14.1216875,"arb5"
"10/12/18 14:00",15.378,2018-10-12,"2018",285,"14",16.1346875,"arb5"
"10/12/18 15:00",15.378,2018-10-12,"2018",285,"15",16.1346875,"arb5"
"10/12/18 16:00",14.709,2018-10-12,"2018",285,"16",15.4656875,"arb5"
"10/12/18 17:00",14.134,2018-10-12,"2018",285,"17",14.8906875,"arb5"
"10/12/18 18:00",11.041,2018-10-12,"2018",285,"18",11.7976875,"arb5"
"10/12/18 19:00",9.176,2018-10-12,"2018",285,"19",9.9326875,"arb5"
"10/12/18 20:00",8.879,2018-10-12,"2018",285,"20",9.6356875,"arb5"
"10/12/18 21:00",8.68,2018-10-12,"2018",285,"21",9.4366875,"arb5"
"10/12/18 22:00",8.581,2018-10-12,"2018",285,"22",9.3376875,"arb5"
"10/12/18 23:00",7.582,2018-10-12,"2018",285,"23",8.3386875,"arb5"
"10/13/18 0:00",7.381,2018-10-13,"2018",286,"0",8.1376875,"arb5"
"10/13/18 1:00",7.582,2018-10-13,"2018",286,"1",8.3386875,"arb5"
"10/13/18 2:00",7.28,2018-10-13,"2018",286,"2",8.0366875,"arb5"
"10/13/18 3:00",7.582,2018-10-13,"2018",286,"3",8.3386875,"arb5"
"10/13/18 4:00",8.082,2018-10-13,"2018",286,"4",8.8386875,"arb5"
"10/13/18 5:00",7.882,2018-10-13,"2018",286,"5",8.6386875,"arb5"
"10/13/18 6:00",7.882,2018-10-13,"2018",286,"6",8.6386875,"arb5"
"10/13/18 7:00",7.983,2018-10-13,"2018",286,"7",8.7396875,"arb5"
"10/13/18 8:00",8.382,2018-10-13,"2018",286,"8",9.1386875,"arb5"
"10/13/18 9:00",8.082,2018-10-13,"2018",286,"9",8.8386875,"arb5"
"10/13/18 10:00",8.282,2018-10-13,"2018",286,"10",9.0386875,"arb5"
"10/13/18 11:00",8.382,2018-10-13,"2018",286,"11",9.1386875,"arb5"
"10/13/18 12:00",8.182,2018-10-13,"2018",286,"12",8.9386875,"arb5"
"10/13/18 13:00",9.176,2018-10-13,"2018",286,"13",9.9326875,"arb5"
"10/13/18 14:00",10.161,2018-10-13,"2018",286,"14",10.9176875,"arb5"
"10/13/18 15:00",10.161,2018-10-13,"2018",286,"15",10.9176875,"arb5"
"10/13/18 16:00",10.455,2018-10-13,"2018",286,"16",11.2116875,"arb5"
"10/13/18 17:00",9.669,2018-10-13,"2018",286,"17",10.4256875,"arb5"
"10/13/18 18:00",7.582,2018-10-13,"2018",286,"18",8.3386875,"arb5"
"10/13/18 19:00",5.962,2018-10-13,"2018",286,"19",6.7186875,"arb5"
"10/13/18 20:00",5.757,2018-10-13,"2018",286,"20",6.5136875,"arb5"
"10/13/18 21:00",5.552,2018-10-13,"2018",286,"21",6.3086875,"arb5"
"10/13/18 22:00",5.037,2018-10-13,"2018",286,"22",5.7936875,"arb5"
"10/13/18 23:00",4.727,2018-10-13,"2018",286,"23",5.4836875,"arb5"
"10/14/18 0:00",4.415,2018-10-14,"2018",287,"0",5.1716875,"arb5"
"10/14/18 1:00",4.102,2018-10-14,"2018",287,"1",4.8586875,"arb5"
"10/14/18 2:00",4.102,2018-10-14,"2018",287,"2",4.8586875,"arb5"
"10/14/18 3:00",3.893,2018-10-14,"2018",287,"3",4.6496875,"arb5"
"10/14/18 4:00",3.155,2018-10-14,"2018",287,"4",3.9116875,"arb5"
"10/14/18 5:00",3.261,2018-10-14,"2018",287,"5",4.0176875,"arb5"
"10/14/18 6:00",3.049,2018-10-14,"2018",287,"6",3.8056875,"arb5"
"10/14/18 7:00",3.683,2018-10-14,"2018",287,"7",4.4396875,"arb5"
"10/14/18 8:00",4.831,2018-10-14,"2018",287,"8",5.5876875,"arb5"
"10/14/18 9:00",7.28,2018-10-14,"2018",287,"9",8.0366875,"arb5"
"10/14/18 10:00",8.978,2018-10-14,"2018",287,"10",9.7346875,"arb5"
"10/14/18 11:00",12.69,2018-10-14,"2018",287,"11",13.4466875,"arb5"
"10/14/18 12:00",12.207,2018-10-14,"2018",287,"12",12.9636875,"arb5"
"10/14/18 13:00",11.528,2018-10-14,"2018",287,"13",12.2846875,"arb5"
"10/14/18 14:00",13.365,2018-10-14,"2018",287,"14",14.1216875,"arb5"
"10/14/18 15:00",12.787,2018-10-14,"2018",287,"15",13.5436875,"arb5"
"10/14/18 16:00",12.594,2018-10-14,"2018",287,"16",13.3506875,"arb5"
"10/14/18 17:00",11.334,2018-10-14,"2018",287,"17",12.0906875,"arb5"
"10/14/18 18:00",8.182,2018-10-14,"2018",287,"18",8.9386875,"arb5"
"10/14/18 19:00",6.573,2018-10-14,"2018",287,"19",7.3296875,"arb5"
"10/14/18 20:00",6.064,2018-10-14,"2018",287,"20",6.8206875,"arb5"
"10/14/18 21:00",6.166,2018-10-14,"2018",287,"21",6.9226875,"arb5"
"10/14/18 22:00",5.347,2018-10-14,"2018",287,"22",6.1036875,"arb5"
"10/14/18 23:00",5.45,2018-10-14,"2018",287,"23",6.2066875,"arb5"
"10/15/18 0:00",5.037,2018-10-15,"2018",288,"0",5.7936875,"arb5"
"10/15/18 1:00",5.037,2018-10-15,"2018",288,"1",5.7936875,"arb5"
"10/15/18 2:00",4.102,2018-10-15,"2018",288,"2",4.8586875,"arb5"
"10/15/18 3:00",3.472,2018-10-15,"2018",288,"3",4.2286875,"arb5"
"10/15/18 4:00",3.788,2018-10-15,"2018",288,"4",4.5446875,"arb5"
"10/15/18 5:00",3.367,2018-10-15,"2018",288,"5",4.1236875,"arb5"
"10/15/18 6:00",3.472,2018-10-15,"2018",288,"6",4.2286875,"arb5"
"10/15/18 7:00",3.998,2018-10-15,"2018",288,"7",4.7546875,"arb5"
"10/15/18 8:00",7.079,2018-10-15,"2018",288,"8",7.8356875,"arb5"
"10/15/18 9:00",8.581,2018-10-15,"2018",288,"9",9.3376875,"arb5"
"10/15/18 10:00",8.978,2018-10-15,"2018",288,"10",9.7346875,"arb5"
"10/15/18 11:00",10.553,2018-10-15,"2018",288,"11",11.3096875,"arb5"
"10/15/18 12:00",14.038,2018-10-15,"2018",288,"12",14.7946875,"arb5"
"10/15/18 13:00",14.421,2018-10-15,"2018",288,"13",15.1776875,"arb5"
"10/15/18 14:00",15.187,2018-10-15,"2018",288,"14",15.9436875,"arb5"
"10/15/18 15:00",16.713,2018-10-15,"2018",288,"15",17.4696875,"arb5"
"10/15/18 16:00",16.523,2018-10-15,"2018",288,"16",17.2796875,"arb5"
"10/15/18 17:00",16.903,2018-10-15,"2018",288,"17",17.6596875,"arb5"
"10/15/18 18:00",17.379,2018-10-15,"2018",288,"18",18.1356875,"arb5"
"10/15/18 19:00",17.57,2018-10-15,"2018",288,"19",18.3266875,"arb5"
"10/15/18 20:00",17.665,2018-10-15,"2018",288,"20",18.4216875,"arb5"
"10/15/18 21:00",17.95,2018-10-15,"2018",288,"21",18.7066875,"arb5"
"10/15/18 22:00",18.521,2018-10-15,"2018",288,"22",19.2776875,"arb5"
"10/15/18 23:00",18.901,2018-10-15,"2018",288,"23",19.6576875,"arb5"
"10/16/18 0:00",19.092,2018-10-16,"2018",289,"0",19.8486875,"arb5"
"10/16/18 1:00",12.98,2018-10-16,"2018",289,"1",13.7366875,"arb5"
"10/16/18 2:00",11.528,2018-10-16,"2018",289,"2",12.2846875,"arb5"
"10/16/18 3:00",10.553,2018-10-16,"2018",289,"3",11.3096875,"arb5"
"10/16/18 4:00",8.978,2018-10-16,"2018",289,"4",9.7346875,"arb5"
"10/16/18 5:00",7.983,2018-10-16,"2018",289,"5",8.7396875,"arb5"
"10/16/18 6:00",7.28,2018-10-16,"2018",289,"6",8.0366875,"arb5"
"10/16/18 7:00",6.573,2018-10-16,"2018",289,"7",7.3296875,"arb5"
"10/16/18 8:00",6.37,2018-10-16,"2018",289,"8",7.1266875,"arb5"
"10/16/18 9:00",9.571,2018-10-16,"2018",289,"9",10.3276875,"arb5"
"10/16/18 10:00",18.996,2018-10-16,"2018",289,"10",19.7526875,"arb5"
"10/16/18 11:00",19.758,2018-10-16,"2018",289,"11",20.5146875,"arb5"
"10/16/18 12:00",11.625,2018-10-16,"2018",289,"12",12.3816875,"arb5"
"10/16/18 13:00",12.207,2018-10-16,"2018",289,"13",12.9636875,"arb5"
"10/16/18 14:00",12.883,2018-10-16,"2018",289,"14",13.6396875,"arb5"
"10/16/18 15:00",12.787,2018-10-16,"2018",289,"15",13.5436875,"arb5"
"10/16/18 16:00",12.11,2018-10-16,"2018",289,"16",12.8666875,"arb5"
"10/16/18 17:00",10.455,2018-10-16,"2018",289,"17",11.2116875,"arb5"
"10/16/18 18:00",7.481,2018-10-16,"2018",289,"18",8.2376875,"arb5"
"10/16/18 19:00",5.86,2018-10-16,"2018",289,"19",6.6166875,"arb5"
"10/16/18 20:00",5.244,2018-10-16,"2018",289,"20",6.0006875,"arb5"
"10/16/18 21:00",5.347,2018-10-16,"2018",289,"21",6.1036875,"arb5"
"10/16/18 22:00",5.037,2018-10-16,"2018",289,"22",5.7936875,"arb5"
"10/16/18 23:00",4.727,2018-10-16,"2018",289,"23",5.4836875,"arb5"
"10/17/18 0:00",5.037,2018-10-17,"2018",290,"0",5.7936875,"arb5"
"10/17/18 1:00",4.415,2018-10-17,"2018",290,"1",5.1716875,"arb5"
"10/17/18 2:00",3.788,2018-10-17,"2018",290,"2",4.5446875,"arb5"
"10/17/18 3:00",3.261,2018-10-17,"2018",290,"3",4.0176875,"arb5"
"10/17/18 4:00",3.049,2018-10-17,"2018",290,"4",3.8056875,"arb5"
"10/17/18 5:00",2.624,2018-10-17,"2018",290,"5",3.3806875,"arb5"
"10/17/18 6:00",2.73,2018-10-17,"2018",290,"6",3.4866875,"arb5"
"10/17/18 7:00",2.624,2018-10-17,"2018",290,"7",3.3806875,"arb5"
"10/17/18 8:00",3.893,2018-10-17,"2018",290,"8",4.6496875,"arb5"
"10/17/18 9:00",8.978,2018-10-17,"2018",290,"9",9.7346875,"arb5"
"10/17/18 10:00",15.76,2018-10-17,"2018",290,"10",16.5166875,"arb5"
"10/17/18 11:00",19.758,2018-10-17,"2018",290,"11",20.5146875,"arb5"
"10/17/18 12:00",13.846,2018-10-17,"2018",290,"12",14.6026875,"arb5"
"10/17/18 13:00",14.709,2018-10-17,"2018",290,"13",15.4656875,"arb5"
"10/17/18 14:00",15.378,2018-10-17,"2018",290,"14",16.1346875,"arb5"
"10/17/18 15:00",15.473,2018-10-17,"2018",290,"15",16.2296875,"arb5"
"10/17/18 16:00",14.804,2018-10-17,"2018",290,"16",15.5606875,"arb5"
"10/17/18 17:00",13.461,2018-10-17,"2018",290,"17",14.2176875,"arb5"
"10/17/18 18:00",9.176,2018-10-17,"2018",290,"18",9.9326875,"arb5"
"10/17/18 19:00",8.779,2018-10-17,"2018",290,"19",9.5356875,"arb5"
"10/17/18 20:00",8.282,2018-10-17,"2018",290,"20",9.0386875,"arb5"
"10/17/18 21:00",7.179,2018-10-17,"2018",290,"21",7.9356875,"arb5"
"10/17/18 22:00",6.674,2018-10-17,"2018",290,"22",7.4306875,"arb5"
"10/17/18 23:00",6.064,2018-10-17,"2018",290,"23",6.8206875,"arb5"
"10/18/18 0:00",6.471,2018-10-18,"2018",291,"0",7.2276875,"arb5"
"10/18/18 1:00",5.244,2018-10-18,"2018",291,"1",6.0006875,"arb5"
"10/18/18 2:00",5.552,2018-10-18,"2018",291,"2",6.3086875,"arb5"
"10/18/18 3:00",3.472,2018-10-18,"2018",291,"3",4.2286875,"arb5"
"10/18/18 4:00",2.943,2018-10-18,"2018",291,"4",3.6996875,"arb5"
"10/18/18 5:00",2.41,2018-10-18,"2018",291,"5",3.1666875,"arb5"
"10/18/18 6:00",2.195,2018-10-18,"2018",291,"6",2.9516875,"arb5"
"10/18/18 7:00",1.872,2018-10-18,"2018",291,"7",2.6286875,"arb5"
"10/18/18 8:00",2.195,2018-10-18,"2018",291,"8",2.9516875,"arb5"
"10/18/18 9:00",4.727,2018-10-18,"2018",291,"9",5.4836875,"arb5"
"10/18/18 10:00",13.654,2018-10-18,"2018",291,"10",14.4106875,"arb5"
"10/18/18 11:00",13.269,2018-10-18,"2018",291,"11",14.0256875,"arb5"
"10/18/18 12:00",6.268,2018-10-18,"2018",291,"12",7.0246875,"arb5"
"10/18/18 13:00",6.978,2018-10-18,"2018",291,"13",7.7346875,"arb5"
"10/18/18 14:00",7.179,2018-10-18,"2018",291,"14",7.9356875,"arb5"
"10/18/18 15:00",7.179,2018-10-18,"2018",291,"15",7.9356875,"arb5"
"10/18/18 16:00",6.573,2018-10-18,"2018",291,"16",7.3296875,"arb5"
"10/18/18 17:00",5.655,2018-10-18,"2018",291,"17",6.4116875,"arb5"
"10/18/18 18:00",2.73,2018-10-18,"2018",291,"18",3.4866875,"arb5"
"10/18/18 19:00",1.003,2018-10-18,"2018",291,"19",1.7596875,"arb5"
"10/18/18 20:00",0.121,2018-10-18,"2018",291,"20",0.8776875,"arb5"
"10/18/18 21:00",-0.213,2018-10-18,"2018",291,"21",0.5436875,"arb5"
"10/18/18 22:00",-0.437,2018-10-18,"2018",291,"22",0.3196875,"arb5"
"10/18/18 23:00",-0.549,2018-10-18,"2018",291,"23",0.2076875,"arb5"
"10/19/18 0:00",-0.774,2018-10-19,"2018",292,"0",-0.0173125000000002,"arb5"
"10/19/18 1:00",-0.662,2018-10-19,"2018",292,"1",0.0946874999999998,"arb5"
"10/19/18 2:00",-1.001,2018-10-19,"2018",292,"2",-0.2443125,"arb5"
"10/19/18 3:00",-1.114,2018-10-19,"2018",292,"3",-0.3573125,"arb5"
"10/19/18 4:00",-1.57,2018-10-19,"2018",292,"4",-0.8133125,"arb5"
"10/19/18 5:00",-1.341,2018-10-19,"2018",292,"5",-0.5843125,"arb5"
"10/19/18 6:00",-1.228,2018-10-19,"2018",292,"6",-0.4713125,"arb5"
"10/19/18 7:00",-1.114,2018-10-19,"2018",292,"7",-0.3573125,"arb5"
"10/19/18 8:00",1.003,2018-10-19,"2018",292,"8",1.7596875,"arb5"
"10/19/18 9:00",6.37,2018-10-19,"2018",292,"9",7.1266875,"arb5"
"10/19/18 10:00",16.903,2018-10-19,"2018",292,"10",17.6596875,"arb5"
"10/19/18 11:00",17.76,2018-10-19,"2018",292,"11",18.5166875,"arb5"
"10/19/18 12:00",11.722,2018-10-19,"2018",292,"12",12.4786875,"arb5"
"10/19/18 13:00",12.69,2018-10-19,"2018",292,"13",13.4466875,"arb5"
"10/19/18 14:00",14.23,2018-10-19,"2018",292,"14",14.9866875,"arb5"
"10/19/18 15:00",14.517,2018-10-19,"2018",292,"15",15.2736875,"arb5"
"10/19/18 16:00",13.654,2018-10-19,"2018",292,"16",14.4106875,"arb5"
"10/19/18 17:00",13.269,2018-10-19,"2018",292,"17",14.0256875,"arb5"
"10/19/18 18:00",10.259,2018-10-19,"2018",292,"18",11.0156875,"arb5"
"10/19/18 19:00",10.063,2018-10-19,"2018",292,"19",10.8196875,"arb5"
"10/19/18 20:00",9.965,2018-10-19,"2018",292,"20",10.7216875,"arb5"
"10/19/18 21:00",10.651,2018-10-19,"2018",292,"21",11.4076875,"arb5"
"10/19/18 22:00",10.455,2018-10-19,"2018",292,"22",11.2116875,"arb5"
"10/19/18 23:00",10.161,2018-10-19,"2018",292,"23",10.9176875,"arb5"
"10/20/18 0:00",10.651,2018-10-20,"2018",293,"0",11.4076875,"arb5"
"10/20/18 1:00",10.455,2018-10-20,"2018",293,"1",11.2116875,"arb5"
"10/20/18 2:00",10.455,2018-10-20,"2018",293,"2",11.2116875,"arb5"
"10/20/18 3:00",11.236,2018-10-20,"2018",293,"3",11.9926875,"arb5"
"10/20/18 4:00",12.497,2018-10-20,"2018",293,"4",13.2536875,"arb5"
"10/20/18 5:00",12.883,2018-10-20,"2018",293,"5",13.6396875,"arb5"
"10/20/18 6:00",12.98,2018-10-20,"2018",293,"6",13.7366875,"arb5"
"10/20/18 7:00",12.883,2018-10-20,"2018",293,"7",13.6396875,"arb5"
"10/20/18 8:00",13.076,2018-10-20,"2018",293,"8",13.8326875,"arb5"
"10/20/18 9:00",14.421,2018-10-20,"2018",293,"9",15.1776875,"arb5"
"10/20/18 10:00",15.187,2018-10-20,"2018",293,"10",15.9436875,"arb5"
"10/20/18 11:00",15.187,2018-10-20,"2018",293,"11",15.9436875,"arb5"
"10/20/18 12:00",17.284,2018-10-20,"2018",293,"12",18.0406875,"arb5"
"10/20/18 13:00",17.95,2018-10-20,"2018",293,"13",18.7066875,"arb5"
"10/20/18 14:00",16.523,2018-10-20,"2018",293,"14",17.2796875,"arb5"
"10/20/18 15:00",16.046,2018-10-20,"2018",293,"15",16.8026875,"arb5"
"10/20/18 16:00",15.473,2018-10-20,"2018",293,"16",16.2296875,"arb5"
"10/20/18 17:00",14.421,2018-10-20,"2018",293,"17",15.1776875,"arb5"
"10/20/18 18:00",12.11,2018-10-20,"2018",293,"18",12.8666875,"arb5"
"10/20/18 19:00",8.978,2018-10-20,"2018",293,"19",9.7346875,"arb5"
"10/20/18 20:00",8.082,2018-10-20,"2018",293,"20",8.8386875,"arb5"
"10/20/18 21:00",7.381,2018-10-20,"2018",293,"21",8.1376875,"arb5"
"10/20/18 22:00",6.674,2018-10-20,"2018",293,"22",7.4306875,"arb5"
"10/20/18 23:00",5.552,2018-10-20,"2018",293,"23",6.3086875,"arb5"
"10/21/18 0:00",4.623,2018-10-21,"2018",294,"0",5.3796875,"arb5"
"10/21/18 1:00",6.268,2018-10-21,"2018",294,"1",7.0246875,"arb5"
"10/21/18 2:00",7.381,2018-10-21,"2018",294,"2",8.1376875,"arb5"
"10/21/18 3:00",7.481,2018-10-21,"2018",294,"3",8.2376875,"arb5"
"10/21/18 4:00",7.782,2018-10-21,"2018",294,"4",8.5386875,"arb5"
"10/21/18 5:00",8.68,2018-10-21,"2018",294,"5",9.4366875,"arb5"
"10/21/18 6:00",7.983,2018-10-21,"2018",294,"6",8.7396875,"arb5"
"10/21/18 7:00",7.079,2018-10-21,"2018",294,"7",7.8356875,"arb5"
"10/21/18 8:00",5.86,2018-10-21,"2018",294,"8",6.6166875,"arb5"
"10/21/18 9:00",5.655,2018-10-21,"2018",294,"9",6.4116875,"arb5"
"10/21/18 10:00",6.268,2018-10-21,"2018",294,"10",7.0246875,"arb5"
"10/21/18 11:00",7.28,2018-10-21,"2018",294,"11",8.0366875,"arb5"
"10/21/18 12:00",7.682,2018-10-21,"2018",294,"12",8.4386875,"arb5"
"10/21/18 13:00",8.481,2018-10-21,"2018",294,"13",9.2376875,"arb5"
"10/21/18 14:00",7.28,2018-10-21,"2018",294,"14",8.0366875,"arb5"
"10/21/18 15:00",6.775,2018-10-21,"2018",294,"15",7.5316875,"arb5"
"10/21/18 16:00",6.471,2018-10-21,"2018",294,"16",7.2276875,"arb5"
"10/21/18 17:00",4.831,2018-10-21,"2018",294,"17",5.5876875,"arb5"
"10/21/18 18:00",3.998,2018-10-21,"2018",294,"18",4.7546875,"arb5"
"10/21/18 19:00",3.049,2018-10-21,"2018",294,"19",3.8056875,"arb5"
"10/21/18 20:00",1.548,2018-10-21,"2018",294,"20",2.3046875,"arb5"
"10/21/18 21:00",1.221,2018-10-21,"2018",294,"21",1.9776875,"arb5"
"10/21/18 22:00",-1.001,2018-10-21,"2018",294,"22",-0.2443125,"arb5"
"10/21/18 23:00",-1.001,2018-10-21,"2018",294,"23",-0.2443125,"arb5"
"10/22/18 0:00",-1.228,2018-10-22,"2018",295,"0",-0.4713125,"arb5"
"10/22/18 1:00",-1.456,2018-10-22,"2018",295,"1",-0.6993125,"arb5"
"10/22/18 2:00",-1.914,2018-10-22,"2018",295,"2",-1.1573125,"arb5"
"10/22/18 3:00",-2.377,2018-10-22,"2018",295,"3",-1.6203125,"arb5"
"10/22/18 4:00",-2.962,2018-10-22,"2018",295,"4",-2.2053125,"arb5"
"10/22/18 5:00",-3.197,2018-10-22,"2018",295,"5",-2.4403125,"arb5"
"10/22/18 6:00",-2.844,2018-10-22,"2018",295,"6",-2.0873125,"arb5"
"10/22/18 7:00",-2.844,2018-10-22,"2018",295,"7",-2.0873125,"arb5"
"10/22/18 8:00",-2.261,2018-10-22,"2018",295,"8",-1.5043125,"arb5"
"10/22/18 9:00",2.517,2018-10-22,"2018",295,"9",3.2736875,"arb5"
"10/22/18 10:00",15.187,2018-10-22,"2018",295,"10",15.9436875,"arb5"
"10/22/18 11:00",15.569,2018-10-22,"2018",295,"11",16.3256875,"arb5"
"10/22/18 12:00",8.68,2018-10-22,"2018",295,"12",9.4366875,"arb5"
"10/22/18 13:00",10.161,2018-10-22,"2018",295,"13",10.9176875,"arb5"
"10/22/18 14:00",10.357,2018-10-22,"2018",295,"14",11.1136875,"arb5"
"10/22/18 15:00",10.748,2018-10-22,"2018",295,"15",11.5046875,"arb5"
"10/22/18 16:00",8.581,2018-10-22,"2018",295,"16",9.3376875,"arb5"
"10/22/18 17:00",7.882,2018-10-22,"2018",295,"17",8.6386875,"arb5"
"10/22/18 18:00",5.141,2018-10-22,"2018",295,"18",5.8976875,"arb5"
"10/22/18 19:00",4.311,2018-10-22,"2018",295,"19",5.0676875,"arb5"
"10/22/18 20:00",2.303,2018-10-22,"2018",295,"20",3.0596875,"arb5"
"10/22/18 21:00",2.517,2018-10-22,"2018",295,"21",3.2736875,"arb5"
"10/22/18 22:00",1.439,2018-10-22,"2018",295,"22",2.1956875,"arb5"
"10/22/18 23:00",0.784,2018-10-22,"2018",295,"23",1.5406875,"arb5"
"10/23/18 0:00",0.674,2018-10-23,"2018",296,"0",1.4306875,"arb5"
"10/23/18 1:00",-0.102,2018-10-23,"2018",296,"1",0.6546875,"arb5"
"10/23/18 2:00",-0.213,2018-10-23,"2018",296,"2",0.5436875,"arb5"
"10/23/18 3:00",1.003,2018-10-23,"2018",296,"3",1.7596875,"arb5"
"10/23/18 4:00",2.303,2018-10-23,"2018",296,"4",3.0596875,"arb5"
"10/23/18 5:00",2.943,2018-10-23,"2018",296,"5",3.6996875,"arb5"
"10/23/18 6:00",3.155,2018-10-23,"2018",296,"6",3.9116875,"arb5"
"10/23/18 7:00",3.367,2018-10-23,"2018",296,"7",4.1236875,"arb5"
"10/23/18 8:00",4.415,2018-10-23,"2018",296,"8",5.1716875,"arb5"
"10/23/18 9:00",8.879,2018-10-23,"2018",296,"9",9.6356875,"arb5"
"10/23/18 10:00",12.594,2018-10-23,"2018",296,"10",13.3506875,"arb5"
"10/23/18 11:00",12.69,2018-10-23,"2018",296,"11",13.4466875,"arb5"
"10/23/18 12:00",12.497,2018-10-23,"2018",296,"12",13.2536875,"arb5"
"10/23/18 13:00",12.11,2018-10-23,"2018",296,"13",12.8666875,"arb5"
"10/23/18 14:00",11.041,2018-10-23,"2018",296,"14",11.7976875,"arb5"
"10/23/18 15:00",11.139,2018-10-23,"2018",296,"15",11.8956875,"arb5"
"10/23/18 16:00",10.748,2018-10-23,"2018",296,"16",11.5046875,"arb5"
"10/23/18 17:00",10.259,2018-10-23,"2018",296,"17",11.0156875,"arb5"
"10/23/18 18:00",8.879,2018-10-23,"2018",296,"18",9.6356875,"arb5"
"10/23/18 19:00",9.275,2018-10-23,"2018",296,"19",10.0316875,"arb5"
"10/23/18 20:00",6.877,2018-10-23,"2018",296,"20",7.6336875,"arb5"
"10/23/18 21:00",5.86,2018-10-23,"2018",296,"21",6.6166875,"arb5"
"10/23/18 22:00",7.28,2018-10-23,"2018",296,"22",8.0366875,"arb5"
"10/23/18 23:00",7.179,2018-10-23,"2018",296,"23",7.9356875,"arb5"
"10/24/18 0:00",6.674,2018-10-24,"2018",297,"0",7.4306875,"arb5"
"10/24/18 1:00",6.573,2018-10-24,"2018",297,"1",7.3296875,"arb5"
"10/24/18 2:00",5.552,2018-10-24,"2018",297,"2",6.3086875,"arb5"
"10/24/18 3:00",4.831,2018-10-24,"2018",297,"3",5.5876875,"arb5"
"10/24/18 4:00",4.831,2018-10-24,"2018",297,"4",5.5876875,"arb5"
"10/24/18 5:00",5.037,2018-10-24,"2018",297,"5",5.7936875,"arb5"
"10/24/18 6:00",4.934,2018-10-24,"2018",297,"6",5.6906875,"arb5"
"10/24/18 7:00",5.655,2018-10-24,"2018",297,"7",6.4116875,"arb5"
"10/24/18 8:00",5.655,2018-10-24,"2018",297,"8",6.4116875,"arb5"
"10/24/18 9:00",6.268,2018-10-24,"2018",297,"9",7.0246875,"arb5"
"10/24/18 10:00",6.978,2018-10-24,"2018",297,"10",7.7346875,"arb5"
"10/24/18 11:00",8.382,2018-10-24,"2018",297,"11",9.1386875,"arb5"
"10/24/18 12:00",7.28,2018-10-24,"2018",297,"12",8.0366875,"arb5"
"10/24/18 13:00",7.28,2018-10-24,"2018",297,"13",8.0366875,"arb5"
"10/24/18 14:00",7.682,2018-10-24,"2018",297,"14",8.4386875,"arb5"
"10/24/18 15:00",7.582,2018-10-24,"2018",297,"15",8.3386875,"arb5"
"10/24/18 16:00",7.983,2018-10-24,"2018",297,"16",8.7396875,"arb5"
"10/24/18 17:00",6.877,2018-10-24,"2018",297,"17",7.6336875,"arb5"
"10/24/18 18:00",6.471,2018-10-24,"2018",297,"18",7.2276875,"arb5"
"10/24/18 19:00",5.655,2018-10-24,"2018",297,"19",6.4116875,"arb5"
"10/24/18 20:00",4.934,2018-10-24,"2018",297,"20",5.6906875,"arb5"
"10/24/18 21:00",3.683,2018-10-24,"2018",297,"21",4.4396875,"arb5"
"10/24/18 22:00",2.73,2018-10-24,"2018",297,"22",3.4866875,"arb5"
"10/24/18 23:00",3.683,2018-10-24,"2018",297,"23",4.4396875,"arb5"
"10/25/18 0:00",2.517,2018-10-25,"2018",298,"0",3.2736875,"arb5"
"10/25/18 1:00",1.33,2018-10-25,"2018",298,"1",2.0866875,"arb5"
"10/25/18 2:00",0.121,2018-10-25,"2018",298,"2",0.8776875,"arb5"
"10/25/18 3:00",0.01,2018-10-25,"2018",298,"3",0.7666875,"arb5"
"10/25/18 4:00",-0.325,2018-10-25,"2018",298,"4",0.4316875,"arb5"
"10/25/18 5:00",-0.213,2018-10-25,"2018",298,"5",0.5436875,"arb5"
"10/25/18 6:00",-0.437,2018-10-25,"2018",298,"6",0.3196875,"arb5"
"10/25/18 7:00",-0.325,2018-10-25,"2018",298,"7",0.4316875,"arb5"
"10/25/18 8:00",1.112,2018-10-25,"2018",298,"8",1.8686875,"arb5"
"10/25/18 9:00",4.311,2018-10-25,"2018",298,"9",5.0676875,"arb5"
"10/25/18 10:00",9.275,2018-10-25,"2018",298,"10",10.0316875,"arb5"
"10/25/18 11:00",10.063,2018-10-25,"2018",298,"11",10.8196875,"arb5"
"10/25/18 12:00",7.582,2018-10-25,"2018",298,"12",8.3386875,"arb5"
"10/25/18 13:00",8.978,2018-10-25,"2018",298,"13",9.7346875,"arb5"
"10/25/18 14:00",9.373,2018-10-25,"2018",298,"14",10.1296875,"arb5"
"10/25/18 15:00",8.879,2018-10-25,"2018",298,"15",9.6356875,"arb5"
"10/25/18 16:00",7.782,2018-10-25,"2018",298,"16",8.5386875,"arb5"
"10/25/18 17:00",5.86,2018-10-25,"2018",298,"17",6.6166875,"arb5"
"10/25/18 18:00",4.831,2018-10-25,"2018",298,"18",5.5876875,"arb5"
"10/25/18 19:00",3.788,2018-10-25,"2018",298,"19",4.5446875,"arb5"
"10/25/18 20:00",3.049,2018-10-25,"2018",298,"20",3.8056875,"arb5"
"10/25/18 21:00",2.943,2018-10-25,"2018",298,"21",3.6996875,"arb5"
"10/25/18 22:00",3.683,2018-10-25,"2018",298,"22",4.4396875,"arb5"
"10/25/18 23:00",3.261,2018-10-25,"2018",298,"23",4.0176875,"arb5"
"10/26/18 0:00",2.837,2018-10-26,"2018",299,"0",3.5936875,"arb5"
"10/26/18 1:00",1.764,2018-10-26,"2018",299,"1",2.5206875,"arb5"
"10/26/18 2:00",-1.001,2018-10-26,"2018",299,"2",-0.2443125,"arb5"
"10/26/18 3:00",-1.914,2018-10-26,"2018",299,"3",-1.1573125,"arb5"
"10/26/18 4:00",-2.261,2018-10-26,"2018",299,"4",-1.5043125,"arb5"
"10/26/18 5:00",-2.962,2018-10-26,"2018",299,"5",-2.2053125,"arb5"
"10/26/18 6:00",-3.553,2018-10-26,"2018",299,"6",-2.7963125,"arb5"
"10/26/18 7:00",-4.152,2018-10-26,"2018",299,"7",-3.3953125,"arb5"
"10/26/18 8:00",-3.079,2018-10-26,"2018",299,"8",-2.3223125,"arb5"
"10/26/18 9:00",1.33,2018-10-26,"2018",299,"9",2.0866875,"arb5"
"10/26/18 10:00",11.722,2018-10-26,"2018",299,"10",12.4786875,"arb5"
"10/26/18 11:00",13.846,2018-10-26,"2018",299,"11",14.6026875,"arb5"
"10/26/18 12:00",5.552,2018-10-26,"2018",299,"12",6.3086875,"arb5"
"10/26/18 13:00",7.28,2018-10-26,"2018",299,"13",8.0366875,"arb5"
"10/26/18 14:00",8.082,2018-10-26,"2018",299,"14",8.8386875,"arb5"
"10/26/18 15:00",6.877,2018-10-26,"2018",299,"15",7.6336875,"arb5"
"10/26/18 16:00",6.37,2018-10-26,"2018",299,"16",7.1266875,"arb5"
"10/26/18 17:00",3.998,2018-10-26,"2018",299,"17",4.7546875,"arb5"
"10/26/18 18:00",2.088,2018-10-26,"2018",299,"18",2.8446875,"arb5"
"10/26/18 19:00",1.872,2018-10-26,"2018",299,"19",2.6286875,"arb5"
"10/26/18 20:00",1.548,2018-10-26,"2018",299,"20",2.3046875,"arb5"
"10/26/18 21:00",2.303,2018-10-26,"2018",299,"21",3.0596875,"arb5"
"10/26/18 22:00",2.517,2018-10-26,"2018",299,"22",3.2736875,"arb5"
"10/26/18 23:00",1.656,2018-10-26,"2018",299,"23",2.4126875,"arb5"
"10/27/18 0:00",2.195,2018-10-27,"2018",300,"0",2.9516875,"arb5"
"10/27/18 1:00",2.624,2018-10-27,"2018",300,"1",3.3806875,"arb5"
"10/27/18 2:00",2.73,2018-10-27,"2018",300,"2",3.4866875,"arb5"
"10/27/18 3:00",3.049,2018-10-27,"2018",300,"3",3.8056875,"arb5"
"10/27/18 4:00",5.45,2018-10-27,"2018",300,"4",6.2066875,"arb5"
"10/27/18 5:00",6.37,2018-10-27,"2018",300,"5",7.1266875,"arb5"
"10/27/18 6:00",7.28,2018-10-27,"2018",300,"6",8.0366875,"arb5"
"10/27/18 7:00",6.877,2018-10-27,"2018",300,"7",7.6336875,"arb5"
"10/27/18 8:00",6.877,2018-10-27,"2018",300,"8",7.6336875,"arb5"
"10/27/18 9:00",7.582,2018-10-27,"2018",300,"9",8.3386875,"arb5"
"10/27/18 10:00",7.983,2018-10-27,"2018",300,"10",8.7396875,"arb5"
"10/27/18 11:00",8.082,2018-10-27,"2018",300,"11",8.8386875,"arb5"
"10/27/18 12:00",8.68,2018-10-27,"2018",300,"12",9.4366875,"arb5"
"10/27/18 13:00",9.373,2018-10-27,"2018",300,"13",10.1296875,"arb5"
"10/27/18 14:00",9.669,2018-10-27,"2018",300,"14",10.4256875,"arb5"
"10/27/18 15:00",9.768,2018-10-27,"2018",300,"15",10.5246875,"arb5"
"10/27/18 16:00",9.669,2018-10-27,"2018",300,"16",10.4256875,"arb5"
"10/27/18 17:00",9.669,2018-10-27,"2018",300,"17",10.4256875,"arb5"
"10/27/18 18:00",9.571,2018-10-27,"2018",300,"18",10.3276875,"arb5"
"10/27/18 19:00",9.669,2018-10-27,"2018",300,"19",10.4256875,"arb5"
"10/27/18 20:00",9.571,2018-10-27,"2018",300,"20",10.3276875,"arb5"
"10/27/18 21:00",9.571,2018-10-27,"2018",300,"21",10.3276875,"arb5"
"10/27/18 22:00",9.472,2018-10-27,"2018",300,"22",10.2286875,"arb5"
"10/27/18 23:00",9.472,2018-10-27,"2018",300,"23",10.2286875,"arb5"
"10/28/18 0:00",9.275,2018-10-28,"2018",301,"0",10.0316875,"arb5"
"10/28/18 1:00",7.782,2018-10-28,"2018",301,"1",8.5386875,"arb5"
"10/28/18 2:00",6.877,2018-10-28,"2018",301,"2",7.6336875,"arb5"
"10/28/18 3:00",5.86,2018-10-28,"2018",301,"3",6.6166875,"arb5"
"10/28/18 4:00",5.347,2018-10-28,"2018",301,"4",6.1036875,"arb5"
"10/28/18 5:00",5.244,2018-10-28,"2018",301,"5",6.0006875,"arb5"
"10/28/18 6:00",5.244,2018-10-28,"2018",301,"6",6.0006875,"arb5"
"10/28/18 7:00",5.244,2018-10-28,"2018",301,"7",6.0006875,"arb5"
"10/28/18 8:00",5.45,2018-10-28,"2018",301,"8",6.2066875,"arb5"
"10/28/18 9:00",6.166,2018-10-28,"2018",301,"9",6.9226875,"arb5"
"10/28/18 10:00",7.079,2018-10-28,"2018",301,"10",7.8356875,"arb5"
"10/28/18 11:00",8.978,2018-10-28,"2018",301,"11",9.7346875,"arb5"
"10/28/18 12:00",9.275,2018-10-28,"2018",301,"12",10.0316875,"arb5"
"10/28/18 13:00",9.866,2018-10-28,"2018",301,"13",10.6226875,"arb5"
"10/28/18 14:00",11.722,2018-10-28,"2018",301,"14",12.4786875,"arb5"
"10/28/18 15:00",12.401,2018-10-28,"2018",301,"15",13.1576875,"arb5"
"10/28/18 16:00",11.722,2018-10-28,"2018",301,"16",12.4786875,"arb5"
"10/28/18 17:00",10.455,2018-10-28,"2018",301,"17",11.2116875,"arb5"
"10/28/18 18:00",9.571,2018-10-28,"2018",301,"18",10.3276875,"arb5"
"10/28/18 19:00",8.879,2018-10-28,"2018",301,"19",9.6356875,"arb5"
"10/28/18 20:00",8.779,2018-10-28,"2018",301,"20",9.5356875,"arb5"
"10/28/18 21:00",8.779,2018-10-28,"2018",301,"21",9.5356875,"arb5"
"10/28/18 22:00",8.082,2018-10-28,"2018",301,"22",8.8386875,"arb5"
"10/28/18 23:00",7.582,2018-10-28,"2018",301,"23",8.3386875,"arb5"
"10/29/18 0:00",7.381,2018-10-29,"2018",302,"0",8.1376875,"arb5"
"10/29/18 1:00",5.037,2018-10-29,"2018",302,"1",5.7936875,"arb5"
"10/29/18 2:00",6.37,2018-10-29,"2018",302,"2",7.1266875,"arb5"
"10/29/18 3:00",6.978,2018-10-29,"2018",302,"3",7.7346875,"arb5"
"10/29/18 4:00",7.179,2018-10-29,"2018",302,"4",7.9356875,"arb5"
"10/29/18 5:00",7.079,2018-10-29,"2018",302,"5",7.8356875,"arb5"
"10/29/18 6:00",7.179,2018-10-29,"2018",302,"6",7.9356875,"arb5"
"10/29/18 7:00",6.674,2018-10-29,"2018",302,"7",7.4306875,"arb5"
"10/29/18 8:00",7.983,2018-10-29,"2018",302,"8",8.7396875,"arb5"
"10/29/18 9:00",8.382,2018-10-29,"2018",302,"9",9.1386875,"arb5"
"10/29/18 10:00",9.768,2018-10-29,"2018",302,"10",10.5246875,"arb5"
"10/29/18 11:00",17.094,2018-10-29,"2018",302,"11",17.8506875,"arb5"
"10/29/18 12:00",12.787,2018-10-29,"2018",302,"12",13.5436875,"arb5"
"10/29/18 13:00",12.304,2018-10-29,"2018",302,"13",13.0606875,"arb5"
"10/29/18 14:00",12.304,2018-10-29,"2018",302,"14",13.0606875,"arb5"
"10/29/18 15:00",13.461,2018-10-29,"2018",302,"15",14.2176875,"arb5"
"10/29/18 16:00",12.013,2018-10-29,"2018",302,"16",12.7696875,"arb5"
"10/29/18 17:00",10.259,2018-10-29,"2018",302,"17",11.0156875,"arb5"
"10/29/18 18:00",9.768,2018-10-29,"2018",302,"18",10.5246875,"arb5"
"10/29/18 19:00",9.373,2018-10-29,"2018",302,"19",10.1296875,"arb5"
"10/29/18 20:00",6.064,2018-10-29,"2018",302,"20",6.8206875,"arb5"
"10/29/18 21:00",4.727,2018-10-29,"2018",302,"21",5.4836875,"arb5"
"10/29/18 22:00",4.519,2018-10-29,"2018",302,"22",5.2756875,"arb5"
"10/29/18 23:00",3.998,2018-10-29,"2018",302,"23",4.7546875,"arb5"
"10/30/18 0:00",3.367,2018-10-30,"2018",303,"0",4.1236875,"arb5"
"10/30/18 1:00",2.943,2018-10-30,"2018",303,"1",3.6996875,"arb5"
"10/30/18 2:00",3.261,2018-10-30,"2018",303,"2",4.0176875,"arb5"
"10/30/18 3:00",2.73,2018-10-30,"2018",303,"3",3.4866875,"arb5"
"10/30/18 4:00",3.367,2018-10-30,"2018",303,"4",4.1236875,"arb5"
"10/30/18 5:00",3.998,2018-10-30,"2018",303,"5",4.7546875,"arb5"
"10/30/18 6:00",2.624,2018-10-30,"2018",303,"6",3.3806875,"arb5"
"10/30/18 7:00",3.998,2018-10-30,"2018",303,"7",4.7546875,"arb5"
"10/30/18 8:00",4.727,2018-10-30,"2018",303,"8",5.4836875,"arb5"
"10/30/18 9:00",5.244,2018-10-30,"2018",303,"9",6.0006875,"arb5"
"10/30/18 10:00",15.569,2018-10-30,"2018",303,"10",16.3256875,"arb5"
"10/30/18 11:00",13.846,2018-10-30,"2018",303,"11",14.6026875,"arb5"
"10/30/18 12:00",10.063,2018-10-30,"2018",303,"12",10.8196875,"arb5"
"10/30/18 13:00",9.571,2018-10-30,"2018",303,"13",10.3276875,"arb5"
"10/30/18 14:00",9.472,2018-10-30,"2018",303,"14",10.2286875,"arb5"
"10/30/18 15:00",9.176,2018-10-30,"2018",303,"15",9.9326875,"arb5"
"10/30/18 16:00",8.581,2018-10-30,"2018",303,"16",9.3376875,"arb5"
"10/30/18 17:00",6.674,2018-10-30,"2018",303,"17",7.4306875,"arb5"
"10/30/18 18:00",3.998,2018-10-30,"2018",303,"18",4.7546875,"arb5"
"10/30/18 19:00",1.548,2018-10-30,"2018",303,"19",2.3046875,"arb5"
"10/30/18 20:00",1.003,2018-10-30,"2018",303,"20",1.7596875,"arb5"
"10/30/18 21:00",0.784,2018-10-30,"2018",303,"21",1.5406875,"arb5"
"10/30/18 22:00",0.01,2018-10-30,"2018",303,"22",0.7666875,"arb5"
"10/30/18 23:00",-0.662,2018-10-30,"2018",303,"23",0.0946874999999998,"arb5"
"10/31/18 0:00",-0.887,2018-10-31,"2018",304,"0",-0.1303125,"arb5"
"10/31/18 1:00",-1.114,2018-10-31,"2018",304,"1",-0.3573125,"arb5"
"10/31/18 2:00",-1.456,2018-10-31,"2018",304,"2",-0.6993125,"arb5"
"10/31/18 3:00",-1.799,2018-10-31,"2018",304,"3",-1.0423125,"arb5"
"10/31/18 4:00",-2.03,2018-10-31,"2018",304,"4",-1.2733125,"arb5"
"10/31/18 5:00",-2.261,2018-10-31,"2018",304,"5",-1.5043125,"arb5"
"10/31/18 6:00",-2.261,2018-10-31,"2018",304,"6",-1.5043125,"arb5"
"10/31/18 7:00",-2.377,2018-10-31,"2018",304,"7",-1.6203125,"arb5"
"10/31/18 8:00",-2.03,2018-10-31,"2018",304,"8",-1.2733125,"arb5"
"10/31/18 9:00",0.453,2018-10-31,"2018",304,"9",1.2096875,"arb5"
"10/31/18 10:00",15.378,2018-10-31,"2018",304,"10",16.1346875,"arb5"
"10/31/18 11:00",11.236,2018-10-31,"2018",304,"11",11.9926875,"arb5"
"10/31/18 12:00",9.965,2018-10-31,"2018",304,"12",10.7216875,"arb5"
"10/31/18 13:00",11.722,2018-10-31,"2018",304,"13",12.4786875,"arb5"
"10/31/18 14:00",12.11,2018-10-31,"2018",304,"14",12.8666875,"arb5"
"10/31/18 15:00",12.013,2018-10-31,"2018",304,"15",12.7696875,"arb5"
"10/31/18 16:00",12.013,2018-10-31,"2018",304,"16",12.7696875,"arb5"
"10/31/18 17:00",11.625,2018-10-31,"2018",304,"17",12.3816875,"arb5"
"10/31/18 18:00",10.748,2018-10-31,"2018",304,"18",11.5046875,"arb5"
"10/31/18 19:00",10.259,2018-10-31,"2018",304,"19",11.0156875,"arb5"
"10/31/18 20:00",11.819,2018-10-31,"2018",304,"20",12.5756875,"arb5"
"10/31/18 21:00",12.594,2018-10-31,"2018",304,"21",13.3506875,"arb5"
"10/31/18 22:00",12.401,2018-10-31,"2018",304,"22",13.1576875,"arb5"
"10/31/18 23:00",12.69,2018-10-31,"2018",304,"23",13.4466875,"arb5"
"11/1/18 0:00",13.076,2018-11-01,"2018",305,"0",13.8326875,"arb5"
"11/1/18 1:00",12.98,2018-11-01,"2018",305,"1",13.7366875,"arb5"
"11/1/18 2:00",12.883,2018-11-01,"2018",305,"2",13.6396875,"arb5"
"11/1/18 3:00",12.497,2018-11-01,"2018",305,"3",13.2536875,"arb5"
"11/1/18 4:00",11.431,2018-11-01,"2018",305,"4",12.1876875,"arb5"
"11/1/18 5:00",11.528,2018-11-01,"2018",305,"5",12.2846875,"arb5"
"11/1/18 6:00",11.528,2018-11-01,"2018",305,"6",12.2846875,"arb5"
"11/1/18 7:00",11.431,2018-11-01,"2018",305,"7",12.1876875,"arb5"
"11/1/18 8:00",11.625,2018-11-01,"2018",305,"8",12.3816875,"arb5"
"11/1/18 9:00",12.497,2018-11-01,"2018",305,"9",13.2536875,"arb5"
"11/1/18 10:00",13.558,2018-11-01,"2018",305,"10",14.3146875,"arb5"
"11/1/18 11:00",16.046,2018-11-01,"2018",305,"11",16.8026875,"arb5"
"11/1/18 12:00",17.189,2018-11-01,"2018",305,"12",17.9456875,"arb5"
"11/1/18 13:00",18.616,2018-11-01,"2018",305,"13",19.3726875,"arb5"
"11/1/18 14:00",17.855,2018-11-01,"2018",305,"14",18.6116875,"arb5"
"11/1/18 15:00",16.237,2018-11-01,"2018",305,"15",16.9936875,"arb5"
"11/1/18 16:00",13.75,2018-11-01,"2018",305,"16",14.5066875,"arb5"
"11/1/18 17:00",12.594,2018-11-01,"2018",305,"17",13.3506875,"arb5"
"11/1/18 18:00",11.819,2018-11-01,"2018",305,"18",12.5756875,"arb5"
"11/1/18 19:00",11.916,2018-11-01,"2018",305,"19",12.6726875,"arb5"
"11/1/18 20:00",11.334,2018-11-01,"2018",305,"20",12.0906875,"arb5"
"11/1/18 21:00",10.846,2018-11-01,"2018",305,"21",11.6026875,"arb5"
"11/1/18 22:00",10.944,2018-11-01,"2018",305,"22",11.7006875,"arb5"
"11/1/18 23:00",10.846,2018-11-01,"2018",305,"23",11.6026875,"arb5"
"11/2/18 0:00",10.846,2018-11-02,"2018",306,"0",11.6026875,"arb5"
"11/2/18 1:00",11.041,2018-11-02,"2018",306,"1",11.7976875,"arb5"
"11/2/18 2:00",11.041,2018-11-02,"2018",306,"2",11.7976875,"arb5"
"11/2/18 3:00",11.139,2018-11-02,"2018",306,"3",11.8956875,"arb5"
"11/2/18 4:00",11.236,2018-11-02,"2018",306,"4",11.9926875,"arb5"
"11/2/18 5:00",11.431,2018-11-02,"2018",306,"5",12.1876875,"arb5"
"11/2/18 6:00",15.76,2018-11-02,"2018",306,"6",16.5166875,"arb5"
"11/2/18 7:00",17.379,2018-11-02,"2018",306,"7",18.1356875,"arb5"
"11/2/18 8:00",17.95,2018-11-02,"2018",306,"8",18.7066875,"arb5"
"11/2/18 9:00",18.711,2018-11-02,"2018",306,"9",19.4676875,"arb5"
"11/2/18 10:00",19.377,2018-11-02,"2018",306,"10",20.1336875,"arb5"
"11/2/18 11:00",19.567,2018-11-02,"2018",306,"11",20.3236875,"arb5"
"11/2/18 12:00",18.711,2018-11-02,"2018",306,"12",19.4676875,"arb5"
"11/2/18 13:00",19.472,2018-11-02,"2018",306,"13",20.2286875,"arb5"
"11/2/18 14:00",19.187,2018-11-02,"2018",306,"14",19.9436875,"arb5"
"11/2/18 15:00",19.948,2018-11-02,"2018",306,"15",20.7046875,"arb5"
"11/2/18 16:00",19.758,2018-11-02,"2018",306,"16",20.5146875,"arb5"
"11/2/18 17:00",19.472,2018-11-02,"2018",306,"17",20.2286875,"arb5"
"11/2/18 18:00",17.95,2018-11-02,"2018",306,"18",18.7066875,"arb5"
"11/2/18 19:00",17.665,2018-11-02,"2018",306,"19",18.4216875,"arb5"
"11/2/18 20:00",17.855,2018-11-02,"2018",306,"20",18.6116875,"arb5"
"11/2/18 21:00",17.855,2018-11-02,"2018",306,"21",18.6116875,"arb5"
"11/2/18 22:00",17.95,2018-11-02,"2018",306,"22",18.7066875,"arb5"
"11/2/18 23:00",17.665,2018-11-02,"2018",306,"23",18.4216875,"arb5"
"11/3/18 0:00",17.475,2018-11-03,"2018",307,"0",18.2316875,"arb5"
"11/3/18 1:00",18.14,2018-11-03,"2018",307,"1",18.8966875,"arb5"
"11/3/18 2:00",18.521,2018-11-03,"2018",307,"2",19.2776875,"arb5"
"11/3/18 3:00",18.426,2018-11-03,"2018",307,"3",19.1826875,"arb5"
"11/3/18 4:00",14.996,2018-11-03,"2018",307,"4",15.7526875,"arb5"
"11/3/18 5:00",14.23,2018-11-03,"2018",307,"5",14.9866875,"arb5"
"11/3/18 6:00",14.421,2018-11-03,"2018",307,"6",15.1776875,"arb5"
"11/3/18 7:00",12.69,2018-11-03,"2018",307,"7",13.4466875,"arb5"
"11/3/18 8:00",12.207,2018-11-03,"2018",307,"8",12.9636875,"arb5"
"11/3/18 9:00",11.528,2018-11-03,"2018",307,"9",12.2846875,"arb5"
"11/3/18 10:00",10.846,2018-11-03,"2018",307,"10",11.6026875,"arb5"
"11/3/18 11:00",12.11,2018-11-03,"2018",307,"11",12.8666875,"arb5"
"11/3/18 12:00",13.558,2018-11-03,"2018",307,"12",14.3146875,"arb5"
"11/3/18 13:00",14.996,2018-11-03,"2018",307,"13",15.7526875,"arb5"
"11/3/18 14:00",16.999,2018-11-03,"2018",307,"14",17.7556875,"arb5"
"11/3/18 15:00",13.75,2018-11-03,"2018",307,"15",14.5066875,"arb5"
"11/3/18 16:00",13.076,2018-11-03,"2018",307,"16",13.8326875,"arb5"
"11/3/18 17:00",11.139,2018-11-03,"2018",307,"17",11.8956875,"arb5"
"11/3/18 18:00",9.373,2018-11-03,"2018",307,"18",10.1296875,"arb5"
"11/3/18 19:00",8.978,2018-11-03,"2018",307,"19",9.7346875,"arb5"
"11/3/18 20:00",8.282,2018-11-03,"2018",307,"20",9.0386875,"arb5"
"11/3/18 21:00",7.882,2018-11-03,"2018",307,"21",8.6386875,"arb5"
"11/3/18 22:00",7.481,2018-11-03,"2018",307,"22",8.2376875,"arb5"
"11/3/18 23:00",7.582,2018-11-03,"2018",307,"23",8.3386875,"arb5"
"11/4/18 0:00",6.674,2018-11-04,"2018",308,"0",7.4306875,"arb5"
"11/4/18 1:00",6.978,2018-11-04,"2018",308,"1",7.7346875,"arb5"
"11/4/18 2:00",6.268,2018-11-04,"2018",308,"2",7.0246875,"arb5"
"11/4/18 3:00",5.962,2018-11-04,"2018",308,"3",6.7186875,"arb5"
"11/4/18 4:00",5.141,2018-11-04,"2018",308,"4",5.8976875,"arb5"
"11/4/18 5:00",4.934,2018-11-04,"2018",308,"5",5.6906875,"arb5"
"11/4/18 6:00",4.102,2018-11-04,"2018",308,"6",4.8586875,"arb5"
"11/4/18 7:00",4.207,2018-11-04,"2018",308,"7",4.9636875,"arb5"
"11/4/18 8:00",4.102,2018-11-04,"2018",308,"8",4.8586875,"arb5"
"11/4/18 9:00",6.268,2018-11-04,"2018",308,"9",7.0246875,"arb5"
"11/4/18 10:00",16.523,2018-11-04,"2018",308,"10",17.2796875,"arb5"
"11/4/18 11:00",17.189,2018-11-04,"2018",308,"11",17.9456875,"arb5"
"11/4/18 12:00",16.237,2018-11-04,"2018",308,"12",16.9936875,"arb5"
"11/4/18 13:00",15.951,2018-11-04,"2018",308,"13",16.7076875,"arb5"
"11/4/18 14:00",12.98,2018-11-04,"2018",308,"14",13.7366875,"arb5"
"11/4/18 15:00",13.076,2018-11-04,"2018",308,"15",13.8326875,"arb5"
"11/4/18 16:00",10.944,2018-11-04,"2018",308,"16",11.7006875,"arb5"
"11/4/18 17:00",7.882,2018-11-04,"2018",308,"17",8.6386875,"arb5"
"11/4/18 18:00",4.311,2018-11-04,"2018",308,"18",5.0676875,"arb5"
"11/4/18 19:00",3.049,2018-11-04,"2018",308,"19",3.8056875,"arb5"
"11/4/18 20:00",2.195,2018-11-04,"2018",308,"20",2.9516875,"arb5"
"11/4/18 21:00",1.764,2018-11-04,"2018",308,"21",2.5206875,"arb5"
"11/4/18 22:00",1.33,2018-11-04,"2018",308,"22",2.0866875,"arb5"
"11/4/18 23:00",3.155,2018-11-04,"2018",308,"23",3.9116875,"arb5"
"11/5/18 0:00",2.41,2018-11-05,"2018",309,"0",3.1666875,"arb5"
"11/5/18 1:00",1.548,2018-11-05,"2018",309,"1",2.3046875,"arb5"
"11/5/18 2:00",2.73,2018-11-05,"2018",309,"2",3.4866875,"arb5"
"11/5/18 3:00",7.381,2018-11-05,"2018",309,"3",8.1376875,"arb5"
"11/5/18 4:00",7.381,2018-11-05,"2018",309,"4",8.1376875,"arb5"
"11/5/18 5:00",7.582,2018-11-05,"2018",309,"5",8.3386875,"arb5"
"11/5/18 6:00",7.28,2018-11-05,"2018",309,"6",8.0366875,"arb5"
"11/5/18 7:00",7.882,2018-11-05,"2018",309,"7",8.6386875,"arb5"
"11/5/18 8:00",7.882,2018-11-05,"2018",309,"8",8.6386875,"arb5"
"11/5/18 9:00",8.779,2018-11-05,"2018",309,"9",9.5356875,"arb5"
"11/5/18 10:00",10.161,2018-11-05,"2018",309,"10",10.9176875,"arb5"
"11/5/18 11:00",10.259,2018-11-05,"2018",309,"11",11.0156875,"arb5"
"11/5/18 12:00",10.161,2018-11-05,"2018",309,"12",10.9176875,"arb5"
"11/5/18 13:00",11.236,2018-11-05,"2018",309,"13",11.9926875,"arb5"
"11/5/18 14:00",11.139,2018-11-05,"2018",309,"14",11.8956875,"arb5"
"11/5/18 15:00",11.334,2018-11-05,"2018",309,"15",12.0906875,"arb5"
"11/5/18 16:00",11.041,2018-11-05,"2018",309,"16",11.7976875,"arb5"
"11/5/18 17:00",10.846,2018-11-05,"2018",309,"17",11.6026875,"arb5"
"11/5/18 18:00",9.669,2018-11-05,"2018",309,"18",10.4256875,"arb5"
"11/5/18 19:00",9.472,2018-11-05,"2018",309,"19",10.2286875,"arb5"
"11/5/18 20:00",9.571,2018-11-05,"2018",309,"20",10.3276875,"arb5"
"11/5/18 21:00",9.768,2018-11-05,"2018",309,"21",10.5246875,"arb5"
"11/5/18 22:00",9.965,2018-11-05,"2018",309,"22",10.7216875,"arb5"
"11/5/18 23:00",10.161,2018-11-05,"2018",309,"23",10.9176875,"arb5"
"11/6/18 0:00",10.357,2018-11-06,"2018",310,"0",11.1136875,"arb5"
"11/6/18 1:00",10.455,2018-11-06,"2018",310,"1",11.2116875,"arb5"
"11/6/18 2:00",10.063,2018-11-06,"2018",310,"2",10.8196875,"arb5"
"11/6/18 3:00",9.768,2018-11-06,"2018",310,"3",10.5246875,"arb5"
"11/6/18 4:00",9.669,2018-11-06,"2018",310,"4",10.4256875,"arb5"
"11/6/18 5:00",9.077,2018-11-06,"2018",310,"5",9.8336875,"arb5"
"11/6/18 6:00",8.382,2018-11-06,"2018",310,"6",9.1386875,"arb5"
"11/6/18 7:00",8.082,2018-11-06,"2018",310,"7",8.8386875,"arb5"
"11/6/18 8:00",8.282,2018-11-06,"2018",310,"8",9.0386875,"arb5"
"11/6/18 9:00",8.382,2018-11-06,"2018",310,"9",9.1386875,"arb5"
"11/6/18 10:00",9.373,2018-11-06,"2018",310,"10",10.1296875,"arb5"
"11/6/18 11:00",10.063,2018-11-06,"2018",310,"11",10.8196875,"arb5"
"11/6/18 12:00",11.041,2018-11-06,"2018",310,"12",11.7976875,"arb5"
"11/6/18 13:00",11.139,2018-11-06,"2018",310,"13",11.8956875,"arb5"
"11/6/18 14:00",10.846,2018-11-06,"2018",310,"14",11.6026875,"arb5"
"11/6/18 15:00",10.259,2018-11-06,"2018",310,"15",11.0156875,"arb5"
"11/6/18 16:00",10.553,2018-11-06,"2018",310,"16",11.3096875,"arb5"
"11/6/18 17:00",10.944,2018-11-06,"2018",310,"17",11.7006875,"arb5"
"11/6/18 18:00",10.259,2018-11-06,"2018",310,"18",11.0156875,"arb5"
"11/6/18 19:00",10.651,2018-11-06,"2018",310,"19",11.4076875,"arb5"
"11/6/18 20:00",11.722,2018-11-06,"2018",310,"20",12.4786875,"arb5"
"11/6/18 21:00",12.497,2018-11-06,"2018",310,"21",13.2536875,"arb5"
"11/6/18 22:00",13.365,2018-11-06,"2018",310,"22",14.1216875,"arb5"
"11/6/18 23:00",13.173,2018-11-06,"2018",310,"23",13.9296875,"arb5"
"11/7/18 0:00",12.11,2018-11-07,"2018",311,"0",12.8666875,"arb5"
"11/7/18 1:00",11.916,2018-11-07,"2018",311,"1",12.6726875,"arb5"
"11/7/18 2:00",11.819,2018-11-07,"2018",311,"2",12.5756875,"arb5"
"11/7/18 3:00",10.553,2018-11-07,"2018",311,"3",11.3096875,"arb5"
"11/7/18 4:00",8.779,2018-11-07,"2018",311,"4",9.5356875,"arb5"
"11/7/18 5:00",7.381,2018-11-07,"2018",311,"5",8.1376875,"arb5"
"11/7/18 6:00",6.674,2018-11-07,"2018",311,"6",7.4306875,"arb5"
"11/7/18 7:00",6.268,2018-11-07,"2018",311,"7",7.0246875,"arb5"
"11/7/18 8:00",5.962,2018-11-07,"2018",311,"8",6.7186875,"arb5"
"11/7/18 9:00",8.382,2018-11-07,"2018",311,"9",9.1386875,"arb5"
"11/7/18 10:00",15.951,2018-11-07,"2018",311,"10",16.7076875,"arb5"
"11/7/18 11:00",20.424,2018-11-07,"2018",311,"11",21.1806875,"arb5"
"11/7/18 12:00",19.377,2018-11-07,"2018",311,"12",20.1336875,"arb5"
"11/7/18 13:00",21.855,2018-11-07,"2018",311,"13",22.6116875,"arb5"
"11/7/18 14:00",22.142,2018-11-07,"2018",311,"14",22.8986875,"arb5"
"11/7/18 15:00",17.95,2018-11-07,"2018",311,"15",18.7066875,"arb5"
"11/7/18 16:00",16.713,2018-11-07,"2018",311,"16",17.4696875,"arb5"
"11/7/18 17:00",14.23,2018-11-07,"2018",311,"17",14.9866875,"arb5"
"11/7/18 18:00",11.528,2018-11-07,"2018",311,"18",12.2846875,"arb5"
"11/7/18 19:00",6.978,2018-11-07,"2018",311,"19",7.7346875,"arb5"
"11/7/18 20:00",7.882,2018-11-07,"2018",311,"20",8.6386875,"arb5"
"11/7/18 21:00",6.775,2018-11-07,"2018",311,"21",7.5316875,"arb5"
"11/7/18 22:00",5.962,2018-11-07,"2018",311,"22",6.7186875,"arb5"
"11/7/18 23:00",5.037,2018-11-07,"2018",311,"23",5.7936875,"arb5"
"11/8/18 0:00",5.655,2018-11-08,"2018",312,"0",6.4116875,"arb5"
"11/8/18 1:00",10.553,2018-11-08,"2018",312,"1",11.3096875,"arb5"
"11/8/18 2:00",8.879,2018-11-08,"2018",312,"2",9.6356875,"arb5"
"11/8/18 3:00",7.582,2018-11-08,"2018",312,"3",8.3386875,"arb5"
"11/8/18 4:00",6.064,2018-11-08,"2018",312,"4",6.8206875,"arb5"
"11/8/18 5:00",4.519,2018-11-08,"2018",312,"5",5.2756875,"arb5"
"11/8/18 6:00",2.943,2018-11-08,"2018",312,"6",3.6996875,"arb5"
"11/8/18 7:00",2.73,2018-11-08,"2018",312,"7",3.4866875,"arb5"
"11/8/18 8:00",2.195,2018-11-08,"2018",312,"8",2.9516875,"arb5"
"11/8/18 9:00",6.37,2018-11-08,"2018",312,"9",7.1266875,"arb5"
"11/8/18 10:00",10.161,2018-11-08,"2018",312,"10",10.9176875,"arb5"
"11/8/18 11:00",12.304,2018-11-08,"2018",312,"11",13.0606875,"arb5"
"11/8/18 12:00",13.75,2018-11-08,"2018",312,"12",14.5066875,"arb5"
"11/8/18 13:00",16.237,2018-11-08,"2018",312,"13",16.9936875,"arb5"
"11/8/18 14:00",18.521,2018-11-08,"2018",312,"14",19.2776875,"arb5"
"11/8/18 15:00",13.365,2018-11-08,"2018",312,"15",14.1216875,"arb5"
"11/8/18 16:00",11.916,2018-11-08,"2018",312,"16",12.6726875,"arb5"
"11/8/18 17:00",9.472,2018-11-08,"2018",312,"17",10.2286875,"arb5"
"11/8/18 18:00",7.481,2018-11-08,"2018",312,"18",8.2376875,"arb5"
"11/8/18 19:00",5.757,2018-11-08,"2018",312,"19",6.5136875,"arb5"
"11/8/18 20:00",3.893,2018-11-08,"2018",312,"20",4.6496875,"arb5"
"11/8/18 21:00",3.155,2018-11-08,"2018",312,"21",3.9116875,"arb5"
"11/8/18 22:00",2.303,2018-11-08,"2018",312,"22",3.0596875,"arb5"
"11/8/18 23:00",1.764,2018-11-08,"2018",312,"23",2.5206875,"arb5"
"11/9/18 0:00",1.33,2018-11-09,"2018",313,"0",2.0866875,"arb5"
"11/9/18 1:00",-0.102,2018-11-09,"2018",313,"1",0.6546875,"arb5"
"11/9/18 2:00",-0.102,2018-11-09,"2018",313,"2",0.6546875,"arb5"
"11/9/18 3:00",-0.887,2018-11-09,"2018",313,"3",-0.1303125,"arb5"
"11/9/18 4:00",-1.341,2018-11-09,"2018",313,"4",-0.5843125,"arb5"
"11/9/18 5:00",-1.799,2018-11-09,"2018",313,"5",-1.0423125,"arb5"
"11/9/18 6:00",-2.145,2018-11-09,"2018",313,"6",-1.3883125,"arb5"
"11/9/18 7:00",-2.03,2018-11-09,"2018",313,"7",-1.2733125,"arb5"
"11/9/18 8:00",-1.799,2018-11-09,"2018",313,"8",-1.0423125,"arb5"
"11/9/18 9:00",3.155,2018-11-09,"2018",313,"9",3.9116875,"arb5"
"11/9/18 10:00",13.942,2018-11-09,"2018",313,"10",14.6986875,"arb5"
"11/9/18 11:00",12.594,2018-11-09,"2018",313,"11",13.3506875,"arb5"
"11/9/18 12:00",11.139,2018-11-09,"2018",313,"12",11.8956875,"arb5"
"11/9/18 13:00",9.965,2018-11-09,"2018",313,"13",10.7216875,"arb5"
"11/9/18 14:00",9.472,2018-11-09,"2018",313,"14",10.2286875,"arb5"
"11/9/18 15:00",9.571,2018-11-09,"2018",313,"15",10.3276875,"arb5"
"11/9/18 16:00",9.077,2018-11-09,"2018",313,"16",9.8336875,"arb5"
"11/9/18 17:00",8.779,2018-11-09,"2018",313,"17",9.5356875,"arb5"
"11/9/18 18:00",8.779,2018-11-09,"2018",313,"18",9.5356875,"arb5"
"11/9/18 19:00",8.879,2018-11-09,"2018",313,"19",9.6356875,"arb5"
"11/9/18 20:00",7.179,2018-11-09,"2018",313,"20",7.9356875,"arb5"
"11/9/18 21:00",7.179,2018-11-09,"2018",313,"21",7.9356875,"arb5"
"11/9/18 22:00",7.882,2018-11-09,"2018",313,"22",8.6386875,"arb5"
"11/9/18 23:00",7.882,2018-11-09,"2018",313,"23",8.6386875,"arb5"
"11/10/18 0:00",8.082,2018-11-10,"2018",314,"0",8.8386875,"arb5"
"11/10/18 1:00",8.581,2018-11-10,"2018",314,"1",9.3376875,"arb5"
"11/10/18 2:00",8.779,2018-11-10,"2018",314,"2",9.5356875,"arb5"
"11/10/18 3:00",8.779,2018-11-10,"2018",314,"3",9.5356875,"arb5"
"11/10/18 4:00",8.382,2018-11-10,"2018",314,"4",9.1386875,"arb5"
"11/10/18 5:00",8.182,2018-11-10,"2018",314,"5",8.9386875,"arb5"
"11/10/18 6:00",7.983,2018-11-10,"2018",314,"6",8.7396875,"arb5"
"11/10/18 7:00",7.882,2018-11-10,"2018",314,"7",8.6386875,"arb5"
"11/10/18 8:00",7.882,2018-11-10,"2018",314,"8",8.6386875,"arb5"
"11/10/18 9:00",8.182,2018-11-10,"2018",314,"9",8.9386875,"arb5"
"11/10/18 10:00",8.581,2018-11-10,"2018",314,"10",9.3376875,"arb5"
"11/10/18 11:00",9.176,2018-11-10,"2018",314,"11",9.9326875,"arb5"
"11/10/18 12:00",8.382,2018-11-10,"2018",314,"12",9.1386875,"arb5"
"11/10/18 13:00",7.582,2018-11-10,"2018",314,"13",8.3386875,"arb5"
"11/10/18 14:00",12.594,2018-11-10,"2018",314,"14",13.3506875,"arb5"
"11/10/18 15:00",10.259,2018-11-10,"2018",314,"15",11.0156875,"arb5"
"11/10/18 16:00",7.179,2018-11-10,"2018",314,"16",7.9356875,"arb5"
"11/10/18 17:00",4.415,2018-11-10,"2018",314,"17",5.1716875,"arb5"
"11/10/18 18:00",3.155,2018-11-10,"2018",314,"18",3.9116875,"arb5"
"11/10/18 19:00",2.624,2018-11-10,"2018",314,"19",3.3806875,"arb5"
"11/10/18 20:00",1.98,2018-11-10,"2018",314,"20",2.7366875,"arb5"
"11/10/18 21:00",1.439,2018-11-10,"2018",314,"21",2.1956875,"arb5"
"11/10/18 22:00",0.784,2018-11-10,"2018",314,"22",1.5406875,"arb5"
"11/10/18 23:00",0.784,2018-11-10,"2018",314,"23",1.5406875,"arb5"
"11/11/18 0:00",0.343,2018-11-11,"2018",315,"0",1.0996875,"arb5"
"11/11/18 1:00",-0.774,2018-11-11,"2018",315,"1",-0.0173125000000002,"arb5"
"11/11/18 2:00",-1.341,2018-11-11,"2018",315,"2",-0.5843125,"arb5"
"11/11/18 3:00",0.232,2018-11-11,"2018",315,"3",0.9886875,"arb5"
"11/11/18 4:00",1.112,2018-11-11,"2018",315,"4",1.8686875,"arb5"
"11/11/18 5:00",0.232,2018-11-11,"2018",315,"5",0.9886875,"arb5"
"11/11/18 6:00",-0.325,2018-11-11,"2018",315,"6",0.4316875,"arb5"
"11/11/18 7:00",-0.437,2018-11-11,"2018",315,"7",0.3196875,"arb5"
"11/11/18 8:00",-1.57,2018-11-11,"2018",315,"8",-0.8133125,"arb5"
"11/11/18 9:00",1.003,2018-11-11,"2018",315,"9",1.7596875,"arb5"
"11/11/18 10:00",9.571,2018-11-11,"2018",315,"10",10.3276875,"arb5"
"11/11/18 11:00",11.722,2018-11-11,"2018",315,"11",12.4786875,"arb5"
"11/11/18 12:00",12.207,2018-11-11,"2018",315,"12",12.9636875,"arb5"
"11/11/18 13:00",11.528,2018-11-11,"2018",315,"13",12.2846875,"arb5"
"11/11/18 14:00",12.11,2018-11-11,"2018",315,"14",12.8666875,"arb5"
"11/11/18 15:00",10.748,2018-11-11,"2018",315,"15",11.5046875,"arb5"
"11/11/18 16:00",7.481,2018-11-11,"2018",315,"16",8.2376875,"arb5"
"11/11/18 17:00",4.623,2018-11-11,"2018",315,"17",5.3796875,"arb5"
"11/11/18 18:00",2.41,2018-11-11,"2018",315,"18",3.1666875,"arb5"
"11/11/18 19:00",0.893,2018-11-11,"2018",315,"19",1.6496875,"arb5"
"11/11/18 20:00",0.01,2018-11-11,"2018",315,"20",0.7666875,"arb5"
"11/11/18 21:00",-0.437,2018-11-11,"2018",315,"21",0.3196875,"arb5"
"11/11/18 22:00",-1.001,2018-11-11,"2018",315,"22",-0.2443125,"arb5"
"11/11/18 23:00",-2.261,2018-11-11,"2018",315,"23",-1.5043125,"arb5"
"11/12/18 0:00",-3.197,2018-11-12,"2018",316,"0",-2.4403125,"arb5"
"11/12/18 1:00",-3.316,2018-11-12,"2018",316,"1",-2.5593125,"arb5"
"11/12/18 2:00",-4.152,2018-11-12,"2018",316,"2",-3.3953125,"arb5"
"11/12/18 3:00",-4.88,2018-11-12,"2018",316,"3",-4.1233125,"arb5"
"11/12/18 4:00",-5.125,2018-11-12,"2018",316,"4",-4.3683125,"arb5"
"11/12/18 5:00",-5.249,2018-11-12,"2018",316,"5",-4.4923125,"arb5"
"11/12/18 6:00",-5.249,2018-11-12,"2018",316,"6",-4.4923125,"arb5"
"11/12/18 7:00",-5.62,2018-11-12,"2018",316,"7",-4.8633125,"arb5"
"11/12/18 8:00",-5.125,2018-11-12,"2018",316,"8",-4.3683125,"arb5"
"11/12/18 9:00",-2.145,2018-11-12,"2018",316,"9",-1.3883125,"arb5"
"11/12/18 10:00",11.139,2018-11-12,"2018",316,"10",11.8956875,"arb5"
"11/12/18 11:00",15.473,2018-11-12,"2018",316,"11",16.2296875,"arb5"
"11/12/18 12:00",13.076,2018-11-12,"2018",316,"12",13.8326875,"arb5"
"11/12/18 13:00",12.883,2018-11-12,"2018",316,"13",13.6396875,"arb5"
"11/12/18 14:00",14.134,2018-11-12,"2018",316,"14",14.8906875,"arb5"
"11/12/18 15:00",10.553,2018-11-12,"2018",316,"15",11.3096875,"arb5"
"11/12/18 16:00",9.373,2018-11-12,"2018",316,"16",10.1296875,"arb5"
"11/12/18 17:00",6.877,2018-11-12,"2018",316,"17",7.6336875,"arb5"
"11/12/18 18:00",2.624,2018-11-12,"2018",316,"18",3.3806875,"arb5"
"11/12/18 19:00",1.548,2018-11-12,"2018",316,"19",2.3046875,"arb5"
"11/12/18 20:00",1.112,2018-11-12,"2018",316,"20",1.8686875,"arb5"
"11/12/18 21:00",1.33,2018-11-12,"2018",316,"21",2.0866875,"arb5"
"11/12/18 22:00",2.303,2018-11-12,"2018",316,"22",3.0596875,"arb5"
"11/12/18 23:00",2.837,2018-11-12,"2018",316,"23",3.5936875,"arb5"
"11/13/18 0:00",3.261,2018-11-13,"2018",317,"0",4.0176875,"arb5"
"11/13/18 1:00",3.893,2018-11-13,"2018",317,"1",4.6496875,"arb5"
"11/13/18 2:00",4.207,2018-11-13,"2018",317,"2",4.9636875,"arb5"
"11/13/18 3:00",4.623,2018-11-13,"2018",317,"3",5.3796875,"arb5"
"11/13/18 4:00",5.655,2018-11-13,"2018",317,"4",6.4116875,"arb5"
"11/13/18 5:00",6.166,2018-11-13,"2018",317,"5",6.9226875,"arb5"
"11/13/18 6:00",6.877,2018-11-13,"2018",317,"6",7.6336875,"arb5"
"11/13/18 7:00",7.582,2018-11-13,"2018",317,"7",8.3386875,"arb5"
"11/13/18 8:00",8.182,2018-11-13,"2018",317,"8",8.9386875,"arb5"
"11/13/18 9:00",8.879,2018-11-13,"2018",317,"9",9.6356875,"arb5"
"11/13/18 10:00",10.553,2018-11-13,"2018",317,"10",11.3096875,"arb5"
"11/13/18 11:00",11.625,2018-11-13,"2018",317,"11",12.3816875,"arb5"
"11/13/18 12:00",11.916,2018-11-13,"2018",317,"12",12.6726875,"arb5"
"11/13/18 13:00",12.11,2018-11-13,"2018",317,"13",12.8666875,"arb5"
"11/13/18 14:00",12.594,2018-11-13,"2018",317,"14",13.3506875,"arb5"
"11/13/18 15:00",8.779,2018-11-13,"2018",317,"15",9.5356875,"arb5"
"11/13/18 16:00",7.28,2018-11-13,"2018",317,"16",8.0366875,"arb5"
"11/13/18 17:00",6.674,2018-11-13,"2018",317,"17",7.4306875,"arb5"
"11/13/18 18:00",6.471,2018-11-13,"2018",317,"18",7.2276875,"arb5"
"11/13/18 19:00",5.757,2018-11-13,"2018",317,"19",6.5136875,"arb5"
"11/13/18 20:00",5.552,2018-11-13,"2018",317,"20",6.3086875,"arb5"
"11/13/18 21:00",5.45,2018-11-13,"2018",317,"21",6.2066875,"arb5"
"11/13/18 22:00",5.141,2018-11-13,"2018",317,"22",5.8976875,"arb5"
"11/13/18 23:00",5.037,2018-11-13,"2018",317,"23",5.7936875,"arb5"
"11/14/18 0:00",4.831,2018-11-14,"2018",318,"0",5.5876875,"arb5"
"11/14/18 1:00",4.415,2018-11-14,"2018",318,"1",5.1716875,"arb5"
"11/14/18 2:00",3.367,2018-11-14,"2018",318,"2",4.1236875,"arb5"
"11/14/18 3:00",1.112,2018-11-14,"2018",318,"3",1.8686875,"arb5"
"11/14/18 4:00",0.121,2018-11-14,"2018",318,"4",0.8776875,"arb5"
"11/14/18 5:00",-0.102,2018-11-14,"2018",318,"5",0.6546875,"arb5"
"11/14/18 6:00",-1.114,2018-11-14,"2018",318,"6",-0.3573125,"arb5"
"11/14/18 7:00",-1.114,2018-11-14,"2018",318,"7",-0.3573125,"arb5"
"11/14/18 8:00",-0.437,2018-11-14,"2018",318,"8",0.3196875,"arb5"
"11/14/18 9:00",1.548,2018-11-14,"2018",318,"9",2.3046875,"arb5"
"11/14/18 10:00",6.268,2018-11-14,"2018",318,"10",7.0246875,"arb5"
"11/14/18 11:00",7.882,2018-11-14,"2018",318,"11",8.6386875,"arb5"
"11/14/18 12:00",6.166,2018-11-14,"2018",318,"12",6.9226875,"arb5"
"11/14/18 13:00",4.831,2018-11-14,"2018",318,"13",5.5876875,"arb5"
"11/14/18 14:00",8.879,2018-11-14,"2018",318,"14",9.6356875,"arb5"
"11/14/18 15:00",2.837,2018-11-14,"2018",318,"15",3.5936875,"arb5"
"11/14/18 16:00",1.003,2018-11-14,"2018",318,"16",1.7596875,"arb5"
"11/14/18 17:00",-0.437,2018-11-14,"2018",318,"17",0.3196875,"arb5"
"11/14/18 18:00",-1.57,2018-11-14,"2018",318,"18",-0.8133125,"arb5"
"11/14/18 19:00",-1.57,2018-11-14,"2018",318,"19",-0.8133125,"arb5"
"11/14/18 20:00",-1.914,2018-11-14,"2018",318,"20",-1.1573125,"arb5"
"11/14/18 21:00",-2.844,2018-11-14,"2018",318,"21",-2.0873125,"arb5"
"11/14/18 22:00",-3.792,2018-11-14,"2018",318,"22",-3.0353125,"arb5"
"11/14/18 23:00",-4.636,2018-11-14,"2018",318,"23",-3.8793125,"arb5"
"11/15/18 0:00",-5.125,2018-11-15,"2018",319,"0",-4.3683125,"arb5"
"11/15/18 1:00",-5.745,2018-11-15,"2018",319,"1",-4.9883125,"arb5"
"11/15/18 2:00",-5.745,2018-11-15,"2018",319,"2",-4.9883125,"arb5"
"11/15/18 3:00",-6.12,2018-11-15,"2018",319,"3",-5.3633125,"arb5"
"11/15/18 4:00",-6.754,2018-11-15,"2018",319,"4",-5.9973125,"arb5"
"11/15/18 5:00",-6.626,2018-11-15,"2018",319,"5",-5.8693125,"arb5"
"11/15/18 6:00",-6.246,2018-11-15,"2018",319,"6",-5.4893125,"arb5"
"11/15/18 7:00",-6.373,2018-11-15,"2018",319,"7",-5.6163125,"arb5"
"11/15/18 8:00",-6.12,2018-11-15,"2018",319,"8",-5.3633125,"arb5"
"11/15/18 9:00",-3.792,2018-11-15,"2018",319,"9",-3.0353125,"arb5"
"11/15/18 10:00",-1.341,2018-11-15,"2018",319,"10",-0.5843125,"arb5"
"11/15/18 11:00",-0.662,2018-11-15,"2018",319,"11",0.0946874999999998,"arb5"
"11/15/18 12:00",-0.549,2018-11-15,"2018",319,"12",0.2076875,"arb5"
"11/15/18 13:00",2.41,2018-11-15,"2018",319,"13",3.1666875,"arb5"
"11/15/18 14:00",0.784,2018-11-15,"2018",319,"14",1.5406875,"arb5"
"11/15/18 15:00",0.01,2018-11-15,"2018",319,"15",0.7666875,"arb5"
"11/15/18 16:00",-0.662,2018-11-15,"2018",319,"16",0.0946874999999998,"arb5"
"11/15/18 17:00",-0.662,2018-11-15,"2018",319,"17",0.0946874999999998,"arb5"
"11/15/18 18:00",0.121,2018-11-15,"2018",319,"18",0.8776875,"arb5"
"11/15/18 19:00",-0.102,2018-11-15,"2018",319,"19",0.6546875,"arb5"
"11/15/18 20:00",-0.325,2018-11-15,"2018",319,"20",0.4316875,"arb5"
"11/15/18 21:00",-0.549,2018-11-15,"2018",319,"21",0.2076875,"arb5"
"11/15/18 22:00",-0.325,2018-11-15,"2018",319,"22",0.4316875,"arb5"
"11/15/18 23:00",0.121,2018-11-15,"2018",319,"23",0.8776875,"arb5"
"11/16/18 0:00",0.121,2018-11-16,"2018",320,"0",0.8776875,"arb5"
"11/16/18 1:00",0.121,2018-11-16,"2018",320,"1",0.8776875,"arb5"
"11/16/18 2:00",0.232,2018-11-16,"2018",320,"2",0.9886875,"arb5"
"11/16/18 3:00",1.439,2018-11-16,"2018",320,"3",2.1956875,"arb5"
"11/16/18 4:00",2.303,2018-11-16,"2018",320,"4",3.0596875,"arb5"
"11/16/18 5:00",3.049,2018-11-16,"2018",320,"5",3.8056875,"arb5"
"11/16/18 6:00",3.683,2018-11-16,"2018",320,"6",4.4396875,"arb5"
"11/16/18 7:00",4.207,2018-11-16,"2018",320,"7",4.9636875,"arb5"
"11/16/18 8:00",4.934,2018-11-16,"2018",320,"8",5.6906875,"arb5"
"11/16/18 9:00",5.552,2018-11-16,"2018",320,"9",6.3086875,"arb5"
"11/16/18 10:00",4.934,2018-11-16,"2018",320,"10",5.6906875,"arb5"
"11/16/18 11:00",6.064,2018-11-16,"2018",320,"11",6.8206875,"arb5"
"11/16/18 12:00",2.303,2018-11-16,"2018",320,"12",3.0596875,"arb5"
"11/16/18 13:00",1.221,2018-11-16,"2018",320,"13",1.9776875,"arb5"
"11/16/18 14:00",1.439,2018-11-16,"2018",320,"14",2.1956875,"arb5"
"11/16/18 15:00",1.764,2018-11-16,"2018",320,"15",2.5206875,"arb5"
"11/16/18 16:00",2.517,2018-11-16,"2018",320,"16",3.2736875,"arb5"
"11/16/18 17:00",1.656,2018-11-16,"2018",320,"17",2.4126875,"arb5"
"11/16/18 18:00",-0.102,2018-11-16,"2018",320,"18",0.6546875,"arb5"
"11/16/18 19:00",-0.887,2018-11-16,"2018",320,"19",-0.1303125,"arb5"
"11/16/18 20:00",-1.684,2018-11-16,"2018",320,"20",-0.9273125,"arb5"
"11/16/18 21:00",-1.001,2018-11-16,"2018",320,"21",-0.2443125,"arb5"
"11/16/18 22:00",-1.684,2018-11-16,"2018",320,"22",-0.9273125,"arb5"
"11/16/18 23:00",-2.377,2018-11-16,"2018",320,"23",-1.6203125,"arb5"
"11/17/18 0:00",-1.456,2018-11-17,"2018",321,"0",-0.6993125,"arb5"
"11/17/18 1:00",-1.799,2018-11-17,"2018",321,"1",-1.0423125,"arb5"
"11/17/18 2:00",-2.261,2018-11-17,"2018",321,"2",-1.5043125,"arb5"
"11/17/18 3:00",-2.494,2018-11-17,"2018",321,"3",-1.7373125,"arb5"
"11/17/18 4:00",-2.03,2018-11-17,"2018",321,"4",-1.2733125,"arb5"
"11/17/18 5:00",-1.341,2018-11-17,"2018",321,"5",-0.5843125,"arb5"
"11/17/18 6:00",0.121,2018-11-17,"2018",321,"6",0.8776875,"arb5"
"11/17/18 7:00",1.003,2018-11-17,"2018",321,"7",1.7596875,"arb5"
"11/17/18 8:00",2.088,2018-11-17,"2018",321,"8",2.8446875,"arb5"
"11/17/18 9:00",3.367,2018-11-17,"2018",321,"9",4.1236875,"arb5"
"11/17/18 10:00",5.86,2018-11-17,"2018",321,"10",6.6166875,"arb5"
"11/17/18 11:00",11.334,2018-11-17,"2018",321,"11",12.0906875,"arb5"
"11/17/18 12:00",9.866,2018-11-17,"2018",321,"12",10.6226875,"arb5"
"11/17/18 13:00",10.161,2018-11-17,"2018",321,"13",10.9176875,"arb5"
"11/17/18 14:00",8.68,2018-11-17,"2018",321,"14",9.4366875,"arb5"
"11/17/18 15:00",8.481,2018-11-17,"2018",321,"15",9.2376875,"arb5"
"11/17/18 16:00",7.682,2018-11-17,"2018",321,"16",8.4386875,"arb5"
"11/17/18 17:00",6.268,2018-11-17,"2018",321,"17",7.0246875,"arb5"
"11/17/18 18:00",5.347,2018-11-17,"2018",321,"18",6.1036875,"arb5"
"11/17/18 19:00",4.623,2018-11-17,"2018",321,"19",5.3796875,"arb5"
"11/17/18 20:00",3.472,2018-11-17,"2018",321,"20",4.2286875,"arb5"
"11/17/18 21:00",2.837,2018-11-17,"2018",321,"21",3.5936875,"arb5"
"11/17/18 22:00",4.519,2018-11-17,"2018",321,"22",5.2756875,"arb5"
"11/17/18 23:00",3.788,2018-11-17,"2018",321,"23",4.5446875,"arb5"
"11/18/18 0:00",2.41,2018-11-18,"2018",322,"0",3.1666875,"arb5"
"11/18/18 1:00",-0.325,2018-11-18,"2018",322,"1",0.4316875,"arb5"
"11/18/18 2:00",-1.341,2018-11-18,"2018",322,"2",-0.5843125,"arb5"
"11/18/18 3:00",-0.549,2018-11-18,"2018",322,"3",0.2076875,"arb5"
"11/18/18 4:00",-0.549,2018-11-18,"2018",322,"4",0.2076875,"arb5"
"11/18/18 5:00",0.784,2018-11-18,"2018",322,"5",1.5406875,"arb5"
"11/18/18 6:00",0.893,2018-11-18,"2018",322,"6",1.6496875,"arb5"
"11/18/18 7:00",0.563,2018-11-18,"2018",322,"7",1.3196875,"arb5"
"11/18/18 8:00",0.343,2018-11-18,"2018",322,"8",1.0996875,"arb5"
"11/18/18 9:00",3.788,2018-11-18,"2018",322,"9",4.5446875,"arb5"
"11/18/18 10:00",7.381,2018-11-18,"2018",322,"10",8.1376875,"arb5"
"11/18/18 11:00",9.275,2018-11-18,"2018",322,"11",10.0316875,"arb5"
"11/18/18 12:00",7.983,2018-11-18,"2018",322,"12",8.7396875,"arb5"
"11/18/18 13:00",5.962,2018-11-18,"2018",322,"13",6.7186875,"arb5"
"11/18/18 14:00",7.481,2018-11-18,"2018",322,"14",8.2376875,"arb5"
"11/18/18 15:00",6.877,2018-11-18,"2018",322,"15",7.6336875,"arb5"
"11/18/18 16:00",4.519,2018-11-18,"2018",322,"16",5.2756875,"arb5"
"11/18/18 17:00",3.683,2018-11-18,"2018",322,"17",4.4396875,"arb5"
"11/18/18 18:00",2.41,2018-11-18,"2018",322,"18",3.1666875,"arb5"
"11/18/18 19:00",1.872,2018-11-18,"2018",322,"19",2.6286875,"arb5"
"11/18/18 20:00",2.195,2018-11-18,"2018",322,"20",2.9516875,"arb5"
"11/18/18 21:00",2.303,2018-11-18,"2018",322,"21",3.0596875,"arb5"
"11/18/18 22:00",2.73,2018-11-18,"2018",322,"22",3.4866875,"arb5"
"11/18/18 23:00",2.303,2018-11-18,"2018",322,"23",3.0596875,"arb5"
"11/19/18 0:00",2.195,2018-11-19,"2018",323,"0",2.9516875,"arb5"
"11/19/18 1:00",2.41,2018-11-19,"2018",323,"1",3.1666875,"arb5"
"11/19/18 2:00",2.41,2018-11-19,"2018",323,"2",3.1666875,"arb5"
"11/19/18 3:00",1.439,2018-11-19,"2018",323,"3",2.1956875,"arb5"
"11/19/18 4:00",1.439,2018-11-19,"2018",323,"4",2.1956875,"arb5"
"11/19/18 5:00",1.439,2018-11-19,"2018",323,"5",2.1956875,"arb5"
"11/19/18 6:00",1.439,2018-11-19,"2018",323,"6",2.1956875,"arb5"
"11/19/18 7:00",1.872,2018-11-19,"2018",323,"7",2.6286875,"arb5"
"11/19/18 8:00",1.764,2018-11-19,"2018",323,"8",2.5206875,"arb5"
"11/19/18 9:00",2.195,2018-11-19,"2018",323,"9",2.9516875,"arb5"
"11/19/18 10:00",2.41,2018-11-19,"2018",323,"10",3.1666875,"arb5"
"11/19/18 11:00",2.624,2018-11-19,"2018",323,"11",3.3806875,"arb5"
"11/19/18 12:00",2.837,2018-11-19,"2018",323,"12",3.5936875,"arb5"
"11/19/18 13:00",3.367,2018-11-19,"2018",323,"13",4.1236875,"arb5"
"11/19/18 14:00",3.472,2018-11-19,"2018",323,"14",4.2286875,"arb5"
"11/19/18 15:00",3.788,2018-11-19,"2018",323,"15",4.5446875,"arb5"
"11/19/18 16:00",3.998,2018-11-19,"2018",323,"16",4.7546875,"arb5"
"11/19/18 17:00",3.261,2018-11-19,"2018",323,"17",4.0176875,"arb5"
"11/19/18 18:00",2.837,2018-11-19,"2018",323,"18",3.5936875,"arb5"
"11/19/18 19:00",3.155,2018-11-19,"2018",323,"19",3.9116875,"arb5"
"11/19/18 20:00",3.155,2018-11-19,"2018",323,"20",3.9116875,"arb5"
"11/19/18 21:00",3.261,2018-11-19,"2018",323,"21",4.0176875,"arb5"
"11/19/18 22:00",3.049,2018-11-19,"2018",323,"22",3.8056875,"arb5"
"11/19/18 23:00",2.943,2018-11-19,"2018",323,"23",3.6996875,"arb5"
"11/20/18 0:00",2.73,2018-11-20,"2018",324,"0",3.4866875,"arb5"
"11/20/18 1:00",2.624,2018-11-20,"2018",324,"1",3.3806875,"arb5"
"11/20/18 2:00",2.73,2018-11-20,"2018",324,"2",3.4866875,"arb5"
"11/20/18 3:00",2.73,2018-11-20,"2018",324,"3",3.4866875,"arb5"
"11/20/18 4:00",2.624,2018-11-20,"2018",324,"4",3.3806875,"arb5"
"11/20/18 5:00",2.943,2018-11-20,"2018",324,"5",3.6996875,"arb5"
"11/20/18 6:00",3.049,2018-11-20,"2018",324,"6",3.8056875,"arb5"
"11/20/18 7:00",3.261,2018-11-20,"2018",324,"7",4.0176875,"arb5"
"11/20/18 8:00",2.73,2018-11-20,"2018",324,"8",3.4866875,"arb5"
"11/20/18 9:00",2.41,2018-11-20,"2018",324,"9",3.1666875,"arb5"
"11/20/18 10:00",3.472,2018-11-20,"2018",324,"10",4.2286875,"arb5"
"11/20/18 11:00",3.472,2018-11-20,"2018",324,"11",4.2286875,"arb5"
"11/20/18 12:00",4.207,2018-11-20,"2018",324,"12",4.9636875,"arb5"
"11/20/18 13:00",3.893,2018-11-20,"2018",324,"13",4.6496875,"arb5"
"11/20/18 14:00",3.893,2018-11-20,"2018",324,"14",4.6496875,"arb5"
"11/20/18 15:00",2.837,2018-11-20,"2018",324,"15",3.5936875,"arb5"
"11/20/18 16:00",1.764,2018-11-20,"2018",324,"16",2.5206875,"arb5"
"11/20/18 17:00",1.003,2018-11-20,"2018",324,"17",1.7596875,"arb5"
"11/20/18 18:00",0.563,2018-11-20,"2018",324,"18",1.3196875,"arb5"
"11/20/18 19:00",0.343,2018-11-20,"2018",324,"19",1.0996875,"arb5"
"11/20/18 20:00",0.453,2018-11-20,"2018",324,"20",1.2096875,"arb5"
"11/20/18 21:00",0.563,2018-11-20,"2018",324,"21",1.3196875,"arb5"
"11/20/18 22:00",-2.03,2018-11-20,"2018",324,"22",-1.2733125,"arb5"
"11/20/18 23:00",-1.341,2018-11-20,"2018",324,"23",-0.5843125,"arb5"
"11/21/18 0:00",-2.145,2018-11-21,"2018",325,"0",-1.3883125,"arb5"
"11/21/18 1:00",-1.114,2018-11-21,"2018",325,"1",-0.3573125,"arb5"
"11/21/18 2:00",-2.03,2018-11-21,"2018",325,"2",-1.2733125,"arb5"
"11/21/18 3:00",-2.494,2018-11-21,"2018",325,"3",-1.7373125,"arb5"
"11/21/18 4:00",-2.962,2018-11-21,"2018",325,"4",-2.2053125,"arb5"
"11/21/18 5:00",-3.911,2018-11-21,"2018",325,"5",-3.1543125,"arb5"
"11/21/18 6:00",-2.844,2018-11-21,"2018",325,"6",-2.0873125,"arb5"
"11/21/18 7:00",-3.316,2018-11-21,"2018",325,"7",-2.5593125,"arb5"
"11/21/18 8:00",-2.61,2018-11-21,"2018",325,"8",-1.8533125,"arb5"
"11/21/18 9:00",-0.437,2018-11-21,"2018",325,"9",0.3196875,"arb5"
"11/21/18 10:00",1.656,2018-11-21,"2018",325,"10",2.4126875,"arb5"
"11/21/18 11:00",4.623,2018-11-21,"2018",325,"11",5.3796875,"arb5"
"11/21/18 12:00",4.934,2018-11-21,"2018",325,"12",5.6906875,"arb5"
"11/21/18 13:00",6.978,2018-11-21,"2018",325,"13",7.7346875,"arb5"
"11/21/18 14:00",6.674,2018-11-21,"2018",325,"14",7.4306875,"arb5"
"11/21/18 15:00",7.381,2018-11-21,"2018",325,"15",8.1376875,"arb5"
"11/21/18 16:00",4.311,2018-11-21,"2018",325,"16",5.0676875,"arb5"
"11/21/18 17:00",3.155,2018-11-21,"2018",325,"17",3.9116875,"arb5"
"11/21/18 18:00",3.893,2018-11-21,"2018",325,"18",4.6496875,"arb5"
"11/21/18 19:00",1.33,2018-11-21,"2018",325,"19",2.0866875,"arb5"
"11/21/18 20:00",0.232,2018-11-21,"2018",325,"20",0.9886875,"arb5"
"11/21/18 21:00",-1.341,2018-11-21,"2018",325,"21",-0.5843125,"arb5"
"11/21/18 22:00",-2.377,2018-11-21,"2018",325,"22",-1.6203125,"arb5"
"11/21/18 23:00",-3.316,2018-11-21,"2018",325,"23",-2.5593125,"arb5"
"11/22/18 0:00",-5.125,2018-11-22,"2018",326,"0",-4.3683125,"arb5"
"11/22/18 1:00",-6.246,2018-11-22,"2018",326,"1",-5.4893125,"arb5"
"11/22/18 2:00",-7.397,2018-11-22,"2018",326,"2",-6.6403125,"arb5"
"11/22/18 3:00",-8.314,2018-11-22,"2018",326,"3",-7.5573125,"arb5"
"11/22/18 4:00",-8.982,2018-11-22,"2018",326,"4",-8.2253125,"arb5"
"11/22/18 5:00",-9.525,2018-11-22,"2018",326,"5",-8.7683125,"arb5"
"11/22/18 6:00",-10.353,2018-11-22,"2018",326,"6",-9.5963125,"arb5"
"11/22/18 7:00",-11.058,2018-11-22,"2018",326,"7",-10.3013125,"arb5"
"11/22/18 8:00",-11.631,2018-11-22,"2018",326,"8",-10.8743125,"arb5"
"11/22/18 9:00",-9.388,2018-11-22,"2018",326,"9",-8.6313125,"arb5"
"11/22/18 10:00",-5.745,2018-11-22,"2018",326,"10",-4.9883125,"arb5"
"11/22/18 11:00",-3.792,2018-11-22,"2018",326,"11",-3.0353125,"arb5"
"11/22/18 12:00",-5.995,2018-11-22,"2018",326,"12",-5.2383125,"arb5"
"11/22/18 13:00",-5.62,2018-11-22,"2018",326,"13",-4.8633125,"arb5"
"11/22/18 14:00",-0.887,2018-11-22,"2018",326,"14",-0.1303125,"arb5"
"11/22/18 15:00",-6.12,2018-11-22,"2018",326,"15",-5.3633125,"arb5"
"11/22/18 16:00",-7.918,2018-11-22,"2018",326,"16",-7.1613125,"arb5"
"11/22/18 17:00",-8.982,2018-11-22,"2018",326,"17",-8.2253125,"arb5"
"11/22/18 18:00",-9.252,2018-11-22,"2018",326,"18",-8.4953125,"arb5"
"11/22/18 19:00",-9.388,2018-11-22,"2018",326,"19",-8.6313125,"arb5"
"11/22/18 20:00",-9.799,2018-11-22,"2018",326,"20",-9.0423125,"arb5"
"11/22/18 21:00",-10.214,2018-11-22,"2018",326,"21",-9.4573125,"arb5"
"11/22/18 22:00",-10.493,2018-11-22,"2018",326,"22",-9.7363125,"arb5"
"11/22/18 23:00",-10.916,2018-11-22,"2018",326,"23",-10.1593125,"arb5"
"11/23/18 0:00",-10.916,2018-11-23,"2018",327,"0",-10.1593125,"arb5"
"11/23/18 1:00",-10.916,2018-11-23,"2018",327,"1",-10.1593125,"arb5"
"11/23/18 2:00",-11.344,2018-11-23,"2018",327,"2",-10.5873125,"arb5"
"11/23/18 3:00",-11.487,2018-11-23,"2018",327,"3",-10.7303125,"arb5"
"11/23/18 4:00",-11.922,2018-11-23,"2018",327,"4",-11.1653125,"arb5"
"11/23/18 5:00",-11.631,2018-11-23,"2018",327,"5",-10.8743125,"arb5"
"11/23/18 6:00",-11.922,2018-11-23,"2018",327,"6",-11.1653125,"arb5"
"11/23/18 7:00",-11.631,2018-11-23,"2018",327,"7",-10.8743125,"arb5"
"11/23/18 8:00",-11.487,2018-11-23,"2018",327,"8",-10.7303125,"arb5"
"11/23/18 9:00",-8.447,2018-11-23,"2018",327,"9",-7.6903125,"arb5"
"11/23/18 10:00",-3.911,2018-11-23,"2018",327,"10",-3.1543125,"arb5"
"11/23/18 11:00",0.893,2018-11-23,"2018",327,"11",1.6496875,"arb5"
"11/23/18 12:00",-1.684,2018-11-23,"2018",327,"12",-0.9273125,"arb5"
"11/23/18 13:00",0.232,2018-11-23,"2018",327,"13",0.9886875,"arb5"
"11/23/18 14:00",5.86,2018-11-23,"2018",327,"14",6.6166875,"arb5"
"11/23/18 15:00",0.01,2018-11-23,"2018",327,"15",0.7666875,"arb5"
"11/23/18 16:00",-1.456,2018-11-23,"2018",327,"16",-0.6993125,"arb5"
"11/23/18 17:00",-3.079,2018-11-23,"2018",327,"17",-2.3223125,"arb5"
"11/23/18 18:00",-5.87,2018-11-23,"2018",327,"18",-5.1133125,"arb5"
"11/23/18 19:00",-5.995,2018-11-23,"2018",327,"19",-5.2383125,"arb5"
"11/23/18 20:00",-5.496,2018-11-23,"2018",327,"20",-4.7393125,"arb5"
"11/23/18 21:00",-3.911,2018-11-23,"2018",327,"21",-3.1543125,"arb5"
"11/23/18 22:00",-4.031,2018-11-23,"2018",327,"22",-3.2743125,"arb5"
"11/23/18 23:00",-4.152,2018-11-23,"2018",327,"23",-3.3953125,"arb5"
"11/24/18 0:00",-4.636,2018-11-24,"2018",328,"0",-3.8793125,"arb5"
"11/24/18 1:00",-3.434,2018-11-24,"2018",328,"1",-2.6773125,"arb5"
"11/24/18 2:00",-3.316,2018-11-24,"2018",328,"2",-2.5593125,"arb5"
"11/24/18 3:00",-3.079,2018-11-24,"2018",328,"3",-2.3223125,"arb5"
"11/24/18 4:00",-4.272,2018-11-24,"2018",328,"4",-3.5153125,"arb5"
"11/24/18 5:00",-3.553,2018-11-24,"2018",328,"5",-2.7963125,"arb5"
"11/24/18 6:00",-4.272,2018-11-24,"2018",328,"6",-3.5153125,"arb5"
"11/24/18 7:00",-3.079,2018-11-24,"2018",328,"7",-2.3223125,"arb5"
"11/24/18 8:00",-2.61,2018-11-24,"2018",328,"8",-1.8533125,"arb5"
"11/24/18 9:00",-0.102,2018-11-24,"2018",328,"9",0.6546875,"arb5"
"11/24/18 10:00",2.624,2018-11-24,"2018",328,"10",3.3806875,"arb5"
"11/24/18 11:00",4.727,2018-11-24,"2018",328,"11",5.4836875,"arb5"
"11/24/18 12:00",6.674,2018-11-24,"2018",328,"12",7.4306875,"arb5"
"11/24/18 13:00",8.581,2018-11-24,"2018",328,"13",9.3376875,"arb5"
"11/24/18 14:00",13.173,2018-11-24,"2018",328,"14",13.9296875,"arb5"
"11/24/18 15:00",7.882,2018-11-24,"2018",328,"15",8.6386875,"arb5"
"11/24/18 16:00",6.978,2018-11-24,"2018",328,"16",7.7346875,"arb5"
"11/24/18 17:00",5.45,2018-11-24,"2018",328,"17",6.2066875,"arb5"
"11/24/18 18:00",2.303,2018-11-24,"2018",328,"18",3.0596875,"arb5"
"11/24/18 19:00",2.624,2018-11-24,"2018",328,"19",3.3806875,"arb5"
"11/24/18 20:00",1.656,2018-11-24,"2018",328,"20",2.4126875,"arb5"
"11/24/18 21:00",-0.549,2018-11-24,"2018",328,"21",0.2076875,"arb5"
"11/24/18 22:00",-0.662,2018-11-24,"2018",328,"22",0.0946874999999998,"arb5"
"11/24/18 23:00",0.893,2018-11-24,"2018",328,"23",1.6496875,"arb5"
"11/25/18 0:00",1.112,2018-11-25,"2018",329,"0",1.8686875,"arb5"
"11/25/18 1:00",1.764,2018-11-25,"2018",329,"1",2.5206875,"arb5"
"11/25/18 2:00",2.195,2018-11-25,"2018",329,"2",2.9516875,"arb5"
"11/25/18 3:00",3.998,2018-11-25,"2018",329,"3",4.7546875,"arb5"
"11/25/18 4:00",3.788,2018-11-25,"2018",329,"4",4.5446875,"arb5"
"11/25/18 5:00",3.998,2018-11-25,"2018",329,"5",4.7546875,"arb5"
"11/25/18 6:00",6.37,2018-11-25,"2018",329,"6",7.1266875,"arb5"
"11/25/18 7:00",7.079,2018-11-25,"2018",329,"7",7.8356875,"arb5"
"11/25/18 8:00",6.978,2018-11-25,"2018",329,"8",7.7346875,"arb5"
"11/25/18 9:00",7.381,2018-11-25,"2018",329,"9",8.1376875,"arb5"
"11/25/18 10:00",8.481,2018-11-25,"2018",329,"10",9.2376875,"arb5"
"11/25/18 11:00",6.877,2018-11-25,"2018",329,"11",7.6336875,"arb5"
"11/25/18 12:00",6.37,2018-11-25,"2018",329,"12",7.1266875,"arb5"
"11/25/18 13:00",8.779,2018-11-25,"2018",329,"13",9.5356875,"arb5"
"11/25/18 14:00",7.582,2018-11-25,"2018",329,"14",8.3386875,"arb5"
"11/25/18 15:00",7.28,2018-11-25,"2018",329,"15",8.0366875,"arb5"
"11/25/18 16:00",6.674,2018-11-25,"2018",329,"16",7.4306875,"arb5"
"11/25/18 17:00",6.166,2018-11-25,"2018",329,"17",6.9226875,"arb5"
"11/25/18 18:00",5.86,2018-11-25,"2018",329,"18",6.6166875,"arb5"
"11/25/18 19:00",5.655,2018-11-25,"2018",329,"19",6.4116875,"arb5"
"11/25/18 20:00",4.831,2018-11-25,"2018",329,"20",5.5876875,"arb5"
"11/25/18 21:00",4.623,2018-11-25,"2018",329,"21",5.3796875,"arb5"
"11/25/18 22:00",4.415,2018-11-25,"2018",329,"22",5.1716875,"arb5"
"11/25/18 23:00",4.415,2018-11-25,"2018",329,"23",5.1716875,"arb5"
"11/26/18 0:00",3.998,2018-11-26,"2018",330,"0",4.7546875,"arb5"
"11/26/18 1:00",4.102,2018-11-26,"2018",330,"1",4.8586875,"arb5"
"11/26/18 2:00",3.998,2018-11-26,"2018",330,"2",4.7546875,"arb5"
"11/26/18 3:00",4.102,2018-11-26,"2018",330,"3",4.8586875,"arb5"
"11/26/18 4:00",5.244,2018-11-26,"2018",330,"4",6.0006875,"arb5"
"11/26/18 5:00",4.934,2018-11-26,"2018",330,"5",5.6906875,"arb5"
"11/26/18 6:00",4.519,2018-11-26,"2018",330,"6",5.2756875,"arb5"
"11/26/18 7:00",4.415,2018-11-26,"2018",330,"7",5.1716875,"arb5"
"11/26/18 8:00",5.037,2018-11-26,"2018",330,"8",5.7936875,"arb5"
"11/26/18 9:00",5.552,2018-11-26,"2018",330,"9",6.3086875,"arb5"
"11/26/18 10:00",6.573,2018-11-26,"2018",330,"10",7.3296875,"arb5"
"11/26/18 11:00",7.882,2018-11-26,"2018",330,"11",8.6386875,"arb5"
"11/26/18 12:00",8.082,2018-11-26,"2018",330,"12",8.8386875,"arb5"
"11/26/18 13:00",8.082,2018-11-26,"2018",330,"13",8.8386875,"arb5"
"11/26/18 14:00",7.782,2018-11-26,"2018",330,"14",8.5386875,"arb5"
"11/26/18 15:00",7.782,2018-11-26,"2018",330,"15",8.5386875,"arb5"
"11/26/18 16:00",7.682,2018-11-26,"2018",330,"16",8.4386875,"arb5"
"11/26/18 17:00",7.079,2018-11-26,"2018",330,"17",7.8356875,"arb5"
"11/26/18 18:00",6.877,2018-11-26,"2018",330,"18",7.6336875,"arb5"
"11/26/18 19:00",6.166,2018-11-26,"2018",330,"19",6.9226875,"arb5"
"11/26/18 20:00",6.37,2018-11-26,"2018",330,"20",7.1266875,"arb5"
"11/26/18 21:00",6.166,2018-11-26,"2018",330,"21",6.9226875,"arb5"
"11/26/18 22:00",5.655,2018-11-26,"2018",330,"22",6.4116875,"arb5"
"11/26/18 23:00",5.962,2018-11-26,"2018",330,"23",6.7186875,"arb5"
"11/27/18 0:00",5.86,2018-11-27,"2018",331,"0",6.6166875,"arb5"
"11/27/18 1:00",5.552,2018-11-27,"2018",331,"1",6.3086875,"arb5"
"11/27/18 2:00",5.45,2018-11-27,"2018",331,"2",6.2066875,"arb5"
"11/27/18 3:00",5.962,2018-11-27,"2018",331,"3",6.7186875,"arb5"
"11/27/18 4:00",6.166,2018-11-27,"2018",331,"4",6.9226875,"arb5"
"11/27/18 5:00",6.573,2018-11-27,"2018",331,"5",7.3296875,"arb5"
"11/27/18 6:00",7.179,2018-11-27,"2018",331,"6",7.9356875,"arb5"
"11/27/18 7:00",7.682,2018-11-27,"2018",331,"7",8.4386875,"arb5"
"11/27/18 8:00",7.582,2018-11-27,"2018",331,"8",8.3386875,"arb5"
"11/27/18 9:00",6.877,2018-11-27,"2018",331,"9",7.6336875,"arb5"
"11/27/18 10:00",5.86,2018-11-27,"2018",331,"10",6.6166875,"arb5"
"11/27/18 11:00",5.45,2018-11-27,"2018",331,"11",6.2066875,"arb5"
"11/27/18 12:00",4.831,2018-11-27,"2018",331,"12",5.5876875,"arb5"
"11/27/18 13:00",5.757,2018-11-27,"2018",331,"13",6.5136875,"arb5"
"11/27/18 14:00",11.139,2018-11-27,"2018",331,"14",11.8956875,"arb5"
"11/27/18 15:00",6.573,2018-11-27,"2018",331,"15",7.3296875,"arb5"
"11/27/18 16:00",6.064,2018-11-27,"2018",331,"16",6.8206875,"arb5"
"11/27/18 17:00",3.893,2018-11-27,"2018",331,"17",4.6496875,"arb5"
"11/27/18 18:00",3.049,2018-11-27,"2018",331,"18",3.8056875,"arb5"
"11/27/18 19:00",2.837,2018-11-27,"2018",331,"19",3.5936875,"arb5"
"11/27/18 20:00",2.73,2018-11-27,"2018",331,"20",3.4866875,"arb5"
"11/27/18 21:00",2.41,2018-11-27,"2018",331,"21",3.1666875,"arb5"
"11/27/18 22:00",1.548,2018-11-27,"2018",331,"22",2.3046875,"arb5"
"11/27/18 23:00",0.563,2018-11-27,"2018",331,"23",1.3196875,"arb5"
"11/28/18 0:00",-0.437,2018-11-28,"2018",332,"0",0.3196875,"arb5"
"11/28/18 1:00",0.232,2018-11-28,"2018",332,"1",0.9886875,"arb5"
"11/28/18 2:00",0.674,2018-11-28,"2018",332,"2",1.4306875,"arb5"
"11/28/18 3:00",1.221,2018-11-28,"2018",332,"3",1.9776875,"arb5"
"11/28/18 4:00",-0.102,2018-11-28,"2018",332,"4",0.6546875,"arb5"
"11/28/18 5:00",-1.684,2018-11-28,"2018",332,"5",-0.9273125,"arb5"
"11/28/18 6:00",-0.437,2018-11-28,"2018",332,"6",0.3196875,"arb5"
"11/28/18 7:00",0.343,2018-11-28,"2018",332,"7",1.0996875,"arb5"
"11/28/18 8:00",0.893,2018-11-28,"2018",332,"8",1.6496875,"arb5"
"11/28/18 9:00",1.656,2018-11-28,"2018",332,"9",2.4126875,"arb5"
"11/28/18 10:00",5.244,2018-11-28,"2018",332,"10",6.0006875,"arb5"
"11/28/18 11:00",8.978,2018-11-28,"2018",332,"11",9.7346875,"arb5"
"11/28/18 12:00",7.381,2018-11-28,"2018",332,"12",8.1376875,"arb5"
"11/28/18 13:00",6.166,2018-11-28,"2018",332,"13",6.9226875,"arb5"
"11/28/18 14:00",6.471,2018-11-28,"2018",332,"14",7.2276875,"arb5"
"11/28/18 15:00",5.757,2018-11-28,"2018",332,"15",6.5136875,"arb5"
"11/28/18 16:00",5.347,2018-11-28,"2018",332,"16",6.1036875,"arb5"
"11/28/18 17:00",5.037,2018-11-28,"2018",332,"17",5.7936875,"arb5"
"11/28/18 18:00",4.102,2018-11-28,"2018",332,"18",4.8586875,"arb5"
"11/28/18 19:00",3.788,2018-11-28,"2018",332,"19",4.5446875,"arb5"
"11/28/18 20:00",2.943,2018-11-28,"2018",332,"20",3.6996875,"arb5"
"11/28/18 21:00",2.303,2018-11-28,"2018",332,"21",3.0596875,"arb5"
"11/28/18 22:00",2.195,2018-11-28,"2018",332,"22",2.9516875,"arb5"
"11/28/18 23:00",1.656,2018-11-28,"2018",332,"23",2.4126875,"arb5"
"11/29/18 0:00",1.656,2018-11-29,"2018",333,"0",2.4126875,"arb5"
"11/29/18 1:00",2.517,2018-11-29,"2018",333,"1",3.2736875,"arb5"
"11/29/18 2:00",3.049,2018-11-29,"2018",333,"2",3.8056875,"arb5"
"11/29/18 3:00",1.98,2018-11-29,"2018",333,"3",2.7366875,"arb5"
"11/29/18 4:00",2.195,2018-11-29,"2018",333,"4",2.9516875,"arb5"
"11/29/18 5:00",2.303,2018-11-29,"2018",333,"5",3.0596875,"arb5"
"11/29/18 6:00",1.98,2018-11-29,"2018",333,"6",2.7366875,"arb5"
"11/29/18 7:00",1.98,2018-11-29,"2018",333,"7",2.7366875,"arb5"
"11/29/18 8:00",2.195,2018-11-29,"2018",333,"8",2.9516875,"arb5"
"11/29/18 9:00",4.207,2018-11-29,"2018",333,"9",4.9636875,"arb5"
"11/29/18 10:00",7.079,2018-11-29,"2018",333,"10",7.8356875,"arb5"
"11/29/18 11:00",11.334,2018-11-29,"2018",333,"11",12.0906875,"arb5"
"11/29/18 12:00",10.259,2018-11-29,"2018",333,"12",11.0156875,"arb5"
"11/29/18 13:00",8.382,2018-11-29,"2018",333,"13",9.1386875,"arb5"
"11/29/18 14:00",8.481,2018-11-29,"2018",333,"14",9.2376875,"arb5"
"11/29/18 15:00",6.471,2018-11-29,"2018",333,"15",7.2276875,"arb5"
"11/29/18 16:00",6.166,2018-11-29,"2018",333,"16",6.9226875,"arb5"
"11/29/18 17:00",5.037,2018-11-29,"2018",333,"17",5.7936875,"arb5"
"11/29/18 18:00",3.788,2018-11-29,"2018",333,"18",4.5446875,"arb5"
"11/29/18 19:00",3.261,2018-11-29,"2018",333,"19",4.0176875,"arb5"
"11/29/18 20:00",3.049,2018-11-29,"2018",333,"20",3.8056875,"arb5"
"11/29/18 21:00",2.517,2018-11-29,"2018",333,"21",3.2736875,"arb5"
"11/29/18 22:00",1.548,2018-11-29,"2018",333,"22",2.3046875,"arb5"
"11/29/18 23:00",1.656,2018-11-29,"2018",333,"23",2.4126875,"arb5"
"11/30/18 0:00",-1.341,2018-11-30,"2018",334,"0",-0.5843125,"arb5"
"11/30/18 1:00",-2.61,2018-11-30,"2018",334,"1",-1.8533125,"arb5"
"11/30/18 2:00",-3.434,2018-11-30,"2018",334,"2",-2.6773125,"arb5"
"11/30/18 3:00",-3.672,2018-11-30,"2018",334,"3",-2.9153125,"arb5"
"11/30/18 4:00",-3.792,2018-11-30,"2018",334,"4",-3.0353125,"arb5"
"11/30/18 5:00",-4.152,2018-11-30,"2018",334,"5",-3.3953125,"arb5"
"11/30/18 6:00",-4.636,2018-11-30,"2018",334,"6",-3.8793125,"arb5"
"11/30/18 7:00",-4.514,2018-11-30,"2018",334,"7",-3.7573125,"arb5"
"11/30/18 8:00",-4.88,2018-11-30,"2018",334,"8",-4.1233125,"arb5"
"11/30/18 9:00",-2.494,2018-11-30,"2018",334,"9",-1.7373125,"arb5"
"11/30/18 10:00",2.088,2018-11-30,"2018",334,"10",2.8446875,"arb5"
"11/30/18 11:00",5.757,2018-11-30,"2018",334,"11",6.5136875,"arb5"
"11/30/18 12:00",8.282,2018-11-30,"2018",334,"12",9.0386875,"arb5"
"11/30/18 13:00",8.779,2018-11-30,"2018",334,"13",9.5356875,"arb5"
"11/30/18 14:00",5.86,2018-11-30,"2018",334,"14",6.6166875,"arb5"
"11/30/18 15:00",4.623,2018-11-30,"2018",334,"15",5.3796875,"arb5"
"11/30/18 16:00",5.141,2018-11-30,"2018",334,"16",5.8976875,"arb5"
"11/30/18 17:00",4.102,2018-11-30,"2018",334,"17",4.8586875,"arb5"
"11/30/18 18:00",3.261,2018-11-30,"2018",334,"18",4.0176875,"arb5"
"11/30/18 19:00",3.261,2018-11-30,"2018",334,"19",4.0176875,"arb5"
"11/30/18 20:00",3.049,2018-11-30,"2018",334,"20",3.8056875,"arb5"
"11/30/18 21:00",2.73,2018-11-30,"2018",334,"21",3.4866875,"arb5"
"11/30/18 22:00",2.41,2018-11-30,"2018",334,"22",3.1666875,"arb5"
"11/30/18 23:00",1.003,2018-11-30,"2018",334,"23",1.7596875,"arb5"
"12/1/18 0:00",-1.684,2018-12-01,"2018",335,"0",-0.9273125,"arb5"
"12/1/18 1:00",-2.03,2018-12-01,"2018",335,"1",-1.2733125,"arb5"
"12/1/18 2:00",0.121,2018-12-01,"2018",335,"2",0.8776875,"arb5"
"12/1/18 3:00",0.232,2018-12-01,"2018",335,"3",0.9886875,"arb5"
"12/1/18 4:00",0.121,2018-12-01,"2018",335,"4",0.8776875,"arb5"
"12/1/18 5:00",-1.914,2018-12-01,"2018",335,"5",-1.1573125,"arb5"
"12/1/18 6:00",-2.61,2018-12-01,"2018",335,"6",-1.8533125,"arb5"
"12/1/18 7:00",-2.844,2018-12-01,"2018",335,"7",-2.0873125,"arb5"
"12/1/18 8:00",-2.145,2018-12-01,"2018",335,"8",-1.3883125,"arb5"
"12/1/18 9:00",0.893,2018-12-01,"2018",335,"9",1.6496875,"arb5"
"12/1/18 10:00",4.207,2018-12-01,"2018",335,"10",4.9636875,"arb5"
"12/1/18 11:00",6.37,2018-12-01,"2018",335,"11",7.1266875,"arb5"
"12/1/18 12:00",6.573,2018-12-01,"2018",335,"12",7.3296875,"arb5"
"12/1/18 13:00",11.625,2018-12-01,"2018",335,"13",12.3816875,"arb5"
"12/1/18 14:00",10.944,2018-12-01,"2018",335,"14",11.7006875,"arb5"
"12/1/18 15:00",6.775,2018-12-01,"2018",335,"15",7.5316875,"arb5"
"12/1/18 16:00",4.519,2018-12-01,"2018",335,"16",5.2756875,"arb5"
"12/1/18 17:00",2.195,2018-12-01,"2018",335,"17",2.9516875,"arb5"
"12/1/18 18:00",0.563,2018-12-01,"2018",335,"18",1.3196875,"arb5"
"12/1/18 19:00",-1.001,2018-12-01,"2018",335,"19",-0.2443125,"arb5"
"12/1/18 20:00",-2.145,2018-12-01,"2018",335,"20",-1.3883125,"arb5"
"12/1/18 21:00",-1.799,2018-12-01,"2018",335,"21",-1.0423125,"arb5"
"12/1/18 22:00",-0.325,2018-12-01,"2018",335,"22",0.4316875,"arb5"
"12/1/18 23:00",0.674,2018-12-01,"2018",335,"23",1.4306875,"arb5"
"12/2/18 0:00",0.784,2018-12-02,"2018",336,"0",1.5406875,"arb5"
"12/2/18 1:00",1.33,2018-12-02,"2018",336,"1",2.0866875,"arb5"
"12/2/18 2:00",2.088,2018-12-02,"2018",336,"2",2.8446875,"arb5"
"12/2/18 3:00",2.73,2018-12-02,"2018",336,"3",3.4866875,"arb5"
"12/2/18 4:00",3.049,2018-12-02,"2018",336,"4",3.8056875,"arb5"
"12/2/18 5:00",3.049,2018-12-02,"2018",336,"5",3.8056875,"arb5"
"12/2/18 6:00",3.472,2018-12-02,"2018",336,"6",4.2286875,"arb5"
"12/2/18 7:00",3.998,2018-12-02,"2018",336,"7",4.7546875,"arb5"
"12/2/18 8:00",4.623,2018-12-02,"2018",336,"8",5.3796875,"arb5"
"12/2/18 9:00",5.552,2018-12-02,"2018",336,"9",6.3086875,"arb5"
"12/2/18 10:00",6.268,2018-12-02,"2018",336,"10",7.0246875,"arb5"
"12/2/18 11:00",7.179,2018-12-02,"2018",336,"11",7.9356875,"arb5"
"12/2/18 12:00",8.481,2018-12-02,"2018",336,"12",9.2376875,"arb5"
"12/2/18 13:00",8.879,2018-12-02,"2018",336,"13",9.6356875,"arb5"
"12/2/18 14:00",10.357,2018-12-02,"2018",336,"14",11.1136875,"arb5"
"12/2/18 15:00",10.259,2018-12-02,"2018",336,"15",11.0156875,"arb5"
"12/2/18 16:00",10.161,2018-12-02,"2018",336,"16",10.9176875,"arb5"
"12/2/18 17:00",9.275,2018-12-02,"2018",336,"17",10.0316875,"arb5"
"12/2/18 18:00",8.978,2018-12-02,"2018",336,"18",9.7346875,"arb5"
"12/2/18 19:00",8.779,2018-12-02,"2018",336,"19",9.5356875,"arb5"
"12/2/18 20:00",8.581,2018-12-02,"2018",336,"20",9.3376875,"arb5"
"12/2/18 21:00",8.082,2018-12-02,"2018",336,"21",8.8386875,"arb5"
"12/2/18 22:00",7.582,2018-12-02,"2018",336,"22",8.3386875,"arb5"
"12/2/18 23:00",7.381,2018-12-02,"2018",336,"23",8.1376875,"arb5"
"12/3/18 0:00",7.28,2018-12-03,"2018",337,"0",8.0366875,"arb5"
"12/3/18 1:00",7.28,2018-12-03,"2018",337,"1",8.0366875,"arb5"
"12/3/18 2:00",7.28,2018-12-03,"2018",337,"2",8.0366875,"arb5"
"12/3/18 3:00",7.079,2018-12-03,"2018",337,"3",7.8356875,"arb5"
"12/3/18 4:00",7.381,2018-12-03,"2018",337,"4",8.1376875,"arb5"
"12/3/18 5:00",7.28,2018-12-03,"2018",337,"5",8.0366875,"arb5"
"12/3/18 6:00",7.582,2018-12-03,"2018",337,"6",8.3386875,"arb5"
"12/3/18 7:00",9.176,2018-12-03,"2018",337,"7",9.9326875,"arb5"
"12/3/18 8:00",9.373,2018-12-03,"2018",337,"8",10.1296875,"arb5"
"12/3/18 9:00",9.669,2018-12-03,"2018",337,"9",10.4256875,"arb5"
"12/3/18 10:00",10.748,2018-12-03,"2018",337,"10",11.5046875,"arb5"
"12/3/18 11:00",11.722,2018-12-03,"2018",337,"11",12.4786875,"arb5"
"12/3/18 12:00",16.808,2018-12-03,"2018",337,"12",17.5646875,"arb5"
"12/3/18 13:00",13.365,2018-12-03,"2018",337,"13",14.1216875,"arb5"
"12/3/18 14:00",12.69,2018-12-03,"2018",337,"14",13.4466875,"arb5"
"12/3/18 15:00",12.013,2018-12-03,"2018",337,"15",12.7696875,"arb5"
"12/3/18 16:00",11.916,2018-12-03,"2018",337,"16",12.6726875,"arb5"
"12/3/18 17:00",9.472,2018-12-03,"2018",337,"17",10.2286875,"arb5"
"12/3/18 18:00",8.282,2018-12-03,"2018",337,"18",9.0386875,"arb5"
"12/3/18 19:00",7.381,2018-12-03,"2018",337,"19",8.1376875,"arb5"
"12/3/18 20:00",6.166,2018-12-03,"2018",337,"20",6.9226875,"arb5"
"12/3/18 21:00",5.45,2018-12-03,"2018",337,"21",6.2066875,"arb5"
"12/3/18 22:00",5.552,2018-12-03,"2018",337,"22",6.3086875,"arb5"
"12/3/18 23:00",6.37,2018-12-03,"2018",337,"23",7.1266875,"arb5"
"12/4/18 0:00",5.141,2018-12-04,"2018",338,"0",5.8976875,"arb5"
"12/4/18 1:00",5.141,2018-12-04,"2018",338,"1",5.8976875,"arb5"
"12/4/18 2:00",4.311,2018-12-04,"2018",338,"2",5.0676875,"arb5"
"12/4/18 3:00",3.049,2018-12-04,"2018",338,"3",3.8056875,"arb5"
"12/4/18 4:00",1.003,2018-12-04,"2018",338,"4",1.7596875,"arb5"
"12/4/18 5:00",0.343,2018-12-04,"2018",338,"5",1.0996875,"arb5"
"12/4/18 6:00",0.453,2018-12-04,"2018",338,"6",1.2096875,"arb5"
"12/4/18 7:00",0.01,2018-12-04,"2018",338,"7",0.7666875,"arb5"
"12/4/18 8:00",-0.102,2018-12-04,"2018",338,"8",0.6546875,"arb5"
"12/4/18 9:00",2.088,2018-12-04,"2018",338,"9",2.8446875,"arb5"
"12/4/18 10:00",2.943,2018-12-04,"2018",338,"10",3.6996875,"arb5"
"12/4/18 11:00",2.837,2018-12-04,"2018",338,"11",3.5936875,"arb5"
"12/4/18 12:00",5.86,2018-12-04,"2018",338,"12",6.6166875,"arb5"
"12/4/18 13:00",7.882,2018-12-04,"2018",338,"13",8.6386875,"arb5"
"12/4/18 14:00",11.431,2018-12-04,"2018",338,"14",12.1876875,"arb5"
